Accession	Protein_id	Product_name	Note	Codon_start
AY954969	AAX92092.1	ORF010	G1ORF010	1
AY954969	AAX92122.1	ORF040	G1ORF040	1
AY954969	AAX92273.1	ORF235	G1ORF235	1
AY954969	AAX92172.1	ORF091	G1ORF091	1
AY954969	AAX92105.1	ORF023	G1ORF023	1
AY954969	AAX92191.1	ORF112	G1ORF112	1
AY954969	AAX92198.1	ORF120	G1ORF120	1
AY954969	AAX92194.1	ORF115	G1ORF115	1
AY954969	AAX92096.1	ORF014	G1ORF014	1
AY954969	AAX92130.1	ORF048	G1ORF048	1
AY954969	AAX92111.1	ORF029	G1ORF029	1
AY954969	AAX92098.1	ORF016	G1ORF016	1
AY954969	AAX92224.1	ORF151	G1ORF151	1
AY954969	AAX92112.1	ORF030	G1ORF030	1
AY954969	AAX92116.1	ORF034	G1ORF034	1
AY954969	AAX92144.1	ORF062	G1ORF062	1
AY954969	AAX92121.1	ORF039	G1ORF039	1
AY954969	AAX92256.1	ORF202	G1ORF202	1
AY954969	AAX92093.1	ORF011	G1ORF011	1
AY954969	AAX92184.1	ORF105	G1ORF105	1
AY954969	AAX92286.1	ORF293	G1ORF293	1
AY954969	AAX92174.1	ORF093	G1ORF093	1
AY954969	AAX92260.1	ORF215	G1ORF215	1
AY954969	AAX92215.1	ORF141	G1ORF141	1
AY954969	AAX92176.1	ORF095	G1ORF095	1
AY954969	AAX92155.1	ORF074	G1ORF074	1
AY954969	AAX92083.1	ORF001	G1ORF001	1
AY954969	AAX92289.1	ORF311	G1ORF311	1
AY954969	AAX92285.1	ORF285	G1ORF285	1
AY954969	AAX92087.1	ORF005	G1ORF005	1
AY954969	AAX92115.1	ORF033	G1ORF033	1
AY954969	AAX92086.1	ORF004	G1ORF004	1
AY954969	AAX92125.1	ORF043	G1ORF043	1
AY954969	AAX92159.1	ORF078	G1ORF078	1
AY954969	AAX92134.1	ORF052	G1ORF052	1
AY954969	AAX92109.1	ORF027	G1ORF027	1
AY954969	AAX92085.1	ORF003	G1ORF003	1
AY954969	AAX92160.1	ORF079	G1ORF079	1
AY954969	AAX92084.1	ORF002	G1ORF002	1
AY954969	AAX92283.1	ORF262	G1ORF262	1
AY954969	AAX92090.1	ORF008	G1ORF008	1
AY954969	AAX92195.1	ORF117	G1ORF117	1
AY954969	AAX92099.1	ORF017	G1ORF017	1
AY954969	AAX92094.1	ORF012	G1ORF012	1
AY954969	AAX92095.1	ORF013	G1ORF013	1
AY954969	AAX92097.1	ORF015	G1ORF015	1
AY954969	AAX92110.1	ORF028	G1ORF028	1
AY954969	AAX92189.1	ORF110	G1ORF110	1
AY954969	AAX92091.1	ORF009	G1ORF009	1
AY954969	AAX92149.1	ORF067	G1ORF067	1
AY954969	AAX92108.1	ORF026	G1ORF026	1
AY954969	AAX92203.1	ORF127	G1ORF127	1
AY954969	AAX92178.1	ORF098	G1ORF098	1
AY954969	AAX92146.1	ORF064	G1ORF064	1
AY954969	AAX92181.1	ORF102	G1ORF102	1
AY954969	AAX92088.1	ORF006	G1ORF006	1
AY954969	AAX92107.1	ORF025	G1ORF025	1
AY954969	AAX92206.1	ORF130	G1ORF130	1
AY954969	AAX92205.1	ORF129	G1ORF129	1
AY954969	AAX92148.1	ORF066	G1ORF066	1
AY954969	AAX92221.1	ORF147	G1ORF147	1
AY954969	AAX92117.1	ORF035	G1ORF035	1
AY954969	AAX92162.1	ORF081	G1ORF081	1
AY954969	AAX92101.1	ORF019	G1ORF019	1
AY954969	AAX92293.1	ORF388	G1ORF388	1
AY954969	AAX92123.1	ORF041	G1ORF041	1
AY954969	AAX92119.1	ORF037	G1ORF037	1
AY954969	AAX92246.1	ORF181	G1ORF181	1
AY954969	AAX92170.1	ORF089	G1ORF089	1
AY954969	AAX92102.1	ORF020	G1ORF020	1
AY954969	AAX92103.1	ORF021	G1ORF021	1
AY954969	AAX92199.1	ORF121	G1ORF121	1
AY954969	AAX92138.1	ORF056	G1ORF056	1
AY954969	AAX92141.1	ORF059	G1ORF059	1
AY954969	AAX92161.1	ORF080	G1ORF080	1
AY954969	AAX92251.1	ORF189	G1ORF189	1
AY954969	AAX92242.1	ORF174	G1ORF174	1
AY954969	AAX92128.1	ORF046	G1ORF046	1
AY954969	AAX92104.1	ORF022	G1ORF022	1
AY954969	AAX92196.1	ORF118	G1ORF118	1
AY954969	AAX92217.1	ORF143	G1ORF143	1
AY954969	AAX92156.1	ORF075	G1ORF075	1
AY954969	AAX92127.1	ORF045	G1ORF045	1
AY954969	AAX92179.1	ORF099	G1ORF099	1
AY954969	AAX92118.1	ORF036	G1ORF036	1
AY954969	AAX92129.1	ORF047	G1ORF047	1
AY954969	AAX92175.1	ORF094	G1ORF094	1
AY954969	AAX92180.1	ORF100	G1ORF100	1
AY954969	AAX92135.1	ORF053	G1ORF053	1
AY954969	AAX92187.1	ORF108	G1ORF108	1
AY954969	AAX92247.1	ORF182	G1ORF182	1
AY954969	AAX92280.1	ORF252	G1ORF252	1
AY954969	AAX92276.1	ORF240	G1ORF240	1
AY954969	AAX92157.1	ORF076	G1ORF076	1
AY954969	AAX92277.1	ORF241	G1ORF241	1
AY954969	AAX92225.1	ORF152	G1ORF152	1
AY954969	AAX92263.1	ORF219	G1ORF219	1
AY954969	AAX92197.1	ORF119	G1ORF119	1
AY954969	AAX92201.1	ORF124	G1ORF124	1
AY954969	AAX92233.1	ORF162	G1ORF162	1
AY954969	AAX92214.1	ORF140	G1ORF140	1
AY954969	AAX92200.1	ORF122	G1ORF122	1
AY954969	AAX92147.1	ORF065	G1ORF065	1
AY954969	AAX92275.1	ORF237	G1ORF237	1
AY954969	AAX92186.1	ORF107	G1ORF107	1
AY954969	AAX92241.1	ORF173	G1ORF173	1
AY954969	AAX92291.1	ORF333	G1ORF333	1
AY954969	AAX92229.1	ORF157	G1ORF157	1
AY954969	AAX92292.1	ORF362	G1ORF362	1
AY954969	AAX92238.1	ORF170	G1ORF170	1
AY954969	AAX92274.1	ORF236	G1ORF236	1
AY954969	AAX92239.1	ORF171	G1ORF171	1
AY954969	AAX92211.1	ORF137	G1ORF137	1
AY954969	AAX92261.1	ORF216	G1ORF216	1
AY954969	AAX92137.1	ORF055	G1ORF055	1
AY954969	AAX92284.1	ORF263	G1ORF263	1
AY954969	AAX92259.1	ORF211	G1ORF211	1
AY954969	AAX92227.1	ORF155	G1ORF155	1
AY954969	AAX92218.1	ORF144	G1ORF144	1
AY954969	AAX92113.1	ORF031	G1ORF031	1
AY954969	AAX92100.1	ORF018	G1ORF018	1
AY954969	AAX92244.1	ORF178	G1ORF178	1
AY954969	AAX92192.1	ORF113	G1ORF113	1
AY954969	AAX92253.1	ORF194	G1ORF194	1
AY954969	AAX92216.1	ORF142	G1ORF142	1
AY954969	AAX92163.1	ORF082	G1ORF082	1
AY954969	AAX92207.1	ORF131	G1ORF131	1
AY954969	AAX92213.1	ORF139	G1ORF139	1
AY954969	AAX92267.1	ORF225	G1ORF225	1
AY954969	AAX92295.1	ORF445	G1ORF445	1
AY954969	AAX92223.1	ORF150	G1ORF150	1
AY954969	AAX92270.1	ORF231	G1ORF231	1
AY954969	AAX92228.1	ORF156	G1ORF156	1
AY954969	AAX92230.1	ORF158	G1ORF158	1
AY954969	AAX92226.1	ORF154	G1ORF154	1
AY954969	AAX92243.1	ORF175	G1ORF175	1
AY954969	AAX92248.1	ORF183	G1ORF183	1
AY954969	AAX92202.1	ORF125	G1ORF125	1
AY954969	AAX92204.1	ORF128	G1ORF128	1
AY954969	AAX92219.1	ORF145	G1ORF145	1
AY954969	AAX92231.1	ORF159	G1ORF159	1
AY954969	AAX92264.1	ORF221	G1ORF221	1
AY954969	AAX92290.1	ORF312	G1ORF312	1
AY954969	AAX92166.1	ORF085	G1ORF085	1
AY954969	AAX92287.1	ORF297	G1ORF297	1
AY954969	AAX92210.1	ORF135	G1ORF135	1
AY954969	AAX92173.1	ORF092	G1ORF092	1
AY954969	AAX92272.1	ORF234	G1ORF234	1
AY954969	AAX92279.1	ORF247	G1ORF247	1
AY954969	AAX92235.1	ORF166	G1ORF166	1
AY954969	AAX92268.1	ORF226	G1ORF226	1
AY954969	AAX92296.1	ORF450	G1ORF450	1
AY954969	AAX92249.1	ORF184	G1ORF184	1
AY954969	AAX92169.1	ORF088	G1ORF088	1
AY954969	AAX92188.1	ORF109	G1ORF109	1
AY954969	AAX92182.1	ORF103	G1ORF103	1
AY954969	AAX92266.1	ORF224	G1ORF224	1
AY954969	AAX92168.1	ORF087	G1ORF087	1
AY954969	AAX92183.1	ORF104	G1ORF104	1
AY954969	AAX92154.1	ORF073	G1ORF073	1
AY954969	AAX92167.1	ORF086	G1ORF086	1
AY954969	AAX92190.1	ORF111	G1ORF111	1
AY954969	AAX92133.1	ORF051	G1ORF051	1
AY954969	AAX92151.1	ORF070	G1ORF070	1
AY954969	AAX92212.1	ORF138	G1ORF138	1
AY954969	AAX92152.1	ORF071	G1ORF071	1
AY954969	AAX92255.1	ORF201	G1ORF201	1
AY954969	AAX92262.1	ORF218	G1ORF218	1
AY954969	AAX92132.1	ORF050	G1ORF050	1
AY954969	AAX92294.1	ORF437	G1ORF437	1
AY954969	AAX92245.1	ORF180	G1ORF180	1
AY954969	AAX92193.1	ORF114	G1ORF114	1
AY954969	AAX92278.1	ORF245	G1ORF245	1
AY954969	AAX92171.1	ORF090	G1ORF090	1
AY954969	AAX92153.1	ORF072	G1ORF072	1
AY954969	AAX92158.1	ORF077	G1ORF077	1
AY954969	AAX92281.1	ORF256	G1ORF256	1
AY954969	AAX92234.1	ORF163	G1ORF163	1
AY954969	AAX92120.1	ORF038	G1ORF038	1
AY954969	AAX92106.1	ORF024	G1ORF024	1
AY954969	AAX92209.1	ORF134	G1ORF134	1
AY954969	AAX92185.1	ORF106	G1ORF106	1
AY954969	AAX92222.1	ORF149	G1ORF149	1
AY954969	AAX92269.1	ORF228	G1ORF228	1
AY954969	AAX92282.1	ORF259	G1ORF259	1
AY954969	AAX92089.1	ORF007	G1ORF007	1
AY954969	AAX92288.1	ORF309	G1ORF309	1
AY954969	AAX92240.1	ORF172	G1ORF172	1
AY954969	AAX92150.1	ORF068	G1ORF068	1
AY954969	AAX92143.1	ORF061	G1ORF061	1
AY954969	AAX92114.1	ORF032	G1ORF032	1
AY954969	AAX92131.1	ORF049	G1ORF049	1
AY954969	AAX92145.1	ORF063	G1ORF063	1
AY954969	AAX92177.1	ORF096	G1ORF096	1
AY954969	AAX92265.1	ORF222	G1ORF222	1
AY954969	AAX92139.1	ORF057	G1ORF057	1
AY954969	AAX92250.1	ORF187	G1ORF187	1
AY954969	AAX92252.1	ORF190	G1ORF190	1
AY954969	AAX92136.1	ORF054	G1ORF054	1
AY954969	AAX92140.1	ORF058	G1ORF058	1
AY954969	AAX92126.1	ORF044	G1ORF044	1
AY954969	AAX92220.1	ORF146	G1ORF146	1
AY954969	AAX92142.1	ORF060	G1ORF060	1
AY954969	AAX92165.1	ORF084	G1ORF084	1
AY954969	AAX92124.1	ORF042	G1ORF042	1
AY954969	AAX92164.1	ORF083	G1ORF083	1
AY954969	AAX92271.1	ORF233	G1ORF233	1
AY954969	AAX92254.1	ORF200	G1ORF200	1
AY954969	AAX92257.1	ORF207	G1ORF207	1
AY954969	AAX92258.1	ORF209	G1ORF209	1
AY954969	AAX92237.1	ORF169	G1ORF169	1
AY954969	AAX92236.1	ORF168	G1ORF168	1
AY954969	AAX92232.1	ORF161	G1ORF161	1
AY954969	AAX92208.1	ORF133	G1ORF133	1
MK770119	QCW23739.1	terminase small subunit		1
MK770119	QCW23740.1	terminase large subunit		1
MK770119	QCW23741.1	hypothetical protein		1
MK770119	QCW23742.1	portal protein		1
MK770119	QCW23743.1	structural protein containing Ig-like domain		1
MK770119	QCW23744.1	prohead protease		1
MK770119	QCW23745.1	major capsid protein		1
MK770119	QCW23746.1	putative head-tail connector		1
MK770119	QCW23747.1	putative tail completion protein		1
MK770119	QCW23748.1	tail terminator protein		1
MK770119	QCW23749.1	major tail protein		1
MK770119	QCW23750.1	putative minor tail protein		1
MK770119	QCW23751.1	putative tape measure chaperone		1
MK770119	QCW23752.1	putative tape measure chaperone		1
MK770119	QCW23753.1	tape measure protein		1
MK770119	QCW23754.1	distal tail protein		1
MK770119	QCW23755.1	putative tail protein		1
MK770119	QCW23756.1	putative tail protein		1
MK770119	QCW23757.1	putative tail protein		1
MK770119	QCW23758.1	tail fiber protein		1
MK770119	QCW23759.1	tail fiber protein		1
MK770119	QCW23760.1	deoxyUTP pyrophosphatase		1
MK770119	QCW23761.1	exodeoxyribonuclease		1
MK770119	QCW23762.1	putative holliday junction resolvase		1
MK770119	QCW23763.1	recombination-related endonuclease		1
MK770119	QCW23764.1	recombination-related endonuclease		1
MK770119	QCW23765.1	putative ssDNA binding protein		1
MK770119	QCW23766.1	hypothetical protein		1
MK770119	QCW23767.1	ATP-dependent DNA helicase		1
MK770119	QCW23768.1	hypothetical protein		1
MK770119	QCW23769.1	DNA polymerase I		1
MK770119	QCW23770.1	DNA primase		1
MK770119	QCW23771.1	replicative DNA helicase		1
MK770119	QCW23772.1	putative transcription factor		1
MK770119	QCW23773.1	NAD-dependent DNA ligase, subunit B		1
MK770119	QCW23774.1	hypothetical protein		1
MK770119	QCW23775.1	NAD-dependent DNA ligase, subunit A		1
MK770119	QCW23776.1	putative DNA processing protein	putative DNA processing protein DprA	1
MK770119	QCW23777.1	putative nucleoside triphosphate pyrophosphohydrolase		1
MK770119	QCW23778.1	hypothetical protein		1
MK770119	QCW23779.1	hypothetical protein		1
MK770119	QCW23780.1	putative transcriptional coactivator		1
MK770119	QCW23781.1	hypothetical protein		1
MK770119	QCW23782.1	hypothetical protein		1
MK770119	QCW23783.1	hypothetical protein		1
MK770119	QCW23784.1	hypothetical protein		1
MK770119	QCW23785.1	putative ATP-dependent RNA helicase		1
MK770119	QCW23786.1	hypothetical protein		1
MK770119	QCW23787.1	hypothetical protein		1
MK770119	QCW23788.1	hypothetical protein		1
MK770119	QCW23789.1	Sir2-like protein		1
MK770119	QCW23790.1	hypothetical protein		1
MK770119	QCW23791.1	hypothetical protein		1
MK770119	QCW23792.1	PhoH-like protein		1
MK770119	QCW23793.1	hypothetical protein		1
MK770119	QCW23794.1	ribonucleoside-diphosphate reductase, alpha subunit		1
MK770119	QCW23795.1	ribonucleoside-diphosphate reductase, beta subunit		1
MK770119	QCW23796.1	dihydrofolate reductase		1
MK770119	QCW23797.1	thymidylate synthase		1
MK770119	QCW23798.1	protease		1
MK770119	QCW23799.1	ribonuclease H		1
MK770119	QCW23800.1	hypothetical protein		1
MK770119	QCW23801.1	hypothetical protein		1
MK770119	QCW23802.1	hypothetical protein		1
MK770119	QCW23803.1	hypothetical protein		1
MK770119	QCW23804.1	hypothetical protein		1
MK770119	QCW23805.1	hypothetical protein		1
MK770119	QCW23806.1	putative metallopeptidase		1
MK770119	QCW23807.1	hypothetical protein		1
MK770119	QCW23808.1	hypothetical protein		1
MK770119	QCW23809.1	hypothetical protein		1
MK770119	QCW23810.1	cell wall hydrolyse		1
MK770119	QCW23811.1	hypothetical protein		1
MK770119	QCW23812.1	hypothetical protein		1
MK770119	QCW23813.1	YqeY-like protein		1
MK770119	QCW23814.1	hypothetical protein		1
MK770119	QCW23815.1	hypothetical protein		1
MK770119	QCW23816.1	hypothetical protein		1
MK770119	QCW23817.1	hypothetical protein		1
MK770119	QCW23818.1	hypothetical protein		1
MK770119	QCW23819.1	hypothetical protein		1
MK770119	QCW23820.1	hypothetical protein		1
MK770119	QCW23821.1	hypothetical protein		1
MK770119	QCW23822.1	hypothetical protein		1
MK770119	QCW23823.1	hypothetical protein		1
MK770119	QCW23824.1	hypothetical protein		1
MK770119	QCW23825.1	hypothetical protein		1
MK770119	QCW23826.1	hypothetical protein		1
MK770119	QCW23827.1	hypothetical protein		1
MK770119	QCW23828.1	hypothetical protein		1
MK770119	QCW23829.1	hypothetical protein		1
MK770119	QCW23830.1	hypothetical protein		1
MK770119	QCW23831.1	hypothetical protein		1
MK770119	QCW23832.1	hypothetical protein		1
MK770119	QCW23833.1	hypothetical protein		1
MK770119	QCW23834.1	hypothetical protein		1
MK770119	QCW23835.1	hypothetical protein		1
MK770119	QCW23836.1	hypothetical protein		1
MK770119	QCW23837.1	hypothetical protein		1
MK770119	QCW23838.1	hypothetical protein		1
MK770119	QCW23839.1	endonuclease V	DenV endonuclease V, N-glycosylase UV repair enzyme	1
MK770119	QCW23840.1	hypothetical protein		1
MK770119	QCW23841.1	hypothetical protein		1
MK770119	QCW23842.1	HNH endonuclease		1
MK770119	QCW23843.1	hypothetical protein		1
MK770119	QCW23844.1	hypothetical protein		1
MK770119	QCW23845.1	hypothetical protein		1
MK770119	QCW23846.1	hypothetical protein		1
MK770119	QCW23847.1	hypothetical protein		1
MK770119	QCW23848.1	hypothetical protein		1
MK770119	QCW23849.1	hypothetical protein		1
MK770119	QCW23850.1	hypothetical protein		1
MK770119	QCW23851.1	hypothetical protein		1
MK770119	QCW23852.1	hypothetical protein		1
MK770119	QCW23853.1	hypothetical protein		1
MK770119	QCW23854.1	hypothetical protein		1
MK770119	QCW23855.1	HNH endonuclease		1
MK770119	QCW23856.1	hypothetical protein		1
MK770119	QCW23857.1	hypothetical protein		1
MK770119	QCW23858.1	hypothetical protein		1
MK770119	QCW23859.1	hypothetical protein		1
MK770119	QCW23860.1	hypothetical protein		1
MK770119	QCW23861.1	hypothetical protein		1
MK770119	QCW23862.1	hypothetical protein		1
MK770119	QCW23863.1	hypothetical protein		1
MK770119	QCW23864.1	hypothetical protein		1
MK770119	QCW23865.1	hypothetical protein		1
MK770119	QCW23866.1	hypothetical protein		1
MK770119	QCW23867.1	hypothetical protein		1
MK770119	QCW23868.1	hypothetical protein		1
MK770119	QCW23869.1	hypothetical protein		1
MK770119	QCW23870.1	hypothetical protein		1
MK770119	QCW23871.1	deoxynucleoside-5'-monophosphate kinase		1
MK770119	QCW23872.1	ATP-dependent Clp protease		1
MK770119	QCW23873.1	holin		1
MK770119	QCW23874.1	lysozyme		1
MK770119	QCW23875.1	hypothetical protein		1
MK770119	QCW23876.1	hypothetical protein		1
MK770119	QCW23877.1	thioredoxin		1
MK770119	QCW23878.1	hypothetical protein		1
MK770119	QCW23879.1	hypothetical protein		1
MK770119	QCW23880.1	hypothetical protein		1
MK770119	QCW23881.1	serine/threonine protein phosphatase		1
MK770119	QCW23882.1	hypothetical protein		1
MK770119	QCW23883.1	hypothetical protein	DUF3850 domain-containing protein	1
MK770119	QCW23884.1	hypothetical protein		1
MK770119	QCW23885.1	hypothetical protein		1
MK770119	QCW23886.1	hypothetical protein		1
MK770119	QCW23887.1	hypothetical protein		1
MK770119	QCW23888.1	hypothetical protein		1
MK770119	QCW23889.1	hypothetical protein		1
MK770119	QCW23890.1	hypothetical protein		1
MK770119	QCW23891.1	hypothetical protein		1
MK770119	QCW23892.1	putative EPS-depolymerase		1
MK770119	QCW23893.1	hypothetical protein		1
MK770119	QCW23894.1	hypothetical protein		1
MK770119	QCW23895.1	hypothetical protein		1
MK770119	QCW23896.1	hypothetical protein		1
MK770119	QCW23897.1	hypothetical protein		1
MK770119	QCW23898.1	hypothetical protein		1
MK770119	QCW23899.1	hypothetical protein		1
MK770119	QCW23900.1	hypothetical protein		1
MK770119	QCW23901.1	hypothetical protein		1
MK770119	QCW23902.1	hypothetical protein		1
MK770119	QCW23903.1	hypothetical protein		1
MK770119	QCW23904.1	putative peptidyl-tRNA hydrolase		1
MK770119	QCW23905.1	hypothetical protein		1
MK770119	QCW23906.1	hypothetical protein		1
MK770119	QCW23907.1	hypothetical protein		1
MK770119	QCW23908.1	hypothetical protein		1
MK770119	QCW23909.1	hypothetical protein		1
MK770119	QCW23910.1	hypothetical protein		1
MK770119	QCW23911.1	hypothetical protein		1
MK770119	QCW23912.1	hypothetical protein		1
MK770119	QCW23913.1	hypothetical protein		1
MK770119	QCW23914.1	hypothetical protein		1
MK770119	QCW23915.1	hypothetical protein		1
MK770119	QCW23916.1	hypothetical protein		1
MK770119	QCW23917.1	hypothetical protein		1
MK770119	QCW23918.1	hypothetical protein		1
MK770119	QCW23919.1	hypothetical protein		1
MK770119	QCW23920.1	hypothetical protein		1
MK770119	QCW23921.1	hypothetical protein		1
MK770119	QCW23922.1	hypothetical protein		1
MK770119	QCW23923.1	hypothetical protein		1
MK770119	QCW23924.1	hypothetical protein		1
MK770119	QCW23925.1	hypothetical protein		1
MK770119	QCW23926.1	hypothetical protein		1
MK770119	QCW23927.1	hypothetical protein		1
MK770119	QCW23928.1	hypothetical protein		1
MK770119	QCW23929.1	hypothetical protein		1
MK770119	QCW23930.1	hypothetical protein		1
MK770119	QCW23931.1	hypothetical protein		1
MK770119	QCW23932.1	hypothetical protein		1
MK770119	QCW23933.1	hypothetical protein		1
MK770119	QCW23934.1	hypothetical protein		1
MK770119	QCW23935.1	hypothetical protein		1
MK770119	QCW23936.1	hypothetical protein		1
MK770119	QCW23937.1	hypothetical protein		1
MK770119	QCW23938.1	hypothetical protein		1
MK770119	QCW23939.1	hypothetical protein		1
MK770119	QCW23940.1	hypothetical protein		1
MK770119	QCW23941.1	hypothetical protein		1
MK770119	QCW23942.1	A2 protein		1
MK770119	QCW23943.1	hypothetical protein		1
MK770119	QCW23944.1	A1 protein		1
MK770119	QCW23945.1	hypothetical protein		1
MK770119	QCW23946.1	deoxynucleoside-5'-monophosphatase		1
MK770119	QCW23947.1	hypothetical protein		1
MK770119	QCW23948.1	hypothetical protein		1
MK770119	QCW23949.1	hypothetical protein		1
MK770119	QCW23950.1	hypothetical protein		1
MK770119	QCW23951.1	receptor binding protein		1
MZ616364	QYC51492.1	putative terminase small subunit		1
MZ616364	QYC51493.1	putative terminase large subunit		1
MZ616364	QYC51494.1	putative nicking endonuclease		1
MZ616364	QYC51495.1	putative portal protein		1
MZ616364	QYC51496.1	putative decoration protein		1
MZ616364	QYC51497.1	putative prohead protease		1
MZ616364	QYC51498.1	putative major head protein		1
MZ616364	QYC51499.1	putative head completion protein		1
MZ616364	QYC51500.1	putative tail completion protein		1
MZ616364	QYC51501.1	putative tail terminator protein		1
MZ616364	QYC51502.1	putative major tail tube protein		1
MZ616364	QYC51503.1	putative minor tail protein		1
MZ616364	QYC51504.1	putative chaperone		1
MZ616364	QYC51505.1	putative chaperone		1
MZ616364	QYC51506.1	putative tape measure protein		1
MZ616364	QYC51507.1	putative distal tail protein		1
MZ616364	QYC51508.1	putative baseplate hub protein		1
MZ616364	QYC51509.1	putative central straight fiber		1
MZ616364	QYC51510.1	putative collar/L-shaped fiber protein		1
MZ616364	QYC51511.1	putative L-shaped tail fiber protein		1
MZ616364	QYC51512.1	putative tail fiber protein		1
MZ616364	QYC51513.1	putative deoxyUTP pyrophosphatase		1
MZ616364	QYC51514.1	putative flap endonuclease		1
MZ616364	QYC51515.1	putative holliday junction resolvase		1
MZ616364	QYC51516.1	putative recombination endonuclease		1
MZ616364	QYC51517.1	putative recombination endonuclease		1
MZ616364	QYC51518.1	putative ssDNA-binding protein		1
MZ616364	QYC51519.1	hypothetical protein		1
MZ616364	QYC51520.1	putative helicase		1
MZ616364	QYC51521.1	hypothetical protein		1
MZ616364	QYC51522.1	putative DNA polymerase		1
MZ616364	QYC51523.1	putative DNA replication primase		1
MZ616364	QYC51524.1	putative replicative DNA helicase		1
MZ616364	QYC51525.1	putative transcription factor		1
MZ616364	QYC51526.1	putative NAD-dependent DNA ligase, subunit B		1
MZ616364	QYC51527.1	hypothetical protein		1
MZ616364	QYC51528.1	putative NAD-dependent DNA ligase, subunit A		1
MZ616364	QYC51529.1	hypothetical protein		1
MZ616364	QYC51530.1	hypothetical protein		1
MZ616364	QYC51531.1	hypothetical protein		1
MZ616364	QYC51532.1	hypothetical protein		1
MZ616364	QYC51533.1	hypothetical protein		1
MZ616364	QYC51534.1	hypothetical protein		1
MZ616364	QYC51535.1	hypothetical protein		1
MZ616364	QYC51536.1	hypothetical protein		1
MZ616364	QYC51537.1	hypothetical protein		1
MZ616364	QYC51538.1	putative replication origin binding protein		1
MZ616364	QYC51539.1	hypothetical protein		1
MZ616364	QYC51540.1	putative NAD-dependent protein deacetylase, SIR2 family		1
MZ616364	QYC51541.1	hypothetical protein		1
MZ616364	QYC51542.1	hypothetical protein		1
MZ616364	QYC51543.1	putative phosphate starvation-inducible protein	putative phosphate starvation-inducible protein PhoH	1
MZ616364	QYC51544.1	hypothetical protein		1
MZ616364	QYC51545.1	putative ribonucleotide reductase, alpha subunit		1
MZ616364	QYC51546.1	putative ribonucleotide reductase, beta subunit		1
MZ616364	QYC51547.1	putative dihydrofolate reductase		1
MZ616364	QYC51548.1	putative thymidylate synthase		1
MZ616364	QYC51549.1	hypothetical protein		1
MZ616364	QYC51550.1	hypothetical protein		1
MZ616364	QYC51551.1	hypothetical protein		1
MZ616364	QYC51552.1	putative ribonuclease H		1
MZ616364	QYC51553.1	hypothetical protein		1
MZ616364	QYC51554.1	hypothetical protein		1
MZ616364	QYC51555.1	hypothetical protein		1
MZ616364	QYC51556.1	hypothetical protein		1
MZ616364	QYC51557.1	hypothetical protein		1
MZ616364	QYC51558.1	hypothetical protein		1
MZ616364	QYC51559.1	putative metallopeptidase		1
MZ616364	QYC51560.1	hypothetical protein		1
MZ616364	QYC51561.1	hypothetical protein		1
MZ616364	QYC51562.1	hypothetical protein		1
MZ616364	QYC51563.1	putative cell wall hydrolase		1
MZ616364	QYC51564.1	hypothetical protein		1
MZ616364	QYC51565.1	hypothetical protein		1
MZ616364	QYC51566.1	hypothetical protein		1
MZ616364	QYC51567.1	hypothetical protein		1
MZ616364	QYC51568.1	hypothetical protein		1
MZ616364	QYC51569.1	hypothetical protein		1
MZ616364	QYC51570.1	hypothetical protein		1
MZ616364	QYC51571.1	hypothetical protein		1
MZ616364	QYC51572.1	hypothetical protein		1
MZ616364	QYC51573.1	hypothetical protein		1
MZ616364	QYC51574.1	hypothetical protein		1
MZ616364	QYC51575.1	hypothetical protein		1
MZ616364	QYC51576.1	hypothetical protein		1
MZ616364	QYC51577.1	hypothetical protein		1
MZ616364	QYC51578.1	hypothetical protein		1
MZ616364	QYC51579.1	hypothetical protein		1
MZ616364	QYC51580.1	hypothetical protein		1
MZ616364	QYC51581.1	hypothetical protein		1
MZ616364	QYC51582.1	hypothetical protein		1
MZ616364	QYC51583.1	hypothetical protein		1
MZ616364	QYC51584.1	hypothetical protein		1
MZ616364	QYC51585.1	hypothetical protein		1
MZ616364	QYC51586.1	hypothetical protein		1
MZ616364	QYC51587.1	hypothetical protein		1
MZ616364	QYC51588.1	putative endonuclease V		1
MZ616364	QYC51589.1	hypothetical protein		1
MZ616364	QYC51590.1	hypothetical protein		1
MZ616364	QYC51591.1	hypothetical protein		1
MZ616364	QYC51592.1	hypothetical protein		1
MZ616364	QYC51593.1	hypothetical protein		1
MZ616364	QYC51594.1	hypothetical protein		1
MZ616364	QYC51595.1	hypothetical protein		1
MZ616364	QYC51596.1	hypothetical protein		1
MZ616364	QYC51597.1	hypothetical protein		1
MZ616364	QYC51598.1	hypothetical protein		1
MZ616364	QYC51599.1	hypothetical protein		1
MZ616364	QYC51600.1	hypothetical protein		1
MZ616364	QYC51601.1	hypothetical protein		1
MZ616364	QYC51602.1	hypothetical protein		1
MZ616364	QYC51603.1	hypothetical protein		1
MZ616364	QYC51604.1	hypothetical protein		1
MZ616364	QYC51605.1	hypothetical protein		1
MZ616364	QYC51606.1	hypothetical protein		1
MZ616364	QYC51607.1	hypothetical protein		1
MZ616364	QYC51608.1	hypothetical protein		1
MZ616364	QYC51609.1	hypothetical protein		1
MZ616364	QYC51610.1	hypothetical protein		1
MZ616364	QYC51611.1	putative deoxynucleoside-5'-monophosphate kinase		1
MZ616364	QYC51612.1	putative ATP-dependent Clp protease		1
MZ616364	QYC51613.1	putative holin		1
MZ616364	QYC51614.1	putative lysozyme		1
MZ616364	QYC51615.1	hypothetical protein		1
MZ616364	QYC51616.1	hypothetical protein		1
MZ616364	QYC51617.1	putative thioredoxin		1
MZ616364	QYC51618.1	hypothetical protein		1
MZ616364	QYC51619.1	hypothetical protein		1
MZ616364	QYC51620.1	hypothetical protein		1
MZ616364	QYC51621.1	putative serine/threonine protein phosphatase		1
MZ616364	QYC51622.1	hypothetical protein		1
MZ616364	QYC51623.1	hypothetical protein		1
MZ616364	QYC51624.1	hypothetical protein		1
MZ616364	QYC51625.1	hypothetical protein		1
MZ616364	QYC51626.1	hypothetical protein		1
MZ616364	QYC51627.1	hypothetical protein		1
MZ616364	QYC51628.1	hypothetical protein		1
MZ616364	QYC51629.1	hypothetical protein		1
MZ616364	QYC51630.1	hypothetical protein		1
MZ616364	QYC51631.1	hypothetical protein		1
MZ616364	QYC51632.1	putative EPS-depolymerase		1
MZ616364	QYC51633.1	hypothetical protein		1
MZ616364	QYC51634.1	hypothetical protein		1
MZ616364	QYC51635.1	hypothetical protein		1
MZ616364	QYC51636.1	hypothetical protein		1
MZ616364	QYC51637.1	hypothetical protein		1
MZ616364	QYC51638.1	hypothetical protein		1
MZ616364	QYC51639.1	hypothetical protein		1
MZ616364	QYC51640.1	hypothetical protein		1
MZ616364	QYC51641.1	hypothetical protein		1
MZ616364	QYC51642.1	hypothetical protein		1
MZ616364	QYC51643.1	hypothetical protein		1
MZ616364	QYC51644.1	hypothetical protein		1
MZ616364	QYC51645.1	hypothetical protein		1
MZ616364	QYC51646.1	hypothetical protein		1
MZ616364	QYC51647.1	hypothetical protein		1
MZ616364	QYC51648.1	hypothetical protein		1
MZ616364	QYC51649.1	hypothetical protein		1
MZ616364	QYC51650.1	hypothetical protein		1
MZ616364	QYC51651.1	hypothetical protein		1
MZ616364	QYC51652.1	hypothetical protein		1
MZ616364	QYC51653.1	hypothetical protein		1
MZ616364	QYC51654.1	hypothetical protein		1
MZ616364	QYC51655.1	hypothetical protein		1
MZ616364	QYC51656.1	hypothetical protein		1
MZ616364	QYC51657.1	hypothetical protein		1
MZ616364	QYC51658.1	hypothetical protein		1
MZ616364	QYC51659.1	hypothetical protein		1
MZ616364	QYC51660.1	hypothetical protein		1
MZ616364	QYC51661.1	hypothetical protein		1
MZ616364	QYC51662.1	hypothetical protein		1
MZ616364	QYC51663.1	hypothetical protein		1
MZ616364	QYC51664.1	putative A2 protein		1
MZ616364	QYC51665.1	hypothetical protein		1
MZ616364	QYC51666.1	putative A1 protein		1
MZ616364	QYC51667.1	hypothetical protein		1
MZ616364	QYC51668.1	hypothetical protein		1
MZ616364	QYC51669.1	deoxynucleoside-5'-monophosphatase		1
MZ616364	QYC51670.1	putative HNH endonuclease		1
MZ616364	QYC51671.1	hypothetical protein		1
MZ616364	QYC51672.1	hypothetical protein		1
MZ616364	QYC51673.1	putative receptor-binding tail protein		1
HQ336222	ADO18472.1	putative replication origin-binding protein	OBP	1
HQ336222	ADO18067.1	uncharacterized Bro-N domain-containing protein		1
HQ336222	ADO18147.1	hypothetical protein		1
HQ336222	ADO18215.1	putative KilA-N domain-containing protein		1
HQ336222	ADO18282.1	hypothetical protein		1
HQ336222	ADO18349.1	hypothetical protein		1
HQ336222	ADO18357.1	hypothetical protein		1
HQ336222	ADO18864.1	putative helicase	similar to origin binding protein	1
HQ336222	ADO18938.1	hypothetical protein		1
HQ336222	ADO18466.1	hypothetical protein		1
HQ336222	ADO17975.1	uncharacterized Bro-N domain-containing protein		1
HQ336222	ADO18469.1	hypothetical protein		1
HQ336222	ADO18473.1	hypothetical protein		1
HQ336222	ADO17987.1	hypothetical protein		1
HQ336222	ADO18479.1	hypothetical protein		1
HQ336222	ADO18483.1	hypothetical protein		1
HQ336222	ADO18009.1	hypothetical protein		1
HQ336222	ADO18012.1	hypothetical protein		1
HQ336222	ADO18014.1	hypothetical protein		1
HQ336222	ADO18025.1	hypothetical protein		1
HQ336222	ADO18038.1	putative sel1-like repeat-containing protein		1
HQ336222	ADO18045.1	hypothetical protein		1
HQ336222	ADO18051.1	hypothetical protein		1
HQ336222	ADO18057.1	putative sel1-like repeat-containing protein		1
HQ336222	ADO18062.1	putative ankyrin repeat protein		1
HQ336222	ADO18071.1	putative ankyrin repeat protein		1
HQ336222	ADO18523.1	hypothetical protein		1
HQ336222	ADO18088.1	putative ankyrin repeat protein		1
HQ336222	ADO18094.1	hypothetical protein		1
HQ336222	ADO18104.1	hypothetical protein		1
HQ336222	ADO18116.1	hypothetical protein		1
HQ336222	ADO18540.1	hypothetical protein		1
HQ336222	ADO18127.1	hypothetical protein		1
HQ336222	ADO18134.1	hypothetical protein		1
HQ336222	ADO18140.1	putative Kila-N domain-containing protein		1
HQ336222	ADO18145.1	putative Kila-N domain-containing protein		1
HQ336222	ADO18148.1	hypothetical protein		1
HQ336222	ADO18149.1	hypothetical protein		1
HQ336222	ADO18570.1	hypothetical protein		1
HQ336222	ADO18152.1	hypothetical protein		1
HQ336222	ADO18154.1	putative BTB/POZ domain-containing protein		1
HQ336222	ADO18161.1	putative ankyrin repeat protein		1
HQ336222	ADO18165.1	putative Kila-N domain-containing protein		1
HQ336222	ADO18169.1	hypothetical protein		1
HQ336222	ADO18172.1	putative ankyrin repeat protein		1
HQ336222	ADO18177.1	putative ankyrin repeat protein		1
HQ336222	ADO18180.1	hypothetical protein		1
HQ336222	ADO18608.1	hypothetical protein		1
HQ336222	ADO18185.1	hypothetical protein		1
HQ336222	ADO18186.1	hypothetical protein		1
HQ336222	ADO18190.1	hypothetical protein		1
HQ336222	ADO18195.1	putative ankyrin repeat protein		1
HQ336222	ADO18198.1	hypothetical protein		1
HQ336222	ADO18201.1	hypothetical protein		1
HQ336222	ADO18637.1	hypothetical protein		1
HQ336222	ADO18211.1	putative ankyrin repeat protein		1
HQ336222	ADO18217.1	hypothetical protein		1
HQ336222	ADO18658.1	hypothetical protein		1
HQ336222	ADO18223.1	hypothetical protein		1
HQ336222	ADO18229.1	hypothetical protein		1
HQ336222	ADO18238.1	hypothetical protein		1
HQ336222	ADO18674.1	hypothetical protein		1
HQ336222	ADO18247.1	hypothetical protein		1
HQ336222	ADO18253.1	hypothetical protein		1
HQ336222	ADO18259.1	hypothetical protein		1
HQ336222	ADO18267.1	hypothetical protein		1
HQ336222	ADO18270.1	putative BTB/POZ domain-containing protein		1
HQ336222	ADO18273.1	putative ankyrin repeat protein		1
HQ336222	ADO18278.1	hypothetical protein		1
HQ336222	ADO18722.1	hypothetical protein		1
HQ336222	ADO18293.1	putative ankyrin repeat protein		1
HQ336222	ADO18296.1	putative F-box and FNIP repeat-containing protein		1
HQ336222	ADO18743.1	putative BTB/POZ domain and WD-repeat protein		1
HQ336222	ADO18746.1	hypothetical protein		1
HQ336222	ADO18747.1	hypothetical protein		1
HQ336222	ADO18303.1	hypothetical protein		1
HQ336222	ADO18307.1	putative ankyrin repeat protein		1
HQ336222	ADO18313.1	putative ankyrin repeat protein		1
HQ336222	ADO18315.1	putative lipoxygenase		1
HQ336222	ADO18319.1	uncharacterized virion-associated membrane protein		1
HQ336222	ADO18322.1	putative ankyrin repeat protein		1
HQ336222	ADO18325.1	putative ankyrin repeat protein		1
HQ336222	ADO18335.1	putative BTB/POZ domain-containing protein		1
HQ336222	ADO18346.2	hypothetical protein		1
HQ336222	ADO18797.1	hypothetical protein		1
HQ336222	ADO18364.1	collagen-like protein 1		1
HQ336222	ADO18371.1	putative ankyrin repeat protein		1
HQ336222	ADO18820.1	hypothetical protein		1
HQ336222	ADO18378.1	hypothetical protein		1
HQ336222	ADO18830.1	hypothetical protein		1
HQ336222	ADO18382.1	hypothetical protein		1
HQ336222	ADO18391.1	putative BTB/POZ domain-containing protein		1
HQ336222	ADO18399.1	hypothetical protein		1
HQ336222	ADO18400.1	hypothetical protein		1
HQ336222	ADO18407.1	hypothetical protein		1
HQ336222	ADO18408.1	hypothetical protein		1
HQ336222	ADO18413.1	putative transposase		1
HQ336222	ADO18857.1	putative resolvase		1
HQ336222	ADO18422.1	hypothetical protein		1
HQ336222	ADO18879.1	hypothetical protein		1
HQ336222	ADO18427.1	hypothetical protein		1
HQ336222	ADO18428.1	uncharacterized WD repeat-containing protein		1
HQ336222	ADO18429.1	putative BTB/POZ domain-containing protein		1
HQ336222	ADO18432.1	putative ankyrin repeat protein		1
HQ336222	ADO18438.1	hypothetical protein		1
HQ336222	ADO18442.1	putative ankyrin repeat protein		1
HQ336222	ADO18448.1	putative BTB/POZ domain-containing protein		1
HQ336222	ADO18461.1	putative ankyrin repeat protein		1
HQ336222	ADO18462.1	putative ankyrin repeat protein		1
HQ336222	ADO18463.1	hypothetical protein		1
HQ336222	ADO18939.1	putative ankyrin repeat protein		1
HQ336222	ADO18940.1	hypothetical protein		1
HQ336222	ADO18464.1	putative BTB/POZ domain-containing protein		1
HQ336222	ADQ48139.1	hypothetical protein		1
HQ336222	ADO18465.1	putative ankyrin repeat protein		1
HQ336222	ADO17967.1	putative ankyrin repeat protein		1
HQ336222	ADO17968.1	hypothetical protein		1
HQ336222	ADO17969.1	hypothetical protein		1
HQ336222	ADO17970.1	putative resolvase		1
HQ336222	ADO18467.1	putative transposase		1
HQ336222	ADO17971.1	hypothetical protein		1
HQ336222	ADO18468.1	putative phosphohydrolase		1
HQ336222	ADO17972.1	putative BTB/POZ domain-containing protein		1
HQ336222	ADO17973.1	putative proliferating cell nuclear antigen	PCNA	1
HQ336222	ADO17974.1	putative ankyrin repeat protein		1
HQ336222	ADO17976.1	hypothetical protein		1
HQ336222	ADO17977.1	hypothetical protein		1
HQ336222	ADO17978.1	putative ankyrin repeat protein		1
HQ336222	ADO17979.1	hypothetical protein		1
HQ336222	ADO17980.1	hypothetical protein		1
HQ336222	ADO17981.1	hypothetical protein		1
HQ336222	ADO17982.1	putative helicase		1
HQ336222	ADO17983.1	hypothetical protein		1
HQ336222	ADO17984.2	hypothetical protein		1
HQ336222	ADO18470.1	hypothetical protein		1
HQ336222	ADO18471.1	hypothetical protein		1
HQ336222	ADO17985.1	putative ankyrin repeat protein		1
HQ336222	ADO17986.1	putative ankyrin repeat protein		1
HQ336222	ADO17988.1	putative ankyrin repeat protein		1
HQ336222	ADO17989.1	hypothetical protein		1
HQ336222	ADO17990.1	tyrosyl-tRNA synthetase	tyrosine--tRNA ligase; TyrRS	1
HQ336222	ADO18474.1	uncharacterized Bro-N domain-containing protein		1
HQ336222	ADO17991.1	putative F-box protein		1
HQ336222	ADO17992.1	putative F-box protein		1
HQ336222	ADO17993.1	putative GMC-type oxidoreductase		1
HQ336222	ADO17994.1	hypothetical protein		1
HQ336222	ADO18475.1	hypothetical protein		1
HQ336222	ADO18476.1	hypothetical protein		1
HQ336222	ADO18477.1	hypothetical protein		1
HQ336222	ADO18478.1	putative methyltransferase		1
HQ336222	ADO18480.1	hypothetical protein		1
HQ336222	ADO17995.1	hypothetical protein		1
HQ336222	ADO18481.1	putative GMC-type oxidoreductase		1
HQ336222	ADO17996.1	putative pyridoxal phosphate-dependent transferase		1
HQ336222	ADO17997.1	hypothetical protein		1
HQ336222	ADO17998.1	hypothetical protein		1
HQ336222	ADO18482.1	uncharacterized glycosyltransferase		1
HQ336222	ADO17999.1	hypothetical protein		1
HQ336222	ADO18484.1	putative dTDP-D-glucose 4,6-dehydratase		1
HQ336222	ADO18000.1	putative WbbJ Acetyltransferase		1
HQ336222	ADO18001.1	putative exoV-like protein		1
HQ336222	ADO18002.1	hypothetical protein		1
HQ336222	ADO18003.1	hypothetical protein		1
HQ336222	ADO18004.1	hypothetical protein		1
HQ336222	ADO18005.1	hypothetical protein		1
HQ336222	ADO18006.1	putative ankyrin repeat protein		1
HQ336222	ADO18007.1	hypothetical protein		1
HQ336222	ADO18485.1	hypothetical protein		1
HQ336222	ADO18486.1	uncharacterized acetyltransferase		1
HQ336222	ADO18008.1	hypothetical protein		1
HQ336222	ADO18010.1	hypothetical protein		1
HQ336222	ADO18487.1	putative BTB/POZ domain and WD-repeat protein		1
HQ336222	ADO18488.1	hypothetical protein		1
HQ336222	ADO18489.1	hypothetical protein		1
HQ336222	ADO18011.1	hypothetical protein		1
HQ336222	ADO18490.1	hypothetical protein		1
HQ336222	ADO18491.1	hypothetical protein		1
HQ336222	ADO18492.1	hypothetical protein		1
HQ336222	ADO18493.1	hypothetical protein		1
HQ336222	ADO18013.1	putative FNIP repeat-containing protein		1
HQ336222	ADO18015.1	hypothetical protein		1
HQ336222	ADO18016.1	cysteinyl-tRNA synthetase	cysteine--tRNA ligase; CysRS	1
HQ336222	ADO18017.1	putative F-box protein		1
HQ336222	ADO18018.1	putative F-box protein		1
HQ336222	ADO18019.1	hypothetical protein		1
HQ336222	ADO18020.1	putative F-box protein		1
HQ336222	ADO18021.1	hypothetical protein		1
HQ336222	ADO18022.1	putative FNIP repeat-containing protein		1
HQ336222	ADO18023.1	hypothetical protein		1
HQ336222	ADO18024.1	hypothetical protein		1
HQ336222	ADO18026.1	putative VV A18-like helicase		1
HQ336222	ADO18027.1	hypothetical protein		1
HQ336222	ADO18028.1	hypothetical protein		1
HQ336222	ADO18029.1	hypothetical protein		1
HQ336222	ADO18030.1	hypothetical protein		1
HQ336222	ADO18031.1	hypothetical protein		1
HQ336222	ADO18032.1	hypothetical protein		1
HQ336222	ADO18033.1	hypothetical protein		1
HQ336222	ADO18034.1	hypothetical protein		1
HQ336222	ADO18035.1	hypothetical protein		1
HQ336222	ADO18036.1	hypothetical protein		1
HQ336222	ADO18037.1	hypothetical protein		1
HQ336222	ADO18039.1	hypothetical protein		1
HQ336222	ADO18040.1	hypothetical protein		1
HQ336222	ADO18041.1	hypothetical protein		1
HQ336222	ADO18494.1	putative transposase		1
HQ336222	ADO18495.1	hypothetical protein		1
HQ336222	ADO18496.1	putative amine oxidase		1
HQ336222	ADO18042.1	hypothetical protein		1
HQ336222	ADO18497.1	putative ankyrin repeat protein		1
HQ336222	ADO18043.1	hypothetical protein		1
HQ336222	ADO18498.1	hypothetical protein		1
HQ336222	ADO18499.2	hypothetical protein		1
HQ336222	ADO18044.1	hypothetical protein		1
HQ336222	ADO18046.1	uncharacterized glycosyltransferase		1
HQ336222	ADO18500.1	DNA topoisomerase 1b	topIb; DNA topoisomerase type Ib	1
HQ336222	ADO18501.1	probable glutaredoxin		1
HQ336222	ADO18502.2	collagen-like protein 2		1
HQ336222	ADO18503.1	putative cytidine deaminase		1
HQ336222	ADO18504.1	hypothetical protein		1
HQ336222	ADO18047.1	hypothetical protein		1
HQ336222	ADO18048.1	hypothetical protein		1
HQ336222	ADO18049.1	hypothetical protein		1
HQ336222	ADO18050.1	hypothetical protein		1
HQ336222	ADO18505.1	hypothetical protein		1
HQ336222	ADO18052.1	hypothetical protein		1
HQ336222	ADO18506.1	hypothetical protein		1
HQ336222	ADO18053.1	putative serine/threonine-protein kinase		1
HQ336222	ADO18054.1	putative helicase		1
HQ336222	ADO18055.1	putative DNA-dependent RNA polymerase subunit Rpb9		1
HQ336222	ADO18507.1	DNA-directed RNA polymerase subunit 6		1
HQ336222	ADO18508.1	hypothetical protein		1
HQ336222	ADO18056.1	putative etoposide-induced protein 2.4		1
HQ336222	ADO18509.1	hypothetical protein		1
HQ336222	ADO18510.1	hypothetical protein		1
HQ336222	ADO18511.1	hypothetical protein		1
HQ336222	ADO18512.1	probable RAB-related GTPase		1
HQ336222	ADO18058.1	putative ankyrin repeat protein		1
HQ336222	ADO18513.1	hypothetical protein		1
HQ336222	ADO18059.1	hypothetical protein		1
HQ336222	ADO18514.1	putative ankyrin repeat protein		1
HQ336222	ADO18515.1	hypothetical protein		1
HQ336222	ADO18060.1	DNA topoisomerase 1		1
HQ336222	ADO18061.1	putative SET domain-containing protein		1
HQ336222	ADO18063.1	hypothetical protein		1
HQ336222	ADO18516.1	putative BTB/POZ domain-containing protein		1
HQ336222	ADO18517.1	putative BTB/POZ domain-containing protein		1
HQ336222	ADO18064.1	hypothetical protein		1
HQ336222	ADO18065.1	hypothetical protein		1
HQ336222	ADO18066.1	hypothetical protein		1
HQ336222	ADO18518.1	putative ankyrin repeat protein		1
HQ336222	ADO18068.1	probable procollagen-lysine,2-oxoglutarate 5-dioxygenase	lysyl hydroxylase; LH	1
HQ336222	ADO18069.1	hypothetical protein		1
HQ336222	ADO18070.1	putative serine/threonine-protein kinase		1
HQ336222	ADO18072.1	putative zinc protease		1
HQ336222	ADO18073.1	hypothetical protein		1
HQ336222	ADO18074.1	DNA-directed RNA polymerase subunit 5		1
HQ336222	ADO18075.1	hypothetical protein		1
HQ336222	ADO18076.1	hypothetical protein		1
HQ336222	ADO18519.1	putative collagenous domain-containing protein		1
HQ336222	ADO18520.1	collagen-like protein 3		1
HQ336222	ADO18521.1	collagen-like protein 4		1
HQ336222	ADO18522.1	collagen-like protein 5		1
HQ336222	ADO18077.1	hypothetical protein		1
HQ336222	ADO18078.1	hypothetical protein		1
HQ336222	ADO18079.2	DNA-directed RNA polymerase subunit 2		1
HQ336222	ADO18080.1	uncharacterized HNH endonuclease		1
HQ336222	ADO18081.1	putative prophage protein		1
HQ336222	ADO18082.1	uncharacterized HNH endonuclease		1
HQ336222	ADO18083.1	hypothetical protein		1
HQ336222	ADO18084.1	probable uracil-DNA glycosylase	UDG	1
HQ336222	ADO18085.1	putative transcription initiation factor IIb-like protein		1
HQ336222	ADO18086.1	hypothetical protein		1
HQ336222	ADO18087.1	lon protease-like protein		1
HQ336222	ADO18524.2	hypothetical protein		1
HQ336222	ADO18525.1	hypothetical protein		1
HQ336222	ADO18526.1	hypothetical protein		1
HQ336222	ADO18089.1	heat shock protein 70-like protein		1
HQ336222	ADO18527.1	hypothetical protein		1
HQ336222	ADO18090.1	hypothetical protein		1
HQ336222	ADO18528.1	hypothetical protein		1
HQ336222	ADO18091.1	thymidine kinase		1
HQ336222	ADO18529.1	putative tRNA(His) guanylyltransferase		1
HQ336222	ADO18530.1	DnaJ-like protein		1
HQ336222	ADO18531.1	hypothetical protein		1
HQ336222	ADO18092.1	hypothetical protein		1
HQ336222	ADO18093.1	putative glycosyltransferase		1
HQ336222	ADO18095.1	uncharacterized WD repeat-containing protein		1
HQ336222	ADO18096.1	hypothetical protein		1
HQ336222	ADO18532.1	putative J domain-containing protein		1
HQ336222	ADO18533.1	putative ankyrin repeat protein		1
HQ336222	ADO18097.1	putative serine/threonine-protein kinase		1
HQ336222	ADO18098.1	hypothetical protein		1
HQ336222	ADO18099.1	hypothetical protein		1
HQ336222	ADO18100.1	putative ankyrin repeat protein		1
HQ336222	ADO18101.1	hypothetical protein		1
HQ336222	ADO18102.1	putative BTB/POZ domain-containing protein		1
HQ336222	ADO18103.1	putative ankyrin repeat protein		1
HQ336222	ADO18105.1	hypothetical protein		1
HQ336222	ADO18534.1	hypothetical protein		1
HQ336222	ADO18106.1	putative BTB/POZ domain-containing protein		1
HQ336222	ADO18107.1	hypothetical protein		1
HQ336222	ADO18108.1	mitochondrial carrier-like protein	viral mitochondrial carrier; VMC1	1
HQ336222	ADO18535.1	hypothetical protein		1
HQ336222	ADO18109.1	hypothetical protein		1
HQ336222	ADO18110.1	putative ankyrin repeat protein		1
HQ336222	ADO18111.1	hypothetical protein		1
HQ336222	ADO18112.1	uncharacterized acetyltransferase		1
HQ336222	ADO18113.1	putative FNIP repeat-containing protein		1
HQ336222	ADO18114.1	hypothetical protein		1
HQ336222	ADO18115.1	putative ankyrin repeat protein		1
HQ336222	ADO18117.1	putative ankyrin repeat protein		1
HQ336222	ADO18118.1	hypothetical protein		1
HQ336222	ADO18536.1	putative F-box and FNIP repeat-containing protein		1
HQ336222	ADO18537.1	hypothetical protein		1
HQ336222	ADO18119.1	putative B-type lectin protein		1
HQ336222	ADO18120.1	putative ankyrin repeat protein		1
HQ336222	ADO18538.1	putative ATP-dependent RNA helicase		1
HQ336222	ADO18121.1	hypothetical protein		1
HQ336222	ADO18539.1	hypothetical protein		1
HQ336222	ADO18122.1	putative ubiquitin carboxyl-terminal hydrolase	ubiquitin thiolesterase; ubiquitin-specific-processing protease; deubiquitinating enzyme	1
HQ336222	ADO18123.1	kinesin-like protein		1
HQ336222	ADO18124.1	hypothetical protein		1
HQ336222	ADO18541.2	putative endonuclease 4	endonuclease IV; endodeoxyribonuclease IV	1
HQ336222	ADO18542.1	hypothetical protein		1
HQ336222	ADO18543.1	probable ribonuclease H protein		1
HQ336222	ADO18125.1	hypothetical protein		1
HQ336222	ADO18126.1	uncharacterized endo/excinuclease amino terminal domain protein		1
HQ336222	ADO18544.1	putative serine/threonine-protein kinase		1
HQ336222	ADO18545.1	hypothetical protein		1
HQ336222	ADO18546.1	DNA ligase	polydeoxyribonucleotide synthase [NAD+]; NAD-dependent DNA ligase	1
HQ336222	ADO18547.1	hypothetical protein		1
HQ336222	ADO18548.1	hypothetical protein		1
HQ336222	ADO18549.1	putative protein phosphatase 2C		1
HQ336222	ADO18128.1	putative mRNA capping enzyme		1
HQ336222	ADO18129.2	hypothetical protein		1
HQ336222	ADO18130.1	hypothetical protein		1
HQ336222	ADO18131.1	hypothetical protein		1
HQ336222	ADO18132.1	hypothetical protein		1
HQ336222	ADO18550.1	putative ring finger protein		1
HQ336222	ADO18133.1	ribonucleoside-diphosphate reductase small chain	ribonucleotide reductase small subunit	1
HQ336222	ADO18551.1	ribonucleoside-diphosphate reductase large subunit	ribonucleotide reductase large subunit	1
HQ336222	ADO18552.1	hypothetical protein		1
HQ336222	ADO18135.1	probable formamidopyrimidine-DNA glycosylase	Fapy-DNA glycosylase; DNA-(apurinic or apyrimidinic site) lyase; AP lyase	1
HQ336222	ADO18136.1	probable glucosamine 6-phosphate N-acetyltransferase	phosphoglucosamine transacetylase; phosphoglucosamine acetylase	1
HQ336222	ADO18553.1	hypothetical protein		1
HQ336222	ADO18137.1	probable DNA polymerase family X		1
HQ336222	ADO18554.1	probable ubiquitin carboxyl-terminal hydrolase	ubiquitin thiolesterase; ubiquitin-specific-processing protease; deubiquitinating enzyme	1
HQ336222	ADO18138.1	putative methyltransferase		1
HQ336222	ADO18555.2	hypothetical protein		1
HQ336222	ADO18556.1	DNA polymerase	cleaved into Mimv polB intein. Location of the intein aa 1053-1403	1
HQ336222	ADO18139.1	uncharacterized myristoylated membrane protein		1
HQ336222	ADO18141.1	hypothetical protein		1
HQ336222	ADO18557.1	uncharacterized metallopeptidase WLM domain protein		1
HQ336222	ADO18558.1	putative early transcription factor large subunit		1
HQ336222	ADO18559.1	hypothetical protein		1
HQ336222	ADO18560.1	hypothetical protein		1
HQ336222	ADO18561.1	hypothetical protein		1
HQ336222	ADO18142.1	hypothetical protein		1
HQ336222	ADO18562.1	putative zinc finger MYND domain-containing protein		1
HQ336222	ADO18143.1	hypothetical protein		1
HQ336222	ADO18144.1	hypothetical protein		1
HQ336222	ADO18146.1	hypothetical protein		1
HQ336222	ADO18563.1	hypothetical protein		1
HQ336222	ADO18564.1	uncharacterized cullin-like protein		1
HQ336222	ADO18565.1	hypothetical protein		1
HQ336222	ADO18566.1	transcription factor S-II-related protein		1
HQ336222	ADO18150.1	hypothetical protein		1
HQ336222	ADO18567.1	putative poly(A) polymerase catalytic subunit		1
HQ336222	ADO18568.1	hypothetical protein		1
HQ336222	ADO18569.1	probable ribonuclease 3	ribonuclease III; RNase III	1
HQ336222	ADO18151.1	uncharacterized WD repeat-containing protein		1
HQ336222	ADO18571.1	hypothetical protein		1
HQ336222	ADO18572.1	putative regulator of chromosome condensation		1
HQ336222	ADO18573.1	hypothetical protein		1
HQ336222	ADO18574.1	hypothetical protein		1
HQ336222	ADO18575.1	hypothetical protein		1
HQ336222	ADO18576.1	hypothetical protein		1
HQ336222	ADO18577.1	putative transcription termination factor		1
HQ336222	ADO18578.1	hypothetical protein		1
HQ336222	ADO18153.1	hypothetical protein		1
HQ336222	ADO18579.1	hypothetical protein		1
HQ336222	ADO18580.1	putative phage-type endonuclease		1
HQ336222	ADO18581.1	putative thiol protease		1
HQ336222	ADO18155.1	hypothetical protein		1
HQ336222	ADO18156.1	hypothetical protein		1
HQ336222	ADO18582.1	putative DNA-directed RNA polymerase II subunit N		1
HQ336222	ADO18583.1	hypothetical protein		1
HQ336222	ADO18157.1	putative DNA mismatch repair protein MutS-like protein		1
HQ336222	ADO18158.1	hypothetical protein		1
HQ336222	ADO18159.1	hypothetical protein		1
HQ336222	ADO18584.1	thioredoxin domain-containing protein		1
HQ336222	ADO18585.1	uncharacterized glycosyltransferase		1
HQ336222	ADO18160.1	putative ATP-dependent RNA helicase		1
HQ336222	ADO18586.1	hypothetical protein		1
HQ336222	ADO18587.1	hypothetical protein		1
HQ336222	ADO18588.1	putative ATP-dependent RNA helicase		1
HQ336222	ADO18589.1	hypothetical protein		1
HQ336222	ADO18590.1	probable FAD-linked sulfhydryl oxidase		1
HQ336222	ADO18591.1	hypothetical protein		1
HQ336222	ADO18592.1	hypothetical protein		1
HQ336222	ADO18162.1	putative ankyrin repeat protein		1
HQ336222	ADO18593.1	hypothetical protein		1
HQ336222	ADO18163.1	uncharacterized glycosyltransferase		1
HQ336222	ADO18164.1	putative N-acetylglucosaminyl phosphatidylinositol deacetylase		1
HQ336222	ADO18166.1	putative diphosphoinositol polyphosphate phosphohydrolase		1
HQ336222	ADO18167.1	putative DNA-directed RNA polymerase subunit		1
HQ336222	ADO18168.1	putative NTPase		1
HQ336222	ADO18594.1	hypothetical protein		1
HQ336222	ADO18595.1	hypothetical protein		1
HQ336222	ADO18596.1	putative leucine-rich repeat protein		1
HQ336222	ADO18170.1	putative Phospholipase D/nuclease		1
HQ336222	ADO18597.1	probable mRNA-capping enzyme	includes polynucleotide 5'-triphosphatase; mRNA 5'-triphosphatase (TPase); mRNA guanylyltransferase; GTP--RNA guanylyltransferase (GTase); mRNA (guanine-N(7)-)-methyltransferase	1
HQ336222	ADO18598.1	putative FtsJ-like methyltransferase		1
HQ336222	ADO18171.1	hypothetical protein		1
HQ336222	ADO18173.1	hypothetical protein		1
HQ336222	ADO18174.1	putative endonuclease of the XPG family		1
HQ336222	ADO18599.1	hypothetical protein		1
HQ336222	ADO18175.1	putative endonuclease/exonuclease/phosphatase		1
HQ336222	ADO18176.1	hypothetical protein		1
HQ336222	ADO18600.1	hypothetical protein		1
HQ336222	ADO18601.1	hypothetical protein		1
HQ336222	ADO18178.1	heat shock 70 kDa protein-like protein		1
HQ336222	ADO18179.2	putative HD domain-containing protein		1
HQ336222	ADO18602.1	putative replication factor C small subunit	RFC small subunit; clamp loader small subunit	1
HQ336222	ADO18181.1	putative ATP-dependent RNA helicase		1
HQ336222	ADO18182.1	hypothetical protein		1
HQ336222	ADO18603.1	putative phosphoesterase		1
HQ336222	ADO18183.1	hypothetical protein		1
HQ336222	ADO18604.1	putative serine/threonine-protein kinase		1
HQ336222	ADO18605.1	hypothetical protein		1
HQ336222	ADO18606.1	hypothetical protein		1
HQ336222	ADO18607.1	hypothetical protein		1
HQ336222	ADO18184.1	putative alpha/beta hydrolase		1
HQ336222	ADO18609.1	putative RNA methyltransferase		1
HQ336222	ADO18610.1	putative Fe2OG dioxygenase		1
HQ336222	ADO18611.1	putative RNA methyltransferase		1
HQ336222	ADO18612.1	putative papain-like cysteine peptidase		1
HQ336222	ADO18613.1	hypothetical protein		1
HQ336222	ADO18187.1	putative core protein		1
HQ336222	ADO18614.1	putative replication factor C large subunit	RFC large subunit; clamp loader large subunit	1
HQ336222	ADO18188.1	hypothetical protein		1
HQ336222	ADO18615.1	hypothetical protein		1
HQ336222	ADO18189.1	putative F-box and FNIP repeat-containing protein		1
HQ336222	ADO18191.1	putative FNIP repeat-containing protein		1
HQ336222	ADO18192.1	hypothetical protein		1
HQ336222	ADO18193.1	hypothetical protein		1
HQ336222	ADO18616.1	nucleoside diphosphate kinase	NDP kinase; NDK	1
HQ336222	ADO18617.1	uncharacterized short-chain type dehydrogenase/reductase		1
HQ336222	ADO18618.1	robin		1
HQ336222	ADO18194.1	hypothetical protein		1
HQ336222	ADO18619.1	hypothetical protein		1
HQ336222	ADO18620.1	hypothetical protein		1
HQ336222	ADO18621.1	hypothetical protein		1
HQ336222	ADO18196.2	capsid protein 1		1
HQ336222	ADO18197.1	putative nuclease		1
HQ336222	ADO18622.1	hypothetical protein		1
HQ336222	ADO18623.1	hypothetical protein		1
HQ336222	ADO18624.1	putative transcription factor		1
HQ336222	ADO18625.1	putative late transcription factor		1
HQ336222	ADO18626.1	putative 3'-5' exonuclease		1
HQ336222	ADO18199.1	putative HD phosphohydrolase		1
HQ336222	ADO18627.1	hypothetical protein		1
HQ336222	ADO18200.1	hypothetical protein		1
HQ336222	ADO18628.1	hypothetical protein		1
HQ336222	ADO18629.1	hypothetical protein		1
HQ336222	ADO18630.1	putative serine/threonine-protein kinase		1
HQ336222	ADO18202.1	VV A32 virion packaging ATPase		1
HQ336222	ADO18631.1	hypothetical protein		1
HQ336222	ADO18632.1	hypothetical protein		1
HQ336222	ADO18203.1	putative TLC domain-containing protein		1
HQ336222	ADO18633.1	probable capsid protein 2		1
HQ336222	ADO18634.1	probable capsid protein 3		1
HQ336222	ADO18635.1	probable capsid protein 4		1
HQ336222	ADO18204.1	hypothetical protein		1
HQ336222	ADO18636.1	thioredoxin domain-containing protein		1
HQ336222	ADO18205.1	putative ADP-ribosyl glycohydrolase		1
HQ336222	ADO18638.1	putative J domain-containing protein		1
HQ336222	ADO18206.1	putative patatin-like phospholipase		1
HQ336222	ADO18639.1	hypothetical protein		1
HQ336222	ADO18207.1	hypothetical protein		1
HQ336222	ADO18640.1	hypothetical protein		1
HQ336222	ADQ48140.1	hypothetical protein		1
HQ336222	ADO18641.1	putative viral transcription factor		1
HQ336222	ADO18208.1	hypothetical protein		1
HQ336222	ADO18209.1	hypothetical protein		1
HQ336222	ADO18642.1	TATA-box-binding protein-like protein	TATA-box factor-like; TATA-binding factor-like; TBP-like	1
HQ336222	ADO18210.1	hypothetical protein		1
HQ336222	ADO18643.1	hypothetical protein		1
HQ336222	ADO18212.1	hypothetical protein		1
HQ336222	ADO18644.1	hypothetical protein		1
HQ336222	ADO18645.1	putative translation initiation factor 4a		1
HQ336222	ADO18646.1	hypothetical protein		1
HQ336222	ADO18213.1	probable ubiquitin-conjugating enzyme E2	ubiquitin-protein ligase; ubiquitin carrier protein	1
HQ336222	ADO18214.1	hypothetical protein		1
HQ336222	ADO18216.1	hypothetical protein		1
HQ336222	ADO18647.1	hypothetical protein		1
HQ336222	ADO18648.1	protein translation factor SUI1-like protein		1
HQ336222	ADO18649.1	hypothetical protein		1
HQ336222	ADO18650.1	hypothetical protein		1
HQ336222	ADO18651.1	hypothetical protein		1
HQ336222	ADO18652.1	hypothetical protein		1
HQ336222	ADO18218.1	putative bifunctional polynucleotide phosphatase/kinase	polynucleotide kinase-3'-phosphatase; DNA 5'-kinase/3'-phosphatase; includes polynucleotide 3'-phosphatase; (2'(3')-polynucleotidase; polynucleotide 5'-hydroxyl-kinase	1
HQ336222	ADO18653.1	putative DNA directed RNA polymerase subunit		1
HQ336222	ADO18219.1	hypothetical protein		1
HQ336222	ADO18654.1	hypothetical protein		1
HQ336222	ADO18655.1	hypothetical protein		1
HQ336222	ADO18656.1	hypothetical protein		1
HQ336222	ADO18657.1	glutamine-dependent asparagine synthetase	probable asparagine synthetase [glutamine-hydrolyzing]	1
HQ336222	ADO18659.1	putative AAA family ATPase		1
HQ336222	ADO18660.1	hypothetical protein		1
HQ336222	ADO18220.1	uncharacterized peptidase C1-like protein		1
HQ336222	ADO18221.1	putative replication factor C small subunit	RFC small subunit; clamp loader small subunit	1
HQ336222	ADO18222.1	putative pyrophosphohydrolase		1
HQ336222	ADO18661.1	DNA topoisomerase 2	DNA topoisomerase II	1
HQ336222	ADO18662.1	hypothetical protein		1
HQ336222	ADO18224.1	putative ankyrin repeat protein		1
HQ336222	ADO18225.1	hypothetical protein		1
HQ336222	ADO18226.1	putative ankyrin repeat protein		1
HQ336222	ADO18227.1	putative ankyrin repeat protein		1
HQ336222	ADO18228.1	hypothetical protein		1
HQ336222	ADO18663.1	hypothetical protein		1
HQ336222	ADO18664.1	putative PAN domain-containing protein		1
HQ336222	ADO18230.1	hypothetical protein		1
HQ336222	ADO18231.1	hypothetical protein		1
HQ336222	ADO18232.1	hypothetical protein		1
HQ336222	ADO18665.1	hypothetical protein		1
HQ336222	ADO18233.1	hypothetical protein		1
HQ336222	ADO18234.1	hypothetical protein		1
HQ336222	ADO18235.1	hypothetical protein		1
HQ336222	ADO18236.1	hypothetical protein		1
HQ336222	ADO18666.1	probable DNA polymerase sliding clamp	similar to proliferating cell nuclear antigen; PCNA	1
HQ336222	ADO18237.1	hypothetical protein		1
HQ336222	ADO18667.1	hypothetical protein		1
HQ336222	ADO18239.1	eukaryotic translation initiation factor 4E-like protein	eIF-4E; eIF4E; mRNA cap-binding protein	1
HQ336222	ADO18668.1	bifunctional dihydrofolate reductase-thymidylate synthase	DHFR-TS; includes dihydrofolate reductase and thymidylate synthase	1
HQ336222	ADO18240.1	probable zinc-type alcohol dehydrogenase-like protein		1
HQ336222	ADO18241.1	putative replication factor C small subunit	RFC small subunit; clamp loader small subunit	1
HQ336222	ADO18669.1	hypothetical protein		1
HQ336222	ADO18670.1	DNA-directed RNA polymerase subunit 1		1
HQ336222	ADO18671.1	putative intron encoded endonuclease		1
HQ336222	ADO18672.1	hypothetical protein		1
HQ336222	ADO18242.1	hypothetical protein		1
HQ336222	ADO18673.1	hypothetical protein		1
HQ336222	ADO18675.1	hypothetical protein		1
HQ336222	ADO18243.1	hypothetical protein		1
HQ336222	ADO18676.1	putative SWIB domain-containing protein		1
HQ336222	ADO18244.1	putative metallo-dependent phosphatase		1
HQ336222	ADO18677.1	putative replication factor C small subunit	RFC small subunit; clamp loader small subunit	1
HQ336222	ADO18245.1	putative FtsJ-like methyltransferase		1
HQ336222	ADO18678.1	putative deoxynucleotide monophosphate kinase	dNMP kinase; DNK	1
HQ336222	ADO18679.1	hypothetical protein		1
HQ336222	ADO18680.1	hypothetical protein		1
HQ336222	ADO18681.1	hypothetical protein		1
HQ336222	ADO18246.1	hypothetical protein		1
HQ336222	ADO18248.1	hypothetical protein		1
HQ336222	ADO18249.1	hypothetical protein		1
HQ336222	ADO18682.1	putative serine threonine-protein kinase		1
HQ336222	ADO18683.1	hypothetical protein		1
HQ336222	ADO18684.1	putative zinc metalloproteinase		1
HQ336222	ADO18250.1	putative BTB/POZ domain-containing protein		1
HQ336222	ADO18685.1	probable ubiquitin-conjugating enzyme E2	ubiquitin-protein ligase; ubiquitin carrier protein	1
HQ336222	ADO18686.1	hypothetical protein		1
HQ336222	ADO18251.1	putative rhomboid protein		1
HQ336222	ADO18252.1	hypothetical protein		1
HQ336222	ADO18687.1	hypothetical protein		1
HQ336222	ADO18688.1	putative alpha/beta hydrolase		1
HQ336222	ADO18689.1	putative 5'-3' exonuclease 20		1
HQ336222	ADO18254.1	hypothetical protein		1
HQ336222	ADO18690.1	putative DNA helicase		1
HQ336222	ADO18255.1	hypothetical protein		1
HQ336222	ADO18256.1	cytochrome 450-like protein		1
HQ336222	ADO18257.1	hypothetical protein		1
HQ336222	ADO18258.1	hypothetical protein		1
HQ336222	ADO18691.1	hypothetical protein		1
HQ336222	ADO18260.1	hypothetical protein		1
HQ336222	ADO18261.1	hypothetical protein		1
HQ336222	ADO18262.1	putative ATP-dependent RNA helicase		1
HQ336222	ADO18692.1	hypothetical protein		1
HQ336222	ADO18693.1	hypothetical protein		1
HQ336222	ADO18263.1	hypothetical protein		1
HQ336222	ADO18264.1	putative ATP-dependent RNA helicase		1
HQ336222	ADO18694.1	putative potassium channel voltage dependent tetramerization domain protein		1
HQ336222	ADO18695.1	putative F-box/LRR-repeat protein		1
HQ336222	ADO18265.1	putative ADP-ribosyl glycohydrolase		1
HQ336222	ADO18266.1	hypothetical protein		1
HQ336222	ADO18696.1	HMG box-containing protein		1
HQ336222	ADO18697.1	hypothetical protein		1
HQ336222	ADO18698.1	hypothetical protein		1
HQ336222	ADO18699.1	thioredoxin-like protein		1
HQ336222	ADO18700.1	hypothetical protein		1
HQ336222	ADO18268.1	hypothetical protein		1
HQ336222	ADO18701.1	putative ankyrin repeat protein		1
HQ336222	ADO18269.1	hypothetical protein		1
HQ336222	ADO18702.1	hypothetical protein		1
HQ336222	ADO18703.1	hypothetical protein		1
HQ336222	ADO18704.1	uncharacterized hydrolase		1
HQ336222	ADO18705.1	hypothetical protein		1
HQ336222	ADO18706.1	hypothetical protein		1
HQ336222	ADO18707.1	hypothetical protein		1
HQ336222	ADO18708.1	uncharacterized HTH-type transcriptional regulator		1
HQ336222	ADQ48141.1	hypothetical protein		1
HQ336222	ADO18271.1	uncharacterized HNH endonuclease		1
HQ336222	ADO18709.1	hypothetical protein		1
HQ336222	ADO18710.1	hypothetical protein		1
HQ336222	ADO18711.1	putative ATP-dependent RNA helicase		1
HQ336222	ADO18712.1	hypothetical protein		1
HQ336222	ADO18713.1	putative glutamine synthetase		1
HQ336222	ADO18272.1	hypothetical protein		1
HQ336222	ADO18714.1	hypothetical protein		1
HQ336222	ADO18274.1	hypothetical protein		1
HQ336222	ADO18715.1	putative ATP-dependent DNA helicase		1
HQ336222	ADO18716.1	hypothetical protein		1
HQ336222	ADO18717.1	putative patatin-like phospholipase		1
HQ336222	ADO18275.1	putative AAA family ATPase		1
HQ336222	ADO18276.1	hypothetical protein		1
HQ336222	ADO18277.1	hypothetical protein		1
HQ336222	ADO18279.1	hypothetical protein		1
HQ336222	ADO18280.1	hypothetical protein		1
HQ336222	ADO18281.1	hypothetical protein		1
HQ336222	ADO18718.1	putative ankyrin repeat protein		1
HQ336222	ADO18719.1	putative ankyrin repeat protein		1
HQ336222	ADO18720.1	putative ankyrin repeat protein		1
HQ336222	ADO18283.1	putative ATP-dependent helicase		1
HQ336222	ADO18284.1	hypothetical protein		1
HQ336222	ADO18285.1	hypothetical protein		1
HQ336222	ADO18721.1	uncharacterized N-acetyltransferase		1
HQ336222	ADO18286.1	hypothetical protein		1
HQ336222	ADO18287.1	hypothetical protein		1
HQ336222	ADO18723.1	hypothetical protein		1
HQ336222	ADO18724.1	hypothetical protein		1
HQ336222	ADO18288.1	putative ankyrin repeat protein		1
HQ336222	ADO18289.1	hypothetical protein		1
HQ336222	ADO18290.1	hypothetical protein		1
HQ336222	ADO18725.1	putative helicase		1
HQ336222	ADO18291.1	putative prolyl 4-hydroxylase	4-PH; procollagen-proline,2-oxoglutarate-4-dioxygenase	1
HQ336222	ADO18292.1	hypothetical protein		1
HQ336222	ADO18726.1	putative peptidase S9		1
HQ336222	ADO18727.1	hypothetical protein		1
HQ336222	ADO18728.1	probable FAD-linked sulfhydryl oxidase		1
HQ336222	ADO18729.1	putative ankyrin repeat protein		1
HQ336222	ADO18730.1	putative ankyrin repeat protein		1
HQ336222	ADO18731.1	putative ankyrin repeat protein		1
HQ336222	ADO18732.1	putative ankyrin repeat protein		1
HQ336222	ADO18733.1	putative ankyrin repeat protein		1
HQ336222	ADO18734.1	putative ankyrin repeat protein		1
HQ336222	ADO18735.1	putative ankyrin repeat protein		1
HQ336222	ADO18736.1	hypothetical protein		1
HQ336222	ADO18737.1	hypothetical protein		1
HQ336222	ADO18294.1	structural PPIase-like protein	Mimicyp	1
HQ336222	ADO18295.1	hypothetical protein		1
HQ336222	ADO18738.1	hypothetical protein		1
HQ336222	ADQ48142.1	hypothetical protein		1
HQ336222	ADO18739.1	hypothetical protein		1
HQ336222	ADO18297.1	hypothetical protein		1
HQ336222	ADO18740.1	hypothetical protein		1
HQ336222	ADO18298.1	putative ATP-binding		1
HQ336222	ADO18299.1	uncharacterized cupin RmlC-type domain protein		1
HQ336222	ADO18300.1	putative histone demethylase		1
HQ336222	ADO18741.1	putative band 7 family protein		1
HQ336222	ADO18301.1	putative phosphatidylinositol kinase		1
HQ336222	ADO18742.1	hypothetical protein		1
HQ336222	ADO18744.1	hypothetical protein		1
HQ336222	ADO18745.1	hypothetical protein		1
HQ336222	ADO18302.1	probable glucosamine--fructose-6-phosphate aminotransferase	isomerizing; GFAT; D-fructose-6-phosphate amidotransferase: hexosephosphate aminotransferase	1
HQ336222	ADO18304.1	putative patatin phospholipase		1
HQ336222	ADO18305.1	putative glycylpeptide N-tetradecanoyltransferase	peptide N-myristoyltransferase; myristoyl-CoA:protein N-myristoyltransferase; NMT	1
HQ336222	ADO18748.1	putative tyrosine-protein phosphatase		1
HQ336222	ADO18749.1	hypothetical protein		1
HQ336222	ADO18750.1	putative GTP binding translation elongation/initiation factor		1
HQ336222	ADO18751.1	putative GTP-binding protein		1
HQ336222	ADO18306.1	hypothetical protein		1
HQ336222	ADO18752.1	hypothetical protein		1
HQ336222	ADO18753.1	hypothetical protein		1
HQ336222	ADO18308.1	cytochrome b5-like protein		1
HQ336222	ADO18309.1	hypothetical protein		1
HQ336222	ADO18310.1	uncharacterized transmembrane protein		1
HQ336222	ADO18311.1	hypothetical protein		1
HQ336222	ADO18754.1	acid ceramidase-like protein		1
HQ336222	ADO18312.1	putative lectin		1
HQ336222	ADO18755.1	hypothetical protein		1
HQ336222	ADO18756.1	putative ankyrin repeat protein		1
HQ336222	ADO18757.1	hypothetical protein		1
HQ336222	ADO18758.1	hypothetical protein		1
HQ336222	ADO18759.1	putative FNIP repeat-containing protein		1
HQ336222	ADO18760.1	putative F-box protein		1
HQ336222	ADO18761.1	putative F-box protein		1
HQ336222	ADO18762.1	methionyl-tRNA synthetase	methionine--tRNA ligase; MetRS	1
HQ336222	ADO18763.1	hypothetical protein		1
HQ336222	ADO18764.1	hypothetical protein		1
HQ336222	ADO18765.1	hypothetical protein		1
HQ336222	ADO18766.2	hypothetical protein		1
HQ336222	ADO18767.1	phosphatidylethanolamine-binding protein-like protein		1
HQ336222	ADO18314.1	hypothetical protein		1
HQ336222	ADO18768.1	hypothetical protein		1
HQ336222	ADO18316.1	hypothetical protein		1
HQ336222	ADO18769.1	hypothetical protein		1
HQ336222	ADO18317.1	hypothetical protein		1
HQ336222	ADO18770.1	hypothetical protein		1
HQ336222	ADO18771.1	hypothetical protein		1
HQ336222	ADO18772.1	hypothetical protein		1
HQ336222	ADO18773.1	hypothetical protein		1
HQ336222	ADO18774.1	hypothetical protein		1
HQ336222	ADO18775.1	putative fucosyltransferase		1
HQ336222	ADO18776.1	putative glycosyltransferase		1
HQ336222	ADO18777.1	putative amine oxidase		1
HQ336222	ADO18318.1	putative t-SNARE coiled-coil homology domain-containing protein		1
HQ336222	ADO18778.1	hypothetical protein		1
HQ336222	ADO18779.1	putative EGF-like domain-containing protein		1
HQ336222	ADO18780.1	hypothetical protein		1
HQ336222	ADO18781.1	hypothetical protein		1
HQ336222	ADO18782.2	hypothetical protein		1
HQ336222	ADO18320.1	hypothetical protein		1
HQ336222	ADO18783.1	arginyl-tRNA synthetase	arginine--tRNA ligase; ArgRS	1
HQ336222	ADO18784.1	putative ankyrin repeat protein		1
HQ336222	ADO18785.1	putative oxidoreductase		1
HQ336222	ADO18321.1	hypothetical protein		1
HQ336222	ADO18786.1	hypothetical protein		1
HQ336222	ADO18323.1	collagen-like protein 6		1
HQ336222	ADO18324.2	collagen-like protein 7		1
HQ336222	ADO18326.1	putative serine/threonine-protein kinase		1
HQ336222	ADO18327.1	hypothetical protein		1
HQ336222	ADO18328.1	hypothetical protein		1
HQ336222	ADO18329.1	putative serine/threonine-protein kinase		1
HQ336222	ADO18330.1	hypothetical protein		1
HQ336222	ADO18331.1	putative BTB/POZ domain-containing protein		1
HQ336222	ADO18332.1	putative ankyrin repeat protein		1
HQ336222	ADO18333.1	hypothetical protein		1
HQ336222	ADO18787.1	hypothetical protein		1
HQ336222	ADO18334.1	putative ankyrin repeat protein		1
HQ336222	ADO18336.1	putative SET domain-containing protein		1
HQ336222	ADO18788.1	putative serine/threonine-protein kinase		1
HQ336222	ADO18789.1	hypothetical protein		1
HQ336222	ADO18790.1	hypothetical protein		1
HQ336222	ADO18337.1	hypothetical protein		1
HQ336222	ADO18338.1	hypothetical protein		1
HQ336222	ADO18339.1	hypothetical protein		1
HQ336222	ADO18340.1	hypothetical protein		1
HQ336222	ADO18341.1	hypothetical protein		1
HQ336222	ADO18342.1	hypothetical protein		1
HQ336222	ADO18343.1	hypothetical protein		1
HQ336222	ADO18344.1	hypothetical protein		1
HQ336222	ADO18345.1	putative UV-damage endonuclease		1
HQ336222	ADO18347.1	hypothetical protein		1
HQ336222	ADO18791.1	probable UDP-N-acetylglucosamine pyrophosphorylase	N-acetylglucosamine-1-phosphate uridyltransferase	1
HQ336222	ADO18348.1	hypothetical protein		1
HQ336222	ADO18792.1	hypothetical protein		1
HQ336222	ADQ48143.1	hypothetical protein		1
HQ336222	ADO18793.1	hypothetical protein		1
HQ336222	ADO18794.1	probable methylated-DNA--protein-cysteine methyltransferase	6-O-methylguanine-DNA methyltransferase; MGMT; O-6-methylguanine-DNA-alkyltransferase	1
HQ336222	ADO18795.1	putative potassium channel protein		1
HQ336222	ADO18796.1	hypothetical protein		1
HQ336222	ADO18350.1	hypothetical protein		1
HQ336222	ADO18351.1	hypothetical protein		1
HQ336222	ADO18352.1	hypothetical protein		1
HQ336222	ADO18353.1	hypothetical protein		1
HQ336222	ADO18798.1	putative procollagen-lysine,2-oxoglutarate dioxygenase		1
HQ336222	ADO18799.1	uncharacterized serpin-like protein		1
HQ336222	ADO18354.1	hypothetical protein		1
HQ336222	ADO18355.1	putative protein kinase-like		1
HQ336222	ADO18800.1	hypothetical protein		1
HQ336222	ADO18801.1	hypothetical protein		1
HQ336222	ADO18802.1	hypothetical protein		1
HQ336222	ADO18803.1	hypothetical protein		1
HQ336222	ADO18804.1	P13-like protein		1
HQ336222	ADO18805.1	uncharacterized phosphoglycerate mutase family protein		1
HQ336222	ADO18356.1	probable ubiquitin-conjugating enzyme E2	ubiquitin-protein ligase; ubiquitin carrier protein	1
HQ336222	ADO18806.1	hypothetical protein		1
HQ336222	ADO18358.1	hypothetical protein		1
HQ336222	ADO18359.1	hypothetical protein		1
HQ336222	ADO18807.1	hypothetical protein		1
HQ336222	ADO18360.1	hypothetical protein		1
HQ336222	ADO18808.1	hypothetical protein		1
HQ336222	ADO18361.1	putative ankyrin repeat protein		1
HQ336222	ADO18362.1	putative glutamine amidotransferase-like protein		1
HQ336222	ADO18363.1	hypothetical protein		1
HQ336222	ADO18809.1	hypothetical protein		1
HQ336222	ADO18365.1	hypothetical protein		1
HQ336222	ADO18366.1	endonuclease VIII-like protein		1
HQ336222	ADO18810.1	putative chemotaxis protein CheD		1
HQ336222	ADO18811.1	putative bifunctional metalloprotease/ubiquitin-protein ligase		1
HQ336222	ADO18367.1	hypothetical protein		1
HQ336222	ADO18368.1	hypothetical protein		1
HQ336222	ADO18369.1	hypothetical protein		1
HQ336222	ADO18812.1	peptide chain release factor eRF1		1
HQ336222	ADO18813.1	hypothetical protein		1
HQ336222	ADO18370.1	hypothetical protein		1
HQ336222	ADO18372.1	hypothetical protein		1
HQ336222	ADO18814.1	putative CfxQ-like protein		1
HQ336222	ADO18815.1	putative BTB/POZ domain and WD-repeat protein		1
HQ336222	ADO18373.1	hypothetical protein		1
HQ336222	ADO18374.1	uncharacterized ABC transporter ATP-binding protein/permease		1
HQ336222	ADO18816.1	putative ankyrin repeat protein		1
HQ336222	ADO18817.1	hypothetical protein		1
HQ336222	ADO18818.1	hypothetical protein		1
HQ336222	ADO18375.1	hypothetical protein		1
HQ336222	ADO18819.1	putative BTB/POZ domain-containing protein		1
HQ336222	ADO18821.1	putative BTB/POZ domain and WD-repeat protein		1
HQ336222	ADO18822.1	putative mitochondrial protein		1
HQ336222	ADO18823.1	hypothetical protein		1
HQ336222	ADO18824.1	hypothetical protein		1
HQ336222	ADO18376.1	putative BTB/POZ domain-containing protein		1
HQ336222	ADO18377.1	hypothetical protein		1
HQ336222	ADO18825.1	hypothetical protein		1
HQ336222	ADO18826.1	hypothetical protein		1
HQ336222	ADO18827.1	putative ankyrin repeat protein		1
HQ336222	ADO18828.1	putative ankyrin repeat protein		1
HQ336222	ADO18829.1	putative homeobox protein		1
HQ336222	ADO18379.1	hypothetical protein		1
HQ336222	ADO18831.1	hypothetical protein		1
HQ336222	ADO18832.1	hypothetical protein		1
HQ336222	ADO18833.1	putative F-box/LRR-repeat protein		1
HQ336222	ADO18834.1	hypothetical protein		1
HQ336222	ADO18380.1	hypothetical protein		1
HQ336222	ADO18381.1	hypothetical protein		1
HQ336222	ADO18835.1	putative radical SAM enzyme		1
HQ336222	ADO18836.1	putative F-box protein		1
HQ336222	ADO18837.1	putative 5'(3')-deoxyribonucleotidase		1
HQ336222	ADO18383.1	hypothetical protein		1
HQ336222	ADO18838.1	putative ankyrin repeat protein		1
HQ336222	ADO18384.1	hypothetical protein		1
HQ336222	ADO18839.1	hypothetical protein		1
HQ336222	ADO18385.1	hypothetical protein		1
HQ336222	ADO18386.1	putative ankyrin repeat protein		1
HQ336222	ADO18840.1	putative BTB/POZ domain-containing protein		1
HQ336222	ADO18387.1	putative ankyrin repeat protein		1
HQ336222	ADO18388.1	putative ankyrin repeat protein		1
HQ336222	ADO18389.1	putative ankyrin repeat protein		1
HQ336222	ADO18390.1	putative ankyrin repeat protein		1
HQ336222	ADO18392.1	hypothetical protein		1
HQ336222	ADO18393.1	putative transposase		1
HQ336222	ADO18841.1	putative resolvase		1
HQ336222	ADO18394.1	hypothetical protein		1
HQ336222	ADO18842.1	putative BTB/POZ domain-containing protein		1
HQ336222	ADO18395.1	putative ankyrin repeat protein		1
HQ336222	ADO18396.1	putative PAN domain-containing protein		1
HQ336222	ADO18843.1	putative AAA-type ATPase		1
HQ336222	ADO18844.1	putative chaperon protein DnaJ		1
HQ336222	ADO18845.1	putative ankyrin repeat protein		1
HQ336222	ADO18397.1	hypothetical protein		1
HQ336222	ADO18398.1	hypothetical protein		1
HQ336222	ADO18401.1	uncharacterized dTDP-4-dehydrorhamnose reductase domain protein		1
HQ336222	ADO18402.1	hypothetical protein		1
HQ336222	ADO18403.1	hypothetical protein		1
HQ336222	ADO18404.1	putative BTB/POZ domain and WD-repeat protein		1
HQ336222	ADO18846.1	putative ankyrin repeat protein		1
HQ336222	ADO18847.1	hypothetical protein		1
HQ336222	ADO18405.1	putative BTB/POZ domain and WD-repeat protein		1
HQ336222	ADO18848.1	putative ankyrin repeat protein		1
HQ336222	ADO18406.1	putative BTB/POZ domain-containing protein		1
HQ336222	ADO18849.1	putative ankyrin repeat protein		1
HQ336222	ADO18850.1	hypothetical protein		1
HQ336222	ADO18851.1	putative ankyrin repeat protein		1
HQ336222	ADO18409.2	hypothetical protein		1
HQ336222	ADO18852.1	hypothetical protein		1
HQ336222	ADQ48144.1	hypothetical protein		1
HQ336222	ADO18410.1	hypothetical protein		1
HQ336222	ADO18853.1	putative bifunctional E2/E3 enzyme	includes E3 ubiquitin-protein ligase; ubiquitin-conjugating enzyme E2	1
HQ336222	ADO18411.1	hypothetical protein		1
HQ336222	ADO18854.1	putative ankyrin repeat protein		1
HQ336222	ADO18412.1	hypothetical protein		1
HQ336222	ADO18855.1	hypothetical protein		1
HQ336222	ADO18856.1	hypothetical protein		1
HQ336222	ADO18414.1	hypothetical protein		1
HQ336222	ADO18858.1	putative purine phosphorylase		1
HQ336222	ADO18415.1	putative metal-dependent phosphohydrolase, HD domain		1
HQ336222	ADO18859.1	hypothetical protein		1
HQ336222	ADO18416.1	hypothetical protein		1
HQ336222	ADO18417.1	hypothetical protein		1
HQ336222	ADO18860.1	probable 7-dehydrocholesterol reductase	7-DHC reductase; sterol delta(7)-reductase	1
HQ336222	ADO18418.1	probable lanosterol 14-alpha demethylase	cytochrome P450 51; CYPLI; cytochrome P450-LIA1; sterol 14-alpha demethylase; cytochrome P450-14DM	1
HQ336222	ADO18861.1	hypothetical protein		1
HQ336222	ADO18862.1	putative ankyrin repeat protein		1
HQ336222	ADO18863.1	putative ariadne-like ring finger protein		1
HQ336222	ADO18419.1	hypothetical protein		1
HQ336222	ADO18420.1	hypothetical protein		1
HQ336222	ADO18865.1	hypothetical protein		1
HQ336222	ADO18866.1	putative sel1-like repeat-containing protein		1
HQ336222	ADO18867.1	hypothetical protein		1
HQ336222	ADO18421.1	hypothetical protein		1
HQ336222	ADO18868.1	putative serine/threonine-protein kinase/receptor		1
HQ336222	ADO18869.1	hypothetical protein		1
HQ336222	ADO18870.1	hypothetical protein		1
HQ336222	ADO18871.1	hypothetical protein		1
HQ336222	ADO18872.2	hypothetical protein		1
HQ336222	ADO18423.1	putative proliferating cell nuclear antigen	PCNA	1
HQ336222	ADO18873.1	putative 5'(3')-deoxyribonucleotidase		1
HQ336222	ADO18874.2	putative ankyrin repeat protein		1
HQ336222	ADO18875.1	putative serine/threonine-protein kinase/receptor		1
HQ336222	ADO18876.1	hypothetical protein		1
HQ336222	ADO18877.1	hypothetical protein		1
HQ336222	ADO18424.1	hypothetical protein		1
HQ336222	ADO18425.1	hypothetical protein		1
HQ336222	ADO18878.1	putativeBTB/POZ domain-containing protein		1
HQ336222	ADO18880.1	putative serine/threonine-protein kinase/receptor		1
HQ336222	ADO18881.1	glucose-methanol-choline oxidoreductase		1
HQ336222	ADO18426.1	putative BTB/POZ domain-containing protein		1
HQ336222	ADO18882.1	putative ankyrin repeat protein		1
HQ336222	ADO18883.1	hypothetical protein		1
HQ336222	ADO18884.1	putative ankyrin repeat protein		1
HQ336222	ADO18885.1	putative ankyrin repeat protein		1
HQ336222	ADO18886.1	hypothetical protein		1
HQ336222	ADO18887.1	putative ankyrin repeat protein		1
HQ336222	ADO18888.1	putative ankyrin repeat protein		1
HQ336222	ADO18889.1	putative BTB/POZ domain-containing protein		1
HQ336222	ADO18890.1	hypothetical protein		1
HQ336222	ADO18891.1	uncharacterized hydrolase		1
HQ336222	ADO18892.1	putative ankyrin repeat protein		1
HQ336222	ADO18893.1	putative ankyrin repeat protein		1
HQ336222	ADO18894.1	putative ankyrin repeat protein		1
HQ336222	ADO18895.1	hypothetical protein		1
HQ336222	ADO18896.1	putative sel1-like repeat-containing protein		1
HQ336222	ADO18430.1	hypothetical protein		1
HQ336222	ADQ12922.1	putative deoxyribodipyrimidine photolyase-related protein		1
HQ336222	ADO18899.1	putative transposase		1
HQ336222	ADO18900.1	putative deoxyribodipyrimidine photolyase-related protein		1
HQ336222	ADO18901.1	putative TPR repeat-containing protein		1
HQ336222	ADO18902.1	hypothetical protein		1
HQ336222	ADO18903.1	putative ankyrin repeat protein		1
HQ336222	ADO18431.1	hypothetical protein		1
HQ336222	ADO18904.1	hypothetical protein		1
HQ336222	ADO18905.1	hypothetical protein		1
HQ336222	ADO18433.1	hypothetical protein		1
HQ336222	ADO18434.1	putative ankyrin repeat protein		1
HQ336222	ADO18435.1	putative ankyrin repeat protein		1
HQ336222	ADO18906.1	hypothetical protein		1
HQ336222	ADO18907.1	hypothetical protein		1
HQ336222	ADO18908.1	hypothetical protein		1
HQ336222	ADO18909.1	putative DNA-directed RNA polymerase subunit 1 inactive-like protein		1
HQ336222	ADO18436.1	hypothetical protein		1
HQ336222	ADO18910.1	putative ankyrin repeat protein		1
HQ336222	ADO18911.1	hypothetical protein		1
HQ336222	ADO18437.1	hypothetical protein		1
HQ336222	ADO18912.1	hypothetical protein		1
HQ336222	ADO18913.1	hypothetical protein		1
HQ336222	ADO18439.1	hypothetical protein		1
HQ336222	ADO18440.1	hypothetical protein		1
HQ336222	ADO18914.1	putative ankyrin repeat protein		1
HQ336222	ADO18915.1	hypothetical protein		1
HQ336222	ADO18916.1	putative ankyrin repeat protein		1
HQ336222	ADO18441.1	hypothetical protein		1
HQ336222	ADO18917.1	putative lipocalin		1
HQ336222	ADO18918.1	putative KilA-N domain-containing protein		1
HQ336222	ADQ48145.1	hypothetical protein		1
HQ336222	ADO18919.1	putative KilA-N domain-containing protein		1
HQ336222	ADO18920.1	putative ankyrin repeat protein		1
HQ336222	ADO18443.1	hypothetical protein		1
HQ336222	ADO18921.1	hypothetical protein		1
HQ336222	ADO18922.1	hypothetical protein		1
HQ336222	ADO18444.1	putative CDC123-like protein		1
HQ336222	ADO18445.1	hypothetical protein		1
HQ336222	ADO18446.1	putative JmjC domain-containing protein		1
HQ336222	ADO18447.1	hypothetical protein		1
HQ336222	ADO18923.1	hypothetical protein		1
HQ336222	ADO18924.1	hypothetical protein		1
HQ336222	ADO18449.1	hypothetical protein		1
HQ336222	ADO18925.1	hypothetical protein		1
HQ336222	ADQ12923.1	putative glucose-methanol-choline oxidoreductase protein		1
HQ336222	ADO18926.1	putative endonuclease/exonuclease/phosphatase		1
HQ336222	ADO18927.1	putative ankyrin repeat protein		1
HQ336222	ADO18452.1	putative ankyrin repeat protein		1
HQ336222	ADO18928.1	hypothetical protein		1
HQ336222	ADO18453.1	hypothetical protein		1
HQ336222	ADO18929.1	hypothetical protein		1
HQ336222	ADO18930.1	putative ankyrin repeat protein		1
HQ336222	ADO18931.1	hypothetical protein		1
HQ336222	ADO18932.1	putative ankyrin repeat protein		1
HQ336222	ADO18933.1	putative KilA-N domain-containing protein		1
HQ336222	ADO18454.1	putative Fe2OG oxygenase family oxidoreductase		1
HQ336222	ADO18455.1	probable cholinesterase	acylcholine acylhydrolase	1
HQ336222	ADO18934.1	hypothetical protein		1
HQ336222	ADO18456.1	hypothetical protein		1
HQ336222	ADO18935.1	hypothetical protein		1
HQ336222	ADO18457.1	hypothetical protein		1
HQ336222	ADO18458.1	hypothetical protein		1
HQ336222	ADO18936.1	hypothetical protein		1
HQ336222	ADO18937.1	putative ankyrin repeat protein		1
HQ336222	ADO18459.1	hypothetical protein		1
HQ336222	ADO18460.1	hypothetical protein		1
KT732816	AMH87735.1	replication-associated protein		1
KT732815	AMH87734.1	capsid protein		1
KT732817	AMH87736.1	hypothetical protein		1
HM119428	AEA30063.1	L protein		1
HM119429	AEA30051.1	polyprotein	contains G1, NSm, and G2 proteins	1
HM119430	AEA30085.1	nucleocapsid		1
HM119430	AEA30084.1	nonstructural protein		1
PP467602	WYC14516.1	DNA-binding protein	DJNMCGLD_00001; HTH	1
PP467602	WYC14517.1	hypothetical protein	DJNMCGLD_00002	1
PP467602	WYC14518.1	hypothetical protein	DJNMCGLD_00003	1
PP467602	WYC14519.1	hypothetical protein	DJNMCGLD_00004	1
PP467602	WYC14520.1	hypothetical protein	DJNMCGLD_00005	1
PP467602	WYC14521.1	hypothetical protein	DJNMCGLD_00006	1
PP467602	WYC14522.1	DNA-binding protein	DJNMCGLD_00007; RHH	1
PP467602	WYC14523.1	hypothetical protein	DJNMCGLD_00008	1
PP467602	WYC14524.1	methyltransferase	DJNMCGLD_00009	1
PP467602	WYC14525.1	hypothetical protein	DJNMCGLD_00010	1
PP467602	WYC14526.1	hypothetical protein	DJNMCGLD_00011	1
PP467602	WYC14527.1	DNA-binding protein	DJNMCGLD_00012; RHH	1
PP467602	WYC14528.1	hypothetical protein	DJNMCGLD_00013	1
PP467602	WYC14529.1	major capsid protein	DJNMCGLD_00014; SIRV2-like	1
PP467602	WYC14530.1	glycosyltransferase	DJNMCGLD_00015; GT4 family	1
PP467602	WYC14531.1	minor structural protein	DJNMCGLD_00016; conserved in rudiviruses	1
PP467602	WYC14532.1	minor structural protein	DJNMCGLD_00018; terminal fiber; conserved in rudiviruses	1
PP467602	WYC14533.1	glycosyltransferase	DJNMCGLD_00020; conserved in rudiviruses SIRV2 gp44	1
PP467602	WYC14534.1	putative terminal fiber protein	DJNMCGLD_00021	1
PP467602	WYC14535.1	hypothetical protein	DJNMCGLD_00022	1
PP467602	WYC14536.1	major capsid protein	DJNMCGLD_00023; SIRV2-like	1
PP467602	WYC14537.1	hypothetical protein	DJNMCGLD_00024	1
PP467602	WYC14538.1	hypothetical protein	DJNMCGLD_00025	1
PP467602	WYC14539.1	hypothetical protein	DJNMCGLD_00027	1
PP467602	WYC14540.1	zinc finger protein	DJNMCGLD_00028; His1 ORF4 homolog	1
PP467602	WYC14541.1	Kelch domain-containing protein	DJNMCGLD_00029; beta propeller	1
PP467602	WYC14542.1	putative structural protein with a jelly-roll fold	DJNMCGLD_00030	1
PP467602	WYC14543.1	putative structural protein with a triple beta-helix fold	DJNMCGLD_00031	1
PP467602	WYC14544.1	hypothetical protein	DJNMCGLD_00032	1
PP467602	WYC14545.1	hypothetical protein	DJNMCGLD_00033	1
PP467602	WYC14546.1	homing endonuclease	DJNMCGLD_00034; LADLIDADG	1
PP467602	WYC14547.1	hypothetical protein	DJNMCGLD_00035	1
PP467602	WYC14548.1	hypothetical protein	DJNMCGLD_00036	1
PP467602	WYC14549.1	zinc finger protein	DJNMCGLD_00038	1
PP467602	WYC14550.1	CRISPR-associated endonuclease Cas2	DJNMCGLD_00039	1
PP467602	WYC14551.1	hypothetical protein	DJNMCGLD_00040	1
PP467602	WYC14552.1	hypothetical protein	DJNMCGLD_00041	1
PP467602	WYC14553.1	DNA-binding protein	DJNMCGLD_00042; HTH	1
AF271059	AAG53744.2	polyhedrin	ORF1	1
AF271059	AAG53745.1	unknown	ORF2; orf1629	1
AF271059	AAG53746.1	pk-1	ORF3	1
AF271059	AAG53747.1	hoar	ORF4	1
AF271059	AAG53748.1	unknown	ORF5	1
AF271059	AAG53749.1	Hzorf480	ORF6	1
AF271059	AAG53750.1	unknown	ORF7	1
AF271059	AAG53751.1	ie-0	ORF8	1
AF271059	AAG53752.1	p49	ORF9	1
AF271059	AAG53753.1	odv-e18	ORF10	1
AF271059	AAG53754.1	odv-e27	ORF11	1
AF271059	AAG53755.1	unknown	ORF12	1
AF271059	AAG53756.1	unknown	ORF13	1
AF271059	AAG53757.1	ie-1	ORF14	1
AF271059	AAG53758.1	odv-e56	ORF15	1
AF271059	AAG53759.2	me53	ORF16-17	1
AF271059	AAG53761.1	unknown	ORF18	1
AF271059	AAG53762.1	unknown	ORF19; LdORF26	1
AF271059	AAG53763.1	p74	ORF20	1
AF271059	AAG53764.1	p10	ORF21	1
AF271059	AAG53765.1	p26	ORF22	1
AF271059	AAG53766.1	unknown	ORF23	1
AF271059	AAG53767.1	lef-6	ORF24	1
AF271059	AAG53768.1	dbp	ORF25	1
AF271059	AAG53769.1	unknown	ORF26	1
AF271059	AAG53770.1	unknown	ORF27	1
AF271059	AAG53771.1	ubiquitin	ORF28	1
AF271059	AAG53772.1	unknown	ORF29	1
AF271059	AAG53773.1	Lese25-like protein	ORF30	1
AF271059	AAG53774.1	39k/pp31	ORF31	1
AF271059	AAG53775.1	lef-11	ORF32	1
AF271059	AAG53776.1	unknown	ORF33	1
AF271059	AAG53777.1	unknown	ORF34	1
AF271059	AAG53778.1	p47	ORF35	1
AF271059	AAG53779.1	unknown	ORF36	1
AF271059	AAG53780.1	unknown	ORF37	1
AF271059	AAG53781.1	lef-8	ORF38	1
AF271059	AAG53782.1	unknown	ORF39	1
AF271059	AAG53783.1	unknown	ORF40	1
AF271059	AAG53784.1	chitinase	ORF41	1
AF271059	AAG53785.1	unknown	ORF42	1
AF271059	AAG53786.1	unknown	ORF43	1
AF271059	AAG53787.1	unknown	ORF44	1
AF271059	AAG53788.1	unknown	ORF45	1
AF271059	AAG53789.1	lef-10	ORF46	1
AF271059	AAG53790.1	vp1054	ORF47	1
AF271059	AAG53791.1	unknown	ORF48	1
AF271059	AAG53792.1	unknown	ORF49	1
AF271059	AAG53793.1	unknown	ORF50	1
AF271059	AAG53794.1	unknown	ORF51	1
AF271059	AAG53795.1	unknown	ORF52	1
AF271059	AAG53796.1	fp	ORF53	1
AF271059	AAG53797.1	unknown	ORF54	1
AF271059	AAG53798.1	lef-9	ORF55	1
AF271059	AAG53799.1	cathepsin	ORF56	1
AF271059	AAG53800.1	unknown	ORF57	1
AF271059	AAG53801.1	gp37	ORF58	1
AF271059	AAG53802.1	bro	ORF59	1
AF271059	AAG53803.1	bro	ORF60	1
AF271059	AAG53804.1	he65	ORF61	1
AF271059	AAG53805.1	iap-2	ORF62	1
AF271059	AAG53806.1	unknown	ORF63	1
AF271059	AAG53807.1	unknown	ORF64	1
AF271059	AAG53808.1	lef-3	ORF65	1
AF271059	AAG53809.1	unknown	ORF66	1
AF271059	AAG53810.1	DNA pol	ORF67	1
AF271059	AAG53811.1	unknown	ORF68	1
AF271059	AAG53812.1	unknown	ORF69; HzORF384	1
AF271059	AAG53813.1	unknown	ORF70	1
AF271059	AAG53814.1	vlf-1	ORF71	1
AF271059	AAG53815.1	unknown	ORF72	1
AF271059	AAG53816.1	gp41	ORF73	1
AF271059	AAG53817.1	unknown	ORF74	1
AF271059	AAG53818.1	unknown	ORF75	1
AF271059	AAG53819.1	vp91capsid	ORF76	1
AF271059	AAG53820.1	cg30	ORF77	1
AF271059	AAG53821.1	vp39capsid	ORF78	1
AF271059	AAG53822.1	lef-4	ORF79	1
AF271059	AAG53823.1	unknown	ORF80	1
AF271059	AAG53824.1	unknown	ORF81	1
AF271059	AAG53825.1	odv-e25	ORF82	1
AF271059	AAG53826.1	unknown	ORF83	1
AF271059	AAG53827.1	helicase	ORF84	1
AF271059	AAG53828.1	unknown	ORF85	1
AF271059	AAG53829.1	unknown	ORF86	1
AF271059	AAG53830.1	lef-5	ORF87	1
AF271059	AAG53831.1	p6.9	ORF88	1
AF271059	AAG53832.1	unknown	ORF89	1
AF271059	AAG53833.1	unknown	ORF90	1
AF271059	AAG53834.1	unknown	ORF91	1
AF271059	AAG53835.1	vp80capsid	ORF92	1
AF271059	AAG53836.1	unknown	ORF93	1
AF271059	AAG53837.1	unknown	ORF94	1
AF271059	AAG53838.1	unknown	ORF95	1
AF271059	AAG53839.1	odv-e66	ORF96	1
AF271059	AAG53840.1	unknown	ORF97	1
AF271059	AAG53841.1	unknown	ORF98	1
AF271059	AAG53842.1	unknown	ORF99	1
AF271059	AAG53843.1	unknown	ORF100	1
AF271059	AAG53844.1	unknown	ORF101	1
AF271059	AAG53845.1	unknown	ORF102	1
AF271059	AAG53846.1	iap-3	ORF103	1
AF271059	AAG53847.1	unknown	ORF104	1
AF271059	AAG53848.1	bro	ORF105	1
AF271059	AAG53849.1	sod	ORF106	1
AF271059	AAG53850.1	unknown	ORF107	1
AF271059	AAG53851.1	unknown	ORF108	1
AF271059	AAG53852.1	unknown	ORF109	1
AF271059	AAG53853.1	unknown	ORF110	1
AF271059	AAG53854.1	unknown	ORF111	1
AF271059	AAG53855.1	unknown	ORF112	1
AF271059	AAG53856.1	fgf	ORF113	1
AF271059	AAG53857.1	alk-exo	ORF114	1
AF271059	AAG53858.1	unknown	ORF115	1
AF271059	ABW93481.1	hypothetical protein	ORF115a	1
AF271059	AAG53859.1	unknown	ORF116	1
AF271059	AAG53860.1	lef-2	ORF117	1
AF271059	AAG53861.1	p24capsid	ORF118	1
AF271059	AAG53862.1	gp16	ORF119	1
AF271059	AAG53863.1	calyx/pep	ORF120	1
AF271059	AAG53864.1	unknown	ORF121	1
AF271059	AAG53865.1	unknown	ORF122	1
AF271059	AAG53866.1	38.7kd	ORF123	1
AF271059	AAG53867.1	lef-1	ORF124	1
AF271059	AAG53868.1	unknown	ORF125	1
AF271059	AAG53869.1	egt	ORF126	1
AF271059	AAG53870.1	unknown	ORF127	1
AF271059	AAG53871.1	unknown	ORF128	1
AF271059	AAG53872.1	unknown	ORF129	1
AF271059	AAG53873.1	pkip-1	ORF130	1
AF271059	AAG53874.1	arif-1	ORF131	1
AF271059	AAG53875.1	unknown	ORF132	1
AF271059	AAG53876.1	unknown	ORF133	1
AF271059	AAG53877.1	unknown	ORF134	1
AF271059	AAG53878.1	unknown	ORF135	1
AF303045	AAK96392.1	polyhedrin	Orf1	1
AF303045	AAK96259.1	Orf1236	Orf2; similar to AcMNPV Orf1629	1
AF303045	AAK96260.1	protein kinase	Orf3; similar to AcMNPV PK-1	1
AF303045	AAK96261.1	haor	Orf4	1
AF303045	AAK96262.1	unknown	Orf5b; similar to AcORF152 homolog	1
AF303045	AAK96263.1	unknown	Orf6	1
AF303045	AAT97401.1	unknown	Orf7	1
AF303045	AAK96301.1	ie-0	Orf8; similar to AcORF141 homolog	1
AF303045	AAK96264.1	p49	Orf9	1
AF303045	AAK96265.1	odv-e18	Orf10	1
AF303045	AAK96266.1	odv-ec27	Orf11	1
AF303045	AAK96267.1	unknown	Orf12; similar to AcOrf145 homolog	1
AF303045	AAK96268.1	ep23	Orf13; similar to AcOrf146 homolog	1
AF303045	AAK96269.1	ie-1	Orf14; immediate early 1	1
AF303045	AAK96270.1	odv-e56	Orf15	1
AF303045	AAK96271.1	me-53	Orf16; early 53 kD protein; similar to HaSNPV-G4 ORF16+17	1
AF303045	AAK96389.1	unknown	Orf18	1
AF303045	AAK96272.1	unknown	Orf19; similar to AcOrf154 Homolog	1
AF303045	AAK96273.1	P74	Orf20	1
AF303045	AAK96274.1	P10	Orf21	1
AF303045	AAK96275.1	P26	Orf22	1
AF303045	AAK96276.1	unknown	Orf23; similar to AcORF152 homolog	1
AF303045	AAK96277.1	lef6	Orf24; late expression factor	1
AF303045	AAK96278.1	dbp	Orf25; DNA binding protein	1
AF303045	AAK96279.1	unknown	Orf26; similar to AcOrf26 homolog	1
AF303045	AAK96280.1	unknown	Orf27; similar to AcOrf34 homolog	1
AF303045	AAK96281.1	ubiquitin-like protein	Orf28; similar to AcOrf35 homolog	1
AF303045	AAK96282.1	unknown	Orf29	1
AF303045	AAK96283.1	el25	Orf30; similar to LsNPV el25 homolog	1
AF303045	AAK96285.1	39K Protein	Orf31; 39K/pp31	1
AF303045	AAK96286.1	lef11	Orf32; late expression factor	1
AF303045	AAK96287.1	unknown	Orf33; similar to AcOrf38 homolog	1
AF303045	AAK96284.1	unknown	Orf34	1
AF303045	AAK96288.1	p47	Orf35; viral transcription regulator	1
AF303045	AAK96289.1	lef12	Orf36; late expression factor	1
AF303045	AAK96290.1	unknown	Orf37; similar to AcOrf43 homolog	1
AF303045	AAK96291.1	lef8	Orf38; late expression factor	1
AF303045	AAK96292.1	unknown	Orf39	1
AF303045	AAK96390.1	unknown	Orf40	1
AF303045	AAK96293.1	chitinase	Orf41	1
AF303045	AAK96294.1	unknown	Orf42; similar to AcOrf52 homolog	1
AF303045	AAK96295.1	unknown	Orf43; similar to AcOrf53 homolog	1
AF303045	AAK96296.1	unknown	Orf44; similar to SeMNPV Orf107 homolog	1
AF303045	AAK96391.1	unknown	Orf45	1
AF303045	AAT97400.1	lef10	Orf46; late expression factor	1
AF303045	AAK96297.1	vp1054	Orf44; virion protein; similar to AcORF54 homolog	1
AF303045	AAK96298.1	unknown	Orf45; similar to AcOrf55 homolog	1
AF303045	AAK96299.1	unknown	Orf46; similar to AcOrf56 homolog	1
AF303045	AAK96300.1	unknown	Orf47; similar to AcOrf57 homolog	1
AF303045	AAK96383.1	unknown	Orf48; similar to AcOrf59 homolog	1
AF303045	AAK96384.1	unknown	Orf49; similar to AcOrf60 homolog	1
AF303045	AAK96302.1	few polyhedra	Orf50; 25K few polyhedra	1
AF303045	AAK96385.1	unknown	Orf51	1
AF303045	AAK96303.1	lef9	Orf52; late expression factor	1
AF303045	AAK96381.1	cathepsin	Orf56	1
AF303045	AAK96304.1	unknown	Orf57; similar to XcGV Orf 83 homolog	1
AF303045	AAK96305.1	gp37	Orf58	1
AF303045	AAK96306.1	bro-a	Orf59; baculovirus repeat ORF; similar to LdMNPV Orf 146 homolog	1
AF303045	AAK96307.1	bro-a	Orf60; baculovirus repeat ORF	1
AF303045	AAK96308.1	he65	Orf61; similar to AcOrf105 homolog	1
AF303045	AAK96309.1	iap-2	Orf62; inhibitor of apoptosis	1
AF303045	AAK96310.1	unknown	Orf63; similar to AcOrf69 homolog	1
AF303045	AAK96311.1	unknown	Orf64; similar to AcOrf68 homolog	1
AF303045	AAK96312.1	lef3	Orf65; late expression factor	1
AF303045	AAK96313.1	unknown	Orf66; similar to AcOrf66 homolog	1
AF303045	AAK96314.1	DNA polymerase	Orf67; DNA directed DNA polymerase	1
AF303045	AAK96315.1	unknown	Orf68; similar to AcOrf74 homolog	1
AF303045	AAK96316.1	unknown	Orf69; similar to AcOrf75 homolog	1
AF303045	AAK96317.1	unknown	Orf70; similar to AcOrf76 homolog	1
AF303045	AAK96318.1	vlf-1	Orf71; very late expression factor	1
AF303045	AAK96319.1	unknown	Orf72; similar to AcOrf78 homolog	1
AF303045	AAK96320.1	P40	Orf73; gp41	1
AF303045	AAK96321.1	unknown	Orf74; similar to AcOrfF81 homolog	1
AF303045	AAK96322.1	unknown	Orf75; similar to AcOrf82 homolog	1
AF303045	AAK96323.1	vp91 capsid	Orf76; viral capsid associated protein	1
AF303045	AAK96324.1	cg30 protein	Orf77	1
AF303045	AAK96325.1	vp39 capsid	Orf78; 39kD capsid protein	1
AF303045	AAK96326.1	lef4	Orf79; very late expression factor 4	1
AF303045	AAK96327.1	unknown	Orf80; similar to AcOrf92 homolog	1
AF303045	AAK96328.1	unknown	Orf81; similar to AcOrf93 homolog	1
AF303045	AAK96380.1	odv-e25	Orf82	1
AF303045	AAK96329.1	unknown	Orf83	1
AF303045	AAK96382.1	helicase	Orf84	1
AF303045	AAK96330.1	unknown	Orf85; similar to AcOrf96 homolog	1
AF303045	AAK96331.1	unknown	Orf86; similar to AcOrf98 homolog	1
AF303045	AAK96332.1	lef5	Orf87; late expression factor 5	1
AF303045	AAK96333.1	p6.9	Orf88	1
AF303045	AAK96334.1	unknown	Orf89; similar to AcOrf103 homolog	1
AF303045	AAK96335.1	unknown	Orf90; similar to AcOrf102 homolog	1
AF303045	AAK96336.1	unknown	Orf91; similar to AcOrf101 homolog	1
AF303045	AAK96337.1	vp80 capsid	Orf92; viral capsid associated protein	1
AF303045	AAK96386.1	unknown	Orf93	1
AF303045	AAK96338.1	odv-ec43	Orf94; similar to AcOrf109 homolog	1
AF303045	AAK96339.1	unknown	Orf95; similar to AcOrf108 homolog	1
AF303045	AAK96340.1	odv-e66	Orf96; occlusion-derived virus envelope protein e66	1
AF303045	AAK96341.1	p13+	Orf97; similar to SeMNPV Orf56 and LsNPV p13	1
AF303045	AAK96388.1	unknown	Orf97a	1
AF303045	AAK96342.1	unknown	Orf98; similar to AcOrf115 homolog	1
AF303045	AAK96343.1	unknown	Orf99	1
AF303045	AAK96344.1	unknown	Orf100; similar to SeMNPV Orf 52	1
AF303045	AAK96345.1	unknown	Orf101; similar to AcOrf106 homolog	1
AF303045	AAK96346.1	unknown	Orf102	1
AF303045	AAK96347.1	iap-3	Orf103; inhibitor of apoptosis	1
AF303045	AAK96387.1	unknown	Orf104	1
AF303045	AAK96348.1	bro-c	Orf105; baculovirus repeated Orf family; similar to XcGV Orf60	1
AF303045	AAK96349.1	sod	Orf106; superoxide dismutase	1
AF303045	AAK96350.1	unknown	Orf107; similar to SeMNPV Orf23	1
AF303045	AAK96351.1	unknown	Orf108	1
AF303045	AAK96352.1	unknown	Orf109	1
AF303045	AAK96354.1	unknown	Orf110; similar to AcOrf117 homolog	1
AF303045	AAK96353.1	unknown	Orf111; similar to AcOrf119	1
AF303045	AAT97399.1	unknown	Orf112	1
AF303045	AAK96355.1	unknown	Orf113; fibroblast growth factor homolog	1
AF303045	AAK96356.1	alkaline exonuclease	Orf114; similar to AcOrf133 homolog	1
AF303045	AAK96357.1	unknown	Orf115; similar to AcOrf19 Homolog	1
AF303045	AAK96358.1	unknown	Orf115a	1
AF303045	AAK96359.1	unknown	Orf116; similar to AcOrf111 and XcGV Orf160	1
AF303045	AAK96360.1	lef2	Orf117; late expression factor 2	1
AF303045	AAK96361.1	unknown	Orf117a	1
AF303045	AAK96362.1	p24 capsid	Orf118; capsid protein p24	1
AF303045	AAK96363.1	gp16	Orf119	1
AF303045	AAK96365.1	calyx/pep	Orf120; calyx/polyhedron envelope	1
AF303045	AAK96364.1	unknown	Orf121; similar to AcOrf63 homolog	1
AF303045	AAK96366.1	odv-c21	Orf122	1
AF303045	AAK96367.1	38.7kD protein	Orf123; similar to AcOrf13 homolog	1
AF303045	AAK96368.1	lef1	Orf124; late expression factor 1	1
AF303045	AAK96369.1	unknown	Orf125	1
AF303045	AAK96370.1	egt	Orf126; ecdysterriod UDP-glucosyltransferase	1
AF303045	AAK96371.2	unknown	Orf127; similar to LdMNPV Orf127	1
AF303045	AAK96372.1	bv-ec31	Orf128; similar to AcOrf17 homolog	1
AF303045	AAK96373.1	unknown	Orf129; similar to LdMNPV Orf129	1
AF303045	AAK96374.1	pkip-1	Orf130; similar to AcOrf24 homolog	1
AF303045	AAK96375.1	arif1	Orf131; actin rearrangement inducing factor	1
AF303045	AAK96376.1	unknown	Orf132; similar to AcOrf22 homolog	1
AF303045	AAK96377.1	envelope protein	Orf133; similar to LdMNPV Orf130 and SeMNPV Orf8	1
AF303045	AAK96378.1	unknown	Orf134	1
AF303045	AAK96379.1	unknown	Orf135	1
AP010907	BAG74566.1	polyhedrin	orf1; ph; similar to AcORF8	1
AP010907	BAG74567.1	viral capsid associated protein	orf2; orf1629; similar to AcORF9	1
AP010907	BAG74568.1	protein kinase 1	orf3; pk-1; similar to AcORF10	1
AP010907	BAG74569.1	hypothetical protein	orf4; hoar	1
AP010907	BAG74570.1	hypothetical protein	orf5; similar to AcORF152	1
AP010907	BAG74571.1	hypothetical protein	orf6	1
AP010907	BAG74572.1	hypothetical protein	orf7	1
AP010907	BAG74573.1	immediate early protein 0	orf8; ie-0; similar to AcORF141	1
AP010907	BAG74574.1	hypothetical protein	orf9; p49; similar to AcORF142	1
AP010907	BAG74575.1	occlusion-derived virus envelope protein 18	orf10; odv-e18; similar to AcORF143	1
AP010907	BAG74576.1	occlusion-derived virus envelope/capsid protein 27	orf11; odv-ec27; similar to AcORF144	1
AP010907	BAG74577.1	hypothetical protein	orf12; similar to AcORF145	1
AP010907	BAG74578.1	hypothetical protein	orf13; ep23; similar to AcORF146	1
AP010907	BAG74579.1	early gene transactivator	orf14; ie-1; similar to AcORF147	1
AP010907	BAG74580.1	occlusion-derived virus envelope protein 56	orf15; odv-e56; similar to AcORF148	1
AP010907	BAG74581.1	DNA synthesis regulator	orf16; me-53; similar to AcORF139	1
AP010907	BAG74582.1	hypothetical protein	orf17	1
AP010907	BAG74583.1	hypothetical protein	orf18	1
AP010907	BAG74584.1	occlusion-derived virus envelope protein	orf19; p74; similar to AcORF138	1
AP010907	BAG74585.1	fibrous body protein	orf20; p10; similar to AcORF137	1
AP010907	BAG74586.1	hypothetical protein	orf21; p26; similar to AcORF136	1
AP010907	BAG74587.1	hypothetical protein	orf22; similar to AcORF29	1
AP010907	BAG74588.1	late expression factor 6	orf23; lef6; similar to AcORF28	1
AP010907	BAG74589.1	ssDNA binding protein	orf24; dbp; similar to AcORF25	1
AP010907	BAG74590.1	hypothetical protein	orf25; similar to AcORF26	1
AP010907	BAG74591.1	hypothetical protein	orf26	1
AP010907	BAG74592.1	hypothetical protein	orf27; similar to AcORF34	1
AP010907	BAG74593.1	viral ubiquitin	orf28; ubiquitin; similar to AcORF35	1
AP010907	BAG74594.1	hypothetical protein	orf29	1
AP010907	BAG74595.1	hypothetical protein	orf30; el25	1
AP010907	BAG74596.1	nuclear matrix associated phosphoprotein	orf31; 39k; similar to AcORF36	1
AP010907	BAG74597.1	late expression factor 11	orf32; lef11; similar to AcORF37	1
AP010907	BAG74598.1	budded virus envelope protein 31	orf33; bv-e31; similar to AcORF38	1
AP010907	BAG74599.1	hypothetical protein	orf34	1
AP010907	BAG74600.1	transcription regulator	orf35; p47; similar to AcORF40	1
AP010907	BAG74601.1	late expression factor 12	orf36; lef12; similar to AcORF41	1
AP010907	BAG74602.1	hypothetical protein	orf37; similar to AcORF43	1
AP010907	BAG74603.1	late expression factor 8	orf38; lef8; similar to AcORF50	1
AP010907	BAG74604.1	hypothetical protein	orf39; bJDP; similar to AcORF51	1
AP010907	BAG74605.1	hypothetical protein	orf40	1
AP010907	BAG74606.1	chitinase	orf41; chitinase; similar to AcORF126	1
AP010907	BAG74607.1	hypothetical protein	orf42; similar to AcORF52	1
AP010907	BAG74608.1	hypothetical protein	orf43; similar to AcORF53	1
AP010907	BAG74609.1	hypothetical protein	orf44	1
AP010907	BAG74610.1	hypothetical protein	orf45	1
AP010907	BAG74611.1	late expression factor 10	orf46; lef10; similar to AcORF53a	1
AP010907	BAG74612.1	viral capsid associated protein	orf47; vp1054; similar to AcORF54	1
AP010907	BAG74613.1	hypothetical protein	orf48; similar to AcORF55	1
AP010907	BAG74614.1	hypothetical protein	orf49; similar to AcORF56	1
AP010907	BAG74615.1	hypothetical protein	orf50; similar to AcORF57	1
AP010907	BAG74616.1	hypothetical protein	orf51; similar to AcORF59	1
AP010907	BAG74617.1	hypothetical protein	orf52; similar to AcORF60	1
AP010907	BAG74618.1	few polyhedra plaque phenotype associated protein	orf53; fp; similar to AcORF61	1
AP010907	BAG74619.1	hypothetical protein	orf54	1
AP010907	BAG74620.1	late expression factor 9	orf55; lef9; similar to AcORF62	1
AP010907	BAG74621.1	viral cathepsin-like protein	orf56; cathepsin; similar to AcORF127	1
AP010907	BAG74622.1	hypothetical protein	orf57	1
AP010907	BAG74623.1	fusolin	orf58; gp37; spindle body protein; similar to AcORF64	1
AP010907	BAG74624.1	baculovirus repeated ORF a	orf59; bro-a	1
AP010907	BAG74625.1	baculovirus repeated ORF b	orf60; bro-b	1
AP010907	BAG74626.1	baculovirus repeated ORF c	orf61; bro-c; similar to AcORF2	1
AP010907	BAG74627.1	hypothetical protein	orf62	1
AP010907	BAG74628.1	hypothetical protein	orf63; he65; similar to AcORF105	1
AP010907	BAG74629.1	inhibitor of apoptosis 2	orf64; iap-2; similar to AcORF71	1
AP010907	BAG74630.1	putative methyl transferase	orf65; met; similar to AcORF69	1
AP010907	BAG74631.1	hypothetical protein	orf66; similar to AcORF68	1
AP010907	BAG74632.1	late expression factor 3	orf67; lef3; similar to AcORF67	1
AP010907	BAG74633.1	hypothetical protein	orf68; similar to AcORF66	1
AP010907	BAG74634.1	DNA-dependent DNA-polymerase	orf69; DNApol; similar to AcORF65	1
AP010907	BAG74635.1	hypothetical protein	orf70; similar to AcORF74	1
AP010907	BAG74636.1	hypothetical protein	orf71; similar to AcORF75	1
AP010907	BAG74637.1	hypothetical protein	orf72; similar to AcORF76	1
AP010907	BAG74638.1	very late expression factor 1	orf73; vlf-1; similar to AcORF77	1
AP010907	BAG74639.1	hypothetical protein	orf74; similar to AcORF78	1
AP010907	BAG74640.1	occlusion-derived virus glycoprotein	orf75; p40/gp41; similar to AcORF80	1
AP010907	BAG74641.1	hypothetical protein	orf76; similar to AcORF81	1
AP010907	BAG74642.1	telokin-like protein-20	orf77; tlp-20; similar to AcORF82	1
AP010907	BAG74643.1	viral capsid associated protein	orf78; vp91 capsid; similar to AcORF83	1
AP010907	BAG74644.1	hypothetical protein	orf79; cg30; similar to AcORF88	1
AP010907	BAG74645.1	major viral capsid protein	orf80; vp39 capsid; similar to AcORF89	1
AP010907	BAG74646.1	late expression factor 4	orf81; lef4; similar to AcORF90	1
AP010907	BAG74647.1	hypothetical protein	orf82; p33; similar to AcORF92	1
AP010907	BAG74648.1	hypothetical protein	orf83; similar to AcORF93	1
AP010907	BAG74649.1	occlusion-derived virus envelope protein 25	orf84; odv-e25; similar to AcORF94	1
AP010907	BAG74650.1	hypothetical protein	orf85	1
AP010907	BAG74651.1	helicase	orf86; helicase; similar to AcORF95	1
AP010907	BAG74652.1	hypothetical protein	orf87; similar to AcORF96	1
AP010907	BAG74653.1	hypothetical protein	orf88; 38k; similar to AcORF98	1
AP010907	BAG74654.1	late expression factor 5	orf89; lef5; similar to AcORF99	1
AP010907	BAG74655.1	major DNA binding protein	orf90; p6.9; similar to AcORF100	1
AP010907	BAG74656.1	budded virus and occlusion-derived virus capsid protein 42	orf91; odv/bv-c42; similar to AcORF101	1
AP010907	BAG74657.1	hypothetical protein	orf92; p12; similar to AcORF102	1
AP010907	BAG74658.1	hypothetical protein	orf93; p48; similar to AcORF103	1
AP010907	BAG74659.1	viral capsid associated protein	orf94; vp80 capsid; similar to AcORF104	1
AP010907	BAG74660.1	hypothetical protein	orf95; similar to AcORF110	1
AP010907	BAG74661.1	occlusion-derived virus envelope/capsid protein 43	orf96; odv-ec43; similar to AcORF109	1
AP010907	BAG74662.1	hypothetical protein	orf97; similar to AcORF108	1
AP010907	BAG74663.1	occlusion-derived virus envelope protein 66	orf98; odv-e66; similar to AcORF46	1
AP010907	BAG74664.1	hypothetical protein	orf99; p13	1
AP010907	BAG74665.1	hypothetical protein	orf100	1
AP010907	BAG74666.1	per os infectivity factor 3	orf101; pif-3; similar to AcORF115	1
AP010907	BAG74667.1	hypothetical protein	orf102	1
AP010907	BAG74668.1	poly(ADP-ribose) glycohydrolase	orf103; parg	1
AP010907	BAG74669.1	hypothetical protein	orf104; similar to AcORF106/107	1
AP010907	BAG74670.1	hypothetical protein	orf105	1
AP010907	BAG74671.1	inhibitor of apoptosis 3	orf106; iap-3; similar to AcORF27	1
AP010907	BAG74672.1	hypothetical protein	orf107	1
AP010907	BAG74673.1	baculovirus repeated ORF d	orf108; bro-d; similar to AcORF2	1
AP010907	BAG74674.1	superoxide dismutase	orf109; sod; similar to AcORF31	1
AP010907	BAG74675.1	hypothetical protein	orf110	1
AP010907	BAG74676.1	hypothetical protein	orf111	1
AP010907	BAG74677.1	hypothetical protein	orf112	1
AP010907	BAG74678.1	hypothetical protein	orf113; similar to AcORF117	1
AP010907	BAG74679.1	per os infectivity factor 1	orf114; pif-1; similar to AcORF119	1
AP010907	BAG74680.1	hypothetical protein	orf115	1
AP010907	BAG74681.1	fibroblast growth factor	orf116; fgf; similar to AcORF32	1
AP010907	BAG74682.1	alkaline exonuclease	orf117; alk-exo; similar to AcORF133	1
AP010907	BAG74683.1	hypothetical protein	orf118; similar to AcORF19	1
AP010907	BAG74684.1	hypothetical protein	orf119	1
AP010907	BAG74685.1	hypothetical protein	orf120	1
AP010907	BAG74686.1	hypothetical protein	orf121	1
AP010907	BAG74687.1	hypothetical protein	orf122; similar to AcORF111	1
AP010907	BAG74688.1	late expression factor 2	orf123; lef2; similar to AcORF6	1
AP010907	BAG74689.1	hypothetical protein	orf124	1
AP010907	BAG74690.1	viral capsid protein	orf125; p24 capsid; similar to AcORF129	1
AP010907	BAG74691.1	hypothetical protein	orf126; gp16; similar to AcORF130	1
AP010907	BAG74692.1	major polyhedral calyx protein	orf127; calyx/pep; similar to AcORF131	1
AP010907	BAG74693.1	hypothetical protein	orf128; similar to AcORF63	1
AP010907	BAG74694.1	occlusion-derived virus capsid protein 21	orf129; odv-c21	1
AP010907	BAG74695.1	hypothetical protein	orf130; 38.7kD; similar to AcORF13	1
AP010907	BAG74696.1	late expression factor 1	orf131; lef1; similar to AcORF14	1
AP010907	BAG74697.1	hypothetical protein	orf132	1
AP010907	BAG74698.1	ecdysteroid UDP-glucosyl transferase	orf133; egt; similar to AcORF15	1
AP010907	BAG74699.1	hypothetical protein	orf134	1
AP010907	BAG74700.1	hypothetical protein	orf135	1
AP010907	BAG74701.1	budded virus envelope/capsid protein 31	orf136; bv-ec31; similar to AcORF17	1
AP010907	BAG74702.1	hypothetical protein	orf137	1
AP010907	BAG74703.1	protein kinase interacting protein 1	orf138; pkip-1; similar to AcORF24	1
AP010907	BAG74704.1	actin rearrangement inducing factor 1	orf139; arif1; similar to AcORF21	1
AP010907	BAG74705.1	per os infectivity factor 2	orf140; pif-2; similar to AcORF22	1
AP010907	BAG74706.1	copia-like envelope protein	orf141; f protein; similar to AcORF23	1
AP010907	BAG74707.1	hypothetical protein	orf142	1
AP010907	BAG74708.1	hypothetical protein	orf143	1
AY317099	AAQ83562.1	VP1	RNA-dependent RNA polymerase	1
AY317100	AAQ83563.1	VP2		1
AY317101	AAQ83564.1	VP3		1
AY317102	AAQ83565.1	VP4		1
AY317103	AAQ83566.1	VP5		1
AY317104	AAQ83567.1	VP6		1
AY317105	AAQ83568.1	VP7		1
AY317106	AAQ83569.1	VP8		1
AY317107	AAQ83570.1	VP9		1
AY317108	AAQ83571.1	VP10		1
AY317109	AAQ83572.1	VP11		1
AY317110	AAQ83573.1	VP12		1
AE006468	AAL18965.1	thr operon leader peptide	similar to E. coli thr operon leader peptide (AAC73112.1); Blastp hit to AAC73112.1 (21 aa), 85-1073758644dentity in aa 1 - 21	1
AE006468	AAL18966.1	aspartokinase I	bifunctional; N-terminaus is aspartokinase I and C terminus is homoserine dehydrogenase I; similar to E. coli aspartokinase I, homoserine dehydrogenase I (AAC73113.1); Blastp hit to AAC73113.1 (820 aa), 94% identity in aa 1 - 820	1
AE006468	AAL18967.1	homoserine kinase	similar to E. coli homoserine kinase (AAC73114.1); Blastp hit to AAC73114.1 (310 aa), 93% identity in aa 1 - 308	1
AE006468	AAL18968.1	threonine synthase	similar to E. coli threonine synthase (AAC73115.1); Blastp hit to AAC73115.1 (428 aa), 93% identity in aa 1 - 428	1
AE006468	AAL18969.1	putative cytoplasmic protein	similar to E. coli orf, hypothetical protein (AAC73117.1); Blastp hit to AAC73117.1 (258 aa), 86% identity in aa 1 - 257	1
AE006468	AAL18970.1	putative alanine/glycine transport protein	AGCS family; similar to E. coli inner membrane transport protein (AAC73118.1); Blastp hit to AAC73118.1 (476 aa), 76% identity in aa 1 - 476	1
AE006468	AAL18971.1	transaldolase B	similar to E. coli transaldolase B (AAC73119.1); Blastp hit to AAC73119.1 (317 aa), 94% identity in aa 1 - 317	1
AE006468	AAL18972.1	putative molybdochetalase	molybdopterine biosynthesis; similar to E. coli required for the efficient incorporation of molybdate into molybdoproteins (AAC73120.1); Blastp hit to AAC73120.1 (195 aa), 91% identity in aa 1 - 192	1
AE006468	AAL18973.1	putative regulatory protein	similar to E. coli orf, hypothetical protein (AAC73121.1); Blastp hit to AAC73121.1 (188 aa), 90% identity in aa 1 - 188	1
AE006468	AAL18974.1	positive sigma H regulator	functions on sigma 32 promoters permitting growth at high temperature; similar to E. coli putative oxidoreductase (AAC73122.1); Blastp hit to AAC73122.1 (237 aa), 87% identity in aa 1 - 236	1
AE006468	AAL18975.1	putative periplasmic protein	similar to E. coli orf, hypothetical protein (AAC73124.1); Blastp hit to AAC73124.1 (134 aa), 81% identity in aa 1 - 134	1
AE006468	AAL18976.1	chaperone Hsp70	DNAK protein; heat shock protein 70; HSP70; involved in DNA biosynthesis and cell division; (SW:DNAK_SALTY)	1
AE006468	AAL18977.1	heat shock protein DnaJ	chaperone protein DnaJ; GrpE; stimulates ATPase activity of DnaK; (SW:DNAJ_SALTY)	1
AE006468	AAL18978.1	putative LysR family transcriptional regulator	similar to E. coli putative transcriptional regulator LYSR-type (AAC73704.1); Blastp hit to AAC73704.1 (300 aa), 25% identity in aa 8 - 296	1
AE006468	AAL18979.1	putative bacteriophage protein		1
AE006468	AAL18980.1	hypothetical protein		1
AE006468	AAL18981.1	putative protein	similar to E. coli putative sensory transducer (AAC75886.1); Blastp hit to AAC75886.1 (269 aa), 30% identity in aa 3 - 109	1
AE006468	AAL18982.1	putative exochitinase		1
AE006468	AAL18983.1	putative hydroxymethyltransferase		1
AE006468	AAL18984.1	putative cytoplasmic protein	similar to E. coli orf, hypothetical protein (AAC73478.1); Blastp hit to AAC73478.1 (222 aa), 32% identity in aa 21 - 222	1
AE006468	AAL18985.1	fimbrial subunit	fimbrial subunit (gi|4959511)	1
AE006468	AAL18986.1	fimbrial chaparone	fimbrial chaperone (gi|4959512)	1
AE006468	AAL18987.1	fimbrial usher	bovine colonization factor BcfC (gi|4530570)	1
AE006468	AAL18988.1	fimbrial subunit	fimbrial subunit (gi|4959514)	1
AE006468	AAL18989.1	fimbrial subunit	fimbrial subunit (gi|4959515)	1
AE006468	AAL18990.1	fimbrial subunit	fimbrial subunit (gi|4959516)	1
AE006468	AAL18991.1	fimbrial chaparone	fimbrial chaperone (gi|4959517)	1
AE006468	AAL18992.1	putative thiol-disulfide isomerase	unknown (gi|6650097)	1
AE006468	AAL18993.1	putative transcription regulator	putative transcriptional regulator MarT (gi|4324612)	1
AE006468	AAL18994.1	putative LysR family transcriptional regulator	leuO homolog (gi|6650098)	1
AE006468	AAL18995.1	putative transcription regulator	putative transcriptional regulator MarT (gi|4324612)	1
AE006468	AAL18996.1	putative arylsulfatase		1
AE006468	AAL18997.1	putative 5'-nucleotidase	similar to E. coli UDP-sugar hydrolase (5'-nucleotidase) (AAC73582.1); Blastp hit to AAC73582.1 (550 aa), 26% identity in aa 1 - 253, 32% identity in aa 386 - 506	1
AE006468	AAL18998.1	putative outer membrane or exported protein	similar to E. coli putative sugar hydrolase (AAC75461.1); Blastp hit to AAC75461.1 (254 aa), 34% identity in aa 2 - 254	1
AE006468	AAL18999.1	putative arylsulfatase	similar to E. coli putative sulfatase (AAC76701.1); Blastp hit to AAC76701.1 (497 aa), 26% identity in aa 2 - 420	1
AE006468	AAL19000.1	putative arylsulfatase regulatory protein	similar to E. coli putative arylsulfatase regulator (AAC76803.1); Blastp hit to AAC76803.1 (411 aa), 46% identity in aa 8 - 401	1
AE006468	AAL19001.1	putative cytoplasmic protein		1
AE006468	AAL19002.1	putative arylsulfatase		1
AE006468	AAL19003.1	NhaA family of transport protein, Na+/H antiporter, pH dependent	similar to E. coli Na+/H antiporter, pH dependent (AAC73130.1); Blastp hit to AAC73130.1 (388 aa), 92% identity in aa 1 - 384	1
AE006468	AAL19004.1	transcriptional activator of nhaA	LysR family; similar to E. coli transcriptional activator of nhaA (AAC73131.1); Blastp hit to AAC73131.1 (301 aa), 92% identity in aa 1 - 296	1
AE006468	AAL19005.1	putative glycosyl hydrolase	similar to E. coli orf, hypothetical protein (AAC76680.1); Blastp hit to AAC76680.1 (772 aa), 25% identity in aa 116 - 547, 27% identity in aa 549 - 665, 25% identity in aa 84 - 149	1
AE006468	AAL19006.1	putative sodium galactoside symporter	similar to E. coli putative permease (AAC76681.1); Blastp hit to AAC76681.1 (479 aa), 29% identity in aa 22 - 457	1
AE006468	AAL19007.1	30S ribosomal subunit protein S20	30S ribosomal protein S20. (SW:RS20_SALTY)	1
AE006468	AAL19008.1	putative cytoplasmic protein	similar to E. coli orf, hypothetical protein (AAC73135.1); Blastp hit to AAC73135.1 (72 aa), 71% identity in aa 3 - 72	1
AE006468	AAL19009.1	flavokinase and FAD synthetase	similar to E. coli putative regulator (AAC73136.1); Blastp hit to AAC73136.1 (313 aa), 89% identity in aa 1 - 309	1
AE006468	AAL19010.1	isoleucine tRNA synthetase	similar to E. coli isoleucine tRNA synthetase (AAC73137.1); Blastp hit to AAC73137.1 (938 aa), 87% identity in aa 1 - 938	1
AE006468	AAL19011.1	prolipoprotein signal peptidase (SPase II)	similar to E. coli prolipoprotein signal peptidase (SPase II) (AAC73138.1); Blastp hit to AAC73138.1 (164 aa), 92% identity in aa 1 - 164	1
AE006468	AAL19012.1	FKBP-type peptidyl-prolyl cis-trans isomerase (rotamase)	similar to E. coli probable FKBX-type 16KD peptidyl-prolyl cis-trans isomerase (a rotamase) (AAC73139.1); Blastp hit to AAC73139.1 (149 aa), 91% identity in aa 1 - 149	1
AE006468	AAL19013.1	regulates the activity of guanosine 3',5'-bispyrophosphate synthetase I (RelA)	similar to E. coli control of stringent response; involved in penicillin tolerance (AAC73140.1); Blastp hit to AAC73140.1 (316 aa), 93% identity in aa 1 - 316	1
AE006468	AAL19014.1	putative nitrite reductase		1
AE006468	AAL19015.1	putative purine nucleoside hydrolase	similar to E. coli orf, hypothetical protein (AAC73141.1); Blastp hit to AAC73141.1 (304 aa), 80% identity in aa 3 - 303	1
AE006468	AAL19016.1	putative transcription regulator sensor for citrate	similar to E. coli sequence similarity to Shigella regulator (AAC73721.1); Blastp hit to AAC73721.1 (226 aa), 47% identity in aa 5 - 223	1
AE006468	AAL19017.1	putative transcription regulator	histidine kinase for citrate; similar to E. coli putative sensor-type protein (AAC73720.1); Blastp hit to AAC73720.1 (552 aa), 42% identity in aa 12 - 538	1
AE006468	AAL19018.1	putative oxalacetate decarboxylase, subunit beta	oxaloacetate decarboxylase beta chain. (SW:DCOB_SALTY)	1
AE006468	AAL19019.1	putative oxalacetate decarboxylase, subunit alpha	oxaloacetate decarboxylase alpha chain. (SW:DCOA_SALTY)	1
AE006468	AAL19020.1	putative oxalacetate decarboxylase, subunit gamma	sodium ion pump oxaloacetate decarboxylase subunit gamma (gi|321934)	1
AE006468	AAL19021.1	putative citrate-sodium symport		1
AE006468	AAL19022.1	putative citrate lyase synthetase	citrate (pro-3S)-lyase ligase; similar to E. coli citrate lyase synthetase (citrate (pro-3S)-lyase ligase (AAC73719.1); Blastp hit to AAC73719.1 (381 aa), 49% identity in aa 33 - 363	1
AE006468	AAL19023.1	putative citrate lyase acyl carrier protein, gamma chain	similar to E. coli citrate lyase acyl carrier protein (gamma chain) (AAC73718.1); Blastp hit to AAC73718.1 (98 aa), 48% identity in aa 1 - 94	1
AE006468	AAL19024.1	putative citrate lyase beta chain, acyl lyase subunit	similar to E. coli citrate lyase beta chain (acyl lyase subunit) (AAC73717.1); Blastp hit to AAC73717.1 (307 aa), 63% identity in aa 17 - 306	1
AE006468	AAL19025.1	putative citrate lyase alpha chain	bifunctional; similar to E. coli citrate lyase alpha chain (AAC73716.1); Blastp hit to AAC73716.1 (510 aa), 72% identity in aa 30 - 509; putative citrate-ACP transferase	1
AE006468	AAL19026.1	putative cytoplasmic protein	similar to E. coli orf, hypothetical protein (AAC73715.1); Blastp hit to AAC73715.1 (183 aa), 46% identity in aa 12 - 167	1
AE006468	AAL19027.1	putative modifier of citrate lyase protein	similar to E. coli orf, hypothetical protein (AAC73714.1); Blastp hit to AAC73714.1 (292 aa), 47% identity in aa 1 - 290	1
AE006468	AAL19028.1	dihydrodipicolinate reductase	similar to E. coli dihydrodipicolinate reductase (AAC73142.1); Blastp hit to AAC73142.1 (273 aa), 90% identity in aa 1 - 273	1
AE006468	AAL19029.1	putative viral protein	hypothetical protein	1
AE006468	AAL19030.1	carbamoyl-phosphate synthetase, glutamine-hydrolysing small subunit	carbamoyl-phosphate synthase small chain. (SW:CARA_SALTY)	1
AE006468	AAL19031.1	carbamoyl-phosphate synthase, large subunit	carbamoyl-phosphate synthase large chain. (SW:CARB_SALTY)	1
AE006468	AAL19032.1	transcriptional regulator of cai and fix operon	similar to E. coli transcriptional regulator of cai operon (AAC73145.1); Blastp hit to AAC73145.1 (166 aa), 76% identity in aa 36 - 166	1
AE006468	AAL19033.1	stimulates carnitine racemase activity of CaiD and CaiB activity	similar to E. coli possible synthesis of cofactor for carnitine racemase and dehydratase (AAC73146.1); Blastp hit to AAC73146.1 (203 aa), 84% identity in aa 8 - 202	1
AE006468	AAL19034.1	carnitine racemase	similar to E. coli carnitine racemase (AAC73147.1); Blastp hit to AAC73147.1 (297 aa), 93% identity in aa 37 - 297	1
AE006468	AAL19035.1	crotonobetaine/carnitine-CoA ligase	similar to E. coli probable crotonobetaine/carnitine-CoA ligase (AAC73148.1); Blastp hit to AAC73148.1 (522 aa), 84% identity in aa 6 - 522	1
AE006468	AAL19036.1	l-carnitine dehydratase	similar to E. coli l-carnitine dehydratase (AAC73149.1); Blastp hit to AAC73149.1 (405 aa), 95% identity in aa 1 - 405	1
AE006468	AAL19037.1	putative acyl-CoA dehydrogenase, carnitine metabolism	similar to E. coli probable carnitine operon oxidoreductase (AAC73150.1); Blastp hit to AAC73150.1 (380 aa), 97% identity in aa 1 - 380	1
AE006468	AAL19038.1	putative BCCT family betaine/carnitine/choline transport protein	similar to E. coli probable carnitine transporter (AAC73151.1); Blastp hit to AAC73151.1 (504 aa), 96% identity in aa 1 - 504	1
AE006468	AAL19039.1	putative flavoprotein reductase, carnitine metabolism	similar to E. coli probable flavoprotein subunit, carnitine metabolism (AAC73152.1); Blastp hit to AAC73152.1 (268 aa), 87% identity in aa 13 - 268	1
AE006468	AAL19040.1	putative electron transfer flavoprotein, carnitine metabolism	similar to E. coli probable flavoprotein subunit, carnitine metabolism (AAC73153.1); Blastp hit to AAC73153.1 (313 aa), 84% identity in aa 1 - 313	1
AE006468	AAL19041.1	related to carnitine metabolism protein	similar to E. coli flavoprotein; electron transport (AAC73154.1); Blastp hit to AAC73154.1 (428 aa), 88% identity in aa 1 - 428	1
AE006468	AAL19042.1	putative ferredoxin	carnitine metabolism; similar to E. coli putative ferredoxin (AAC73155.1); Blastp hit to AAC73155.1 (95 aa), 88% identity in aa 1 - 95	1
AE006468	AAL19043.1	putative MFS family transport protein	similar to E. coli putative transport protein (AAC73156.1); Blastp hit to AAC73156.1 (443 aa), 86% identity in aa 1 - 439	1
AE006468	AAL19044.1	putative outer membrane lipoprotein	similar to E. coli orf, hypothetical protein (AAC75851.1); Blastp hit to AAC75851.1 (76 aa), 51% identity in aa 1 - 75	1
AE006468	AAL19045.1	putative secreted protein		1
AE006468	AAL19046.1	putative secreted protein	similar to E. coli orf, hypothetical protein (AAC76270.1); Blastp hit to AAC76270.1 (104 aa), 36% identity in aa 18 - 103	1
AE006468	AAL19047.1	putative inner membrane protein		1
AE006468	AAL19048.1	putative sulfatase	similar to E. coli putative sulfatase (AAC76701.1); Blastp hit to AAC76701.1 (497 aa), 31% identity in aa 251 - 345, 31% identity in aa 5 - 103, 45% identity in aa 400 - 431	1
AE006468	AAL19049.1	putative NAD(P)H oxidoreductase	similar to E. coli putative NAD(P)H oxidoreductase (AAC73157.1); Blastp hit to AAC73157.1 (176 aa), 87% identity in aa 1 - 176	1
AE006468	AAL19050.1	CPA2 family K+ efflux antiporter, glutathione-regulated	similar to E. coli K+ efflux antiporter, glutathione-regulated (AAC73158.1); Blastp hit to AAC73158.1 (620 aa), 90% identity in aa 1 - 619	1
AE006468	AAL19051.1	dihydrofolate reductase type I	trimethoprim resistance; similar to E. coli dihydrofolate reductase type I; trimethoprim resistance (AAC73159.1); Blastp hit to AAC73159.1 (159 aa), 96% identity in aa 1 - 159	1
AE006468	AAL19052.1	diadenosine tetraphosphatase	bis(5'-nucleosyl)-tetraphosphatase. (SW:APAH_SALTY)	1
AE006468	AAL19053.1	putative cytoplasmic protein	APAG protein (CORD protein). (SW:APAG_SALTY)	1
AE006468	AAL19054.1	S-adenosylmethionine-6-N',N'-adenosyl (rRNA) dimethyltransferase; kasugamycin resistance	dimethyladenosine transferase. (SW:KSGA_SALTY)	1
AE006468	AAL19055.1	NAD-dependent dehydrogenase/carboxylase	pyridoxine phosphate biosynthetic protein PdxJ-PdxA subunit; similar to E. coli pyridoxine biosynthesis (AAC73163.1); Blastp hit to AAC73163.1 (329 aa), 92% identity in aa 1 - 329	1
AE006468	AAL19056.1	peptidyl-prolyl cis-trans isomerase	survival protein; similar to E. coli survival protein (AAC73164.1); Blastp hit to AAC73164.1 (428 aa), 91% identity in aa 1 - 428	1
AE006468	AAL19057.1	organic solvent tolerance protein	similar to E. coli organic solvent tolerance (AAC73165.1); Blastp hit to AAC73165.1 (784 aa), 91% identity in aa 1 - 784	1
AE006468	AAL19058.1	DnaJ like chaperone protein	similar to E. coli putative DNA binding protein (AAC73166.1); Blastp hit to AAC73166.1 (271 aa), 95% identity in aa 1 - 271	1
AE006468	AAL19059.1	23S rRNA pseudouridylate 746 synthase	similar to E. coli pseudouridylate synthase (AAC73169.1); Blastp hit to AAC73169.1 (219 aa), 95% identity in aa 1 - 219	1
AE006468	AAL19060.1	RNA polymerase associated protein	putative SNF2 family RNA helicase; similar to E. coli probable ATP-dependent RNA helicase (AAC73170.1); Blastp hit to AAC73170.1 (968 aa), 93% identity in aa 1 - 968	1
AE006468	AAL19061.1	DNA polymerase II	3'->5' exonuclease; similar to E. coli DNA polymerase II (AAC73171.1); Blastp hit to AAC73171.1 (783 aa), 89% identity in aa 1 - 783	1
AE006468	AAL19062.1	putative secreted protein	similar to E. coli orf, hypothetical protein (AAC76121.1); Blastp hit to AAC76121.1 (230 aa), 24% identity in aa 19 - 171	1
AE006468	AAL19063.1	putative inner membrane protein		1
AE006468	AAL19064.1	putative cytoplasmic protein		1
AE006468	AAL19065.1	L-ribulose-5-phosphate 4-epimerase	L-ribulose-5-phosphate 4-epimerase. (SW:ARAD_SALTY)	1
AE006468	AAL19066.1	L-arabinose isomerase	L-arabinose isomerase. (SW:ARAA_SALTY)	1
AE006468	AAL19067.1	L-ribulokinase	L-ribulokinase. (SW:KIRI_SALTY)	1
AE006468	AAL19068.1	transcriptional regulator (AraC/XylS family) for ara operon	arabinose operon regulatory protein. (SW:ARAC_SALTY)	1
AE006468	AAL19069.1	putative DedA family membrane protein	similar to E. coli orf, hypothetical protein (AAC73176.1); Blastp hit to AAC73176.1 (254 aa), 89% identity in aa 1 - 253	1
AE006468	AAL19070.1	putative ABC-transport protein	similar to E. coli putative ATP-binding component of a transport system (AAC73177.1); Blastp hit to AAC73177.1 (232 aa), 84% identity in aa 1 - 230	1
AE006468	AAL19071.1	putative binding-protein-dependent transport system inner membrane component	similar to E. coli putative transport system permease protein (AAC73178.1); Blastp hit to AAC73178.1 (536 aa), 89% identity in aa 1 - 536	1
AE006468	AAL19072.1	thiamine-binding periplasmic protein	similar to E. coli thiamin-binding periplasmic protein (AAC73179.1); Blastp hit to AAC73179.1 (327 aa), 91% identity in aa 1 - 327	1
AE006468	AAL19073.1	putative periplasmic binding protein of transport system	similar to E. coli putative transport protein (AAC73180.1); Blastp hit to AAC73180.1 (551 aa), 85% identity in aa 1 - 551	1
AE006468	AAL19074.1	3-isopropylmalate isomerase (dehydratase), subunit with LeuC	3-isopropylmalate dehydratase small subunit. (SW:LEUD_SALTY)	1
AE006468	AAL19075.1	3-isopropylmalate isomerase (dehydratase), subunit with LeuD	3-isopropylmalate dehydratase large subunit. (SW:LEU2_SALTY)	1
AE006468	AAL19076.1	3-isopropylmalate dehydrogenase	3-isopropylmalate dehydrogenase. (SW:LEU3_SALTY)	1
AE006468	AAL19077.1	2-isopropylmalate synthase	similar to E. coli 2-isopropylmalate synthase (AAC73185.1); Blastp hit to AAC73185.1 (523 aa), 92% identity in aa 1 - 523	1
AE006468	AAL19078.1	leu operon leader peptide	leu operon leader peptide. (SW:LPL_SALTY)	1
AE006468	AAL19079.1	putative LysR family transcriptional regulator	probable activator protein in leuabcd operon. (SW:LEUO_SALTY)	1
AE006468	AAL19080.1	valine sensitive acetolactate synthase III, large subunit	acetolactate synthase isozyme III large subunit. (SW:ILVI_SALTY)	1
AE006468	AAL19081.1	acetolactate synthase III, small subunit	acetolactate synthase isozyme III small subunit. (SW:ILVH_SALTY)	1
AE006468	AAL19082.1	transcriptional repressor of fru operon and others	GlaR/LacI family; fructose repressor (catabolite repressor/activator). (SW:FRUR_SALTY)	1
AE006468	AAL19083.1	putative cytoplasmic protein	similar to E. coli orf, hypothetical protein (AAC73192.1); Blastp hit to AAC73192.1 (152 aa), 94% identity in aa 1 - 152	1
AE006468	AAL19084.1	putative S-adenosyl methionine adenyltransferase	similar to E. coli putative apolipoprotein (AAC73193.1); Blastp hit to AAC73193.1 (313 aa), 95% identity in aa 1 - 313	1
AE006468	AAL19085.1	cell division protein	ingrowth of wall at septum; similar to E. coli cell division protein; ingrowth of wall at septum (AAC73194.1); Blastp hit to AAC73194.1 (121 aa), 98% identity in aa 1 - 121	1
AE006468	AAL19086.1	division specific transpeptidase	penicillin-binding protein 3; similar to E. coli septum formation; penicillin-binding protein 3; peptidoglycan synthetase (AAC73195.1); Blastp hit to AAC73195.1 (588 aa), 96% identity in aa 1 - 588	1
AE006468	AAL19087.1	UDP-N-acetylmuramoylalanyl-D-glutamate 2,6-diaminopimelate ligase	similar to E. coli meso-diaminopimelate-adding enzyme (AAC73196.1); Blastp hit to AAC73196.1 (495 aa), 91% identity in aa 1 - 495	1
AE006468	AAL19088.1	D-alanine:D-alanine-adding enzyme	similar to E. coli D-alanine:D-alanine-adding enzyme (AAC73197.1); Blastp hit to AAC73197.1 (452 aa), 87% identity in aa 1 - 452	1
AE006468	AAL19089.1	phospho-N-acetylmuramoyl-pentapeptide transferase	similar to E. coli phospho-N-acetylmuramoyl-pentapeptide transferase? (AAC73198.1); Blastp hit to AAC73198.1 (360 aa), 97% identity in aa 1 - 360	1
AE006468	AAL19090.1	UDP-N-acetylmuramoylalanine-D-glutamate ligase	similar to E. coli UDP-N-acetylmuramoylalanine-D-glutamate ligase (AAC73199.1); Blastp hit to AAC73199.1 (438 aa), 92% identity in aa 1 - 438	1
AE006468	AAL19091.1	essential cell division gene	stablilzes FtsZ ring; cytoplasmic membrane required for PBP2 expression; similar to E. coli cell division; membrane protein involved in shape determination (AAC73200.1); Blastp hit to AAC73200.1 (414 aa), 90% identity in aa 1 - 414	1
AE006468	AAL19092.1	UDP-N-acetylglucosamine:N-acetylmuramyl- (pentapeptide) pyrophosphoryl-undecaprenol N-acetylglucosamine transferase	similar to E. coli UDP-N-acetylglucosamine:N-acetylmuramyl- (pentapeptide) pyrophosphoryl-undecaprenol N-acetylglucosamine transferase (AAC73201.1); Blastp hit to AAC73201.1 (355 aa), 92% identity in aa 1 - 354	1
AE006468	AAL19093.1	L-alanine adding enzyme	similar to E. coli L-alanine adding enzyme, UDP-N-acetyl-muramate:alanine ligase (AAC73202.1); Blastp hit to AAC73202.1 (491 aa), 94% identity in aa 1 - 490	1
AE006468	AAL19094.1	D-alanine-D-alanine ligase B	affects cell division; similar to E. coli D-alanine-D-alanine ligase B, affects cell division (AAC73203.1); Blastp hit to AAC73203.1 (306 aa), 90% identity in aa 1 - 306	1
AE006468	AAL19095.1	cell division protein	ingrowth of wall at septum; similar to E. coli cell division protein; ingrowth of wall at septum (AAC73204.1); Blastp hit to AAC73204.1 (276 aa), 93% identity in aa 1 - 276	1
AE006468	AAL19096.1	ATP-binding cell division protein	septation process protein; complexes with FtsZ; associated with junctions of inner and outer membranes; similar to E. coli ATP-binding cell division protein, septation process, complexes with FtsZ, associated with junctions of inner and outer membranes (AAC73205.1); Blastp hit to AAC73205.1 (420 aa), 99% identity in aa 1 - 420	1
AE006468	AAL19097.1	tubulin-like GTP-binding protein and GTPase	forms circumferential ring in cell division; similar to E. coli cell division; forms circumferential ring; tubulin-like GTP-binding protein and GTPase (AAC73206.1); Blastp hit to AAC73206.1 (383 aa), 98% identity in aa 1 - 383	1
AE006468	AAL19098.1	UDP-3-O-acyl N-acetylglucosamine deacetylase	similar to E. coli UDP-3-O-acyl N-acetylglucosamine deacetylase; lipid A biosynthesis (AAC73207.1); Blastp hit to AAC73207.1 (305 aa), 98% identity in aa 1 - 305	1
AE006468	AAL19099.1	putative inner membrane protein	similar to E. coli orf, hypothetical protein (AAC73208.1); Blastp hit to AAC73208.1 (195 aa), 69% identity in aa 49 - 195	1
AE006468	AAL19100.1	preprotein translocase; secretion protein of IISP family	similar to E. coli preprotein translocase; secretion protein (AAC73209.1); Blastp hit to AAC73209.1 (901 aa), 95% identity in aa 1 - 900	1
AE006468	AAL19101.1	7,8-dihydro-8-oxoguanine-triphosphatase	prefers dGTP; similar to E. coli 7,8-dihydro-8-oxoguanine-triphosphatase, prefers dGTP, causes AT-GC transversions (AAC73210.1); Blastp hit to AAC73210.1 (129 aa), 80% identity in aa 1 - 128	1
AE006468	AAL19102.1	putative cytoplasmic protein	similar to E. coli orf, hypothetical protein (AAC73212.1); Blastp hit to AAC73212.1 (65 aa), 87% identity in aa 1 - 62	1
AE006468	AAL19103.1	putative cytoplasmic protein	similar to E. coli orf, hypothetical protein (AAC73213.1); Blastp hit to AAC73213.1 (247 aa), 89% identity in aa 1 - 247	1
AE006468	AAL19104.1	putative nucleotide kinase	similar to E. coli putative DNA repair protein (AAC73214.1); Blastp hit to AAC73214.1 (206 aa), 88% identity in aa 1 - 206	1
AE006468	AAL19105.1	GMP reductase	similar to E. coli GMP reductase (AAC73215.1); Blastp hit to AAC73215.1 (347 aa), 95% identity in aa 1 - 347	1
AE006468	AAL19106.1	putative component in type IV pilin biogenesis	similar to E. coli putative integral membrane protein involved in biogenesis of fimbriae, protein transport, DNA uptake (AAC73217.1); Blastp hit to AAC73217.1 (400 aa), 67% identity in aa 1 - 400	1
AE006468	AAL19107.1	putative integral membrane protein	involved in biogenesis of fimbriae (type IV pilin), protein transport, DNA uptake; similar to E. coli putative integral membrane protein involved in biogenesis of fimbriae, protein transport, DNA uptake (AAC73218.1); Blastp hit to AAC73218.1 (461 aa), 69% identity in aa 1 - 459	1
AE006468	AAL19108.1	prelipin peptidase dependent protein	putative major component of type IV pilin; similar to E. coli prelipin peptidase dependent protein (AAC73219.1); Blastp hit to AAC73219.1 (146 aa), 89% identity in aa 1 - 146	1
AE006468	AAL19109.1	quinolinate phosphoribosyltransferase	nicotinate-nucleotide pyrophosphorylase [carboxylating]. (SW:NADC_SALTY)	1
AE006468	AAL19110.1	N-acetyl-anhydromuramyl-L-alanine amidase	AMPD protein. (SW:AMPD_SALTY)	1
AE006468	AAL19111.1	putative transmembrane protein	similar to E. coli regulates ampC (AAC73222.1); Blastp hit to AAC73222.1 (284 aa), 84% identity in aa 1 - 284	1
AE006468	AAL19112.1	putative cytoplasmic protein	hypothetical protein (gi|7688348)	1
AE006468	AAL19113.1	putative permease of the Na+:galactoside symporter family	hypothetical protein (gi|7688349)	1
AE006468	AAL19114.1	APC family aromatic amino acid transporter	similar to E. coli aromatic amino acid transport protein (AAC73223.1); Blastp hit to AAC73223.1 (457 aa), 92% identity in aa 1 - 457	1
AE006468	AAL19115.1	transcriptional repressor for pyruvate dehydrogenase complex (GntR family)	similar to E. coli transcriptional regulator for pyruvate dehydrogenase complex (AAC73224.1); Blastp hit to AAC73224.1 (254 aa), 96% identity in aa 1 - 254	1
AE006468	AAL19116.1	pyruvate dehydrogenase, decarboxylase component	similar to E. coli pyruvate dehydrogenase (decarboxylase component) (AAC73225.1); Blastp hit to AAC73225.1 (887 aa), 96% identity in aa 1 - 887	1
AE006468	AAL19117.2	pyruvate dehydrogenase	dihydrolipoyltransacetylase component; similar to E. coli pyruvate dehydrogenase (dihydrolipoyltransacetylase component) (AAC73226.1); Blastp hit to AAC73226.1 (630 aa), 93% identity in aa 1 - 630	1
AE006468	AAL19118.1	lipoamide dehydrogenase (NADH)	component of 2-oxodehydrogenase and pyruvate complexes; L protein of glycine cleavage complex second part; similar to E. coli lipoamide dehydrogenase (NADH); component of 2-oxodehydrogenase and pyruvate complexes; L-protein of glycine cleavage complex (AAC73227.1); Blastp hit to AAC73227.1 (474 aa), 98% identity in aa 1 - 474	1
AE006468	AAL19119.1	putative outer membrane protein		1
AE006468	AAL19120.1	putative periplasmic protein		1
AE006468	AAL19121.2	putative outer membrane protein	similar to E. coli putative membrane protein (AAC73228.1); Blastp hit to AAC73228.1 (617 aa), 29% identity in aa 3 - 523	1
AE006468	AAL19122.1	aconitate hydratase 2	similar to E. coli aconitate hydrase B (AAC73229.1); Blastp hit to AAC73229.1 (865 aa), 96% identity in aa 1 - 865	1
AE006468	AAL19123.1	putative restriction endonuclease		1
AE006468	AAL19124.1	putative cytoplasmic protein	similar to E. coli orf, hypothetical protein (AAC73230.1); Blastp hit to AAC73230.1 (136 aa), 85% identity in aa 17 - 135	1
AE006468	AAL19125.1	2-keto-3-deoxygluconate permease	similar to E. coli 2-keto-3-deoxy-D-gluconate transport system (AAC76891.1); Blastp hit to AAC76891.1 (330 aa), 45% identity in aa 4 - 324	1
AE006468	AAL19126.1	putative inner membrane protein	similar to E. coli orf, hypothetical protein (AAC75779.1); Blastp hit to AAC75779.1 (388 aa), 28% identity in aa 2 - 384	1
AE006468	AAL19127.1	pyridoxine phosphate biosynthetic protein	similar to E. coli pyridoxine biosynthesis (AAC73163.1); Blastp hit to AAC73163.1 (329 aa), 37% identity in aa 2 - 324	1
AE006468	AAL19128.1	putative LysR family transcriptional regulator	similar to E. coli putative DEOR-type transcriptional regulator (AAC75777.1); Blastp hit to AAC75777.1 (265 aa), 34% identity in aa 16 - 265	1
AE006468	AAL19129.1	S-adenosylmethionine decarboxylase, proenzyme	similar to E. coli S-adenosylmethionine decarboxylase (AAC73231.1); Blastp hit to AAC73231.1 (264 aa), 96% identity in aa 1 - 264	1
AE006468	AAL19130.1	spermidine synthase	similar to E. coli spermidine synthase = putrescine aminopropyltransferase (AAC73232.1); Blastp hit to AAC73232.1 (288 aa), 94% identity in aa 1 - 286	1
AE006468	AAL19131.1	putative periplasmic protein	similar to E. coli orf, hypothetical protein (AAC73233.1); Blastp hit to AAC73233.1 (156 aa), 95% identity in aa 42 - 156	1
AE006468	AAL19132.1	putative multicopper oxidase	similar to E. coli orf, hypothetical protein (AAC73234.1); Blastp hit to AAC73234.1 (516 aa), 80% identity in aa 1 - 516	1
AE006468	AAL19133.1	glucose dehydrogenase	similar to E. coli glucose dehydrogenase (AAC73235.1); Blastp hit to AAC73235.1 (796 aa), 92% identity in aa 1 - 796	1
AE006468	AAL19134.1	hypoxanthine phosphoribosyltransferase	hypoxanthine phosphoribosyltransferase. (SW:HPRT_SALTY)	1
AE006468	AAL19135.1	putative carbonic anhydrase	similar to E. coli putative carbonic anhdrase (AAC73237.1); Blastp hit to AAC73237.1 (220 aa), 90% identity in aa 1 - 220	1
AE006468	AAL19136.1	putative ABC-type multidrug transport system, ATPase component	similar to E. coli putative ATP-binding component of a transport system (AAC73238.1); Blastp hit to AAC73238.1 (308 aa), 95% identity in aa 1 - 308	1
AE006468	AAL19137.1	putative transport protein	ABC superfamily (membrane); similar to E. coli orf, hypothetical protein (AAC73239.1); Blastp hit to AAC73239.1 (256 aa), 94% identity in aa 1 - 256	1
AE006468	AAL19138.1	putative fimbriae	lpfd protein precursor (SW:LPFD_SALTY)	1
AE006468	AAL19139.1	putative fimbrial usher	similar to E. coli putative outer membrane protein (AAC76178.1); Blastp hit to AAC76178.1 (838 aa), 39% identity in aa 20 - 558, 34% identity in aa 493 - 837	1
AE006468	AAL19140.1	putative fimbrial chaparone	similar to E. coli periplasmic chaperone, required for type 1 fimbriae (AAC77272.1); Blastp hit to AAC77272.1 (241 aa), 39% identity in aa 20 - 235	1
AE006468	AAL19141.1	putative fimbrial subunit	similar to E. coli major type 1 subunit fimbrin (pilin) (AAC77270.1); Blastp hit to AAC77270.1 (182 aa), 37% identity in aa 1 - 181	1
AE006468	AAL19142.1	putative PTS enzyme	similar to E. coli putative PTS enzyme II B component (AAC73240.1); Blastp hit to AAC73240.1 (146 aa), 76% identity in aa 1 - 146	1
AE006468	AAL19143.1	putative xylanase/chitin deacetylase	similar to E. coli orf, hypothetical protein (AAC73241.1); Blastp hit to AAC73241.1 (409 aa), 81% identity in aa 1 - 409	1
AE006468	AAL19144.1	aspartate 1-decarboxylase	similar to E. coli aspartate 1-decarboxylase (AAC73242.1); Blastp hit to AAC73242.1 (126 aa), 96% identity in aa 1 - 126	1
AE006468	AAL19145.1	pantothenate synthetase	similar to E. coli pantothenate synthetase (AAC73244.1); Blastp hit to AAC73244.1 (283 aa), 87% identity in aa 1 - 283	1
AE006468	AAL19146.1	3-methyl-2-oxobutanoate hydroxymethyltransferase	similar to E. coli 3-methyl-2-oxobutanoate hydroxymethyltransferase (AAC73245.1); Blastp hit to AAC73245.1 (264 aa), 92% identity in aa 1 - 264	1
AE006468	AAL19147.1	7, 8-dihydro-6-hydroxymethylpterin-pyrophosphokinase, PPPK	similar to E. coli 7,8-dihydro-6-hydroxymethylpterin- pyrophosphokinase (AAC73253.1); Blastp hit to AAC73253.1 (159 aa), 87% identity in aa 1 - 148	1
AE006468	AAL19148.1	poly(A) polymerase I	similar to E. coli poly(A) polymerase I (AAC73254.1); Blastp hit to AAC73254.1 (454 aa), 90% identity in aa 1 - 453	1
AE006468	AAL19149.1	putative glutamyl t-RNA synthetase	similar to E. coli putative tRNA synthetase (AAC73255.1); Blastp hit to AAC73255.1 (308 aa), 79% identity in aa 5 - 307	1
AE006468	AAL19150.1	dnaK suppressor protein	dnaK suppressor protein. (SW:DKSA_SALTY)	1
AE006468	AAL19151.1	regulator for maltose metabolism	similar to E. coli probable regulator for maltose metabolism (AAC73257.1); Blastp hit to AAC73257.1 (234 aa), 82% identity in aa 1 - 234	1
AE006468	AAL19152.1	2'-5' RNA ligase	similar to E. coli orf, hypothetical protein (AAC73258.1); Blastp hit to AAC73258.1 (179 aa), 77% identity in aa 4 - 177	1
AE006468	AAL19153.1	ATP-dependent helicase	similar to E. coli helicase, ATP-dependent (AAC73259.1); Blastp hit to AAC73259.1 (824 aa), 84% identity in aa 1 - 824	1
AE006468	AAL19154.1	transpeptidase of penicillin-binding protein 1b	similar to E. coli peptidoglycan synthetase; penicillin-binding protein 1B (AAC73260.1); Blastp hit to AAC73260.1 (844 aa), 92% identity in aa 1 - 844	1
AE006468	AAL19155.1	outer membrane protein receptor / transporter for ferrichrome, colicin M, and phages T1, T5, and phi80	similar to E. coli outer membrane protein receptor for ferrichrome, colicin M, and phages T1, T5, and phi80 (AAC73261.1); Blastp hit to AAC73261.1 (747 aa), 68% identity in aa 1 - 747	1
AE006468	AAL19156.1	hydroxymate-dependent iron transport	ABC superfamily (atp_bind); similar to E. coli ATP-binding component of hydroxymate-dependent iron transport (AAC73262.1); Blastp hit to AAC73262.1 (265 aa), 92% identity in aa 1 - 265	1
AE006468	AAL19157.1	hydroxamate-dependent iron uptake	ABC superfamily (bind _prot); similar to E. coli hydroxamate-dependent iron uptake, cytoplasmic membrane component (AAC73263.1); Blastp hit to AAC73263.1 (296 aa), 82% identity in aa 1 - 296	1
AE006468	AAL19158.1	hydroxamate-dependent iron uptake	ABC superfamily (membrane); similar to E. coli hydroxamate-dependent iron uptake, cytoplasmic membrane component (AAC73264.1); Blastp hit to AAC73264.1 (660 aa), 90% identity in aa 9 - 660	1
AE006468	AAL19159.1	putative fimbrial subunit	major fimbrial subunit StfA (gi|3747029)	1
AE006468	AAL19160.1	putative fimbrial outer membrane usher	outer membrane usher protein StfC (gi|3747030)	1
AE006468	AAL19161.1	putative periplasmic fimbrial chaperone	periplasmic fimbrial chaperone StfD (gi|3747031)	1
AE006468	AAL19162.1	putative minor fimbrial subunit	minor fimbrial subunit StfE (gi|3747032)	1
AE006468	AAL19163.1	putative minor fimbrial subunit	minor fimbrial subunit StfF (gi|3747033)	1
AE006468	AAL19164.1	putative minor fimbrial subunit	putative adhesin; minor fimbrial subunit StfG (gi|3747034)	1
AE006468	AAL19165.1	putative outer membrane protein	hypothetical 30.2 da protein in stfG 3'region precursor. (SW:YADU_SALTY)	1
AE006468	AAL19166.1	glutamate-1-semialdehyde aminotransferase	glutamate-1-semialdehyde 2,1-aminomutase. (SW:GSA_SALTY)	1
AE006468	AAL19167.1	putative ClC family chlorine transport protein	similar to E. coli putative channel transporter (AAC73266.1); Blastp hit to AAC73266.1 (473 aa), 78% identity in aa 1 - 473	1
AE006468	AAL19168.1	putative HesB-like domain protein	similar to E. coli orf, hypothetical protein (AAC73267.1); Blastp hit to AAC73267.1 (114 aa), 99% identity in aa 1 - 114	1
AE006468	AAL19169.1	putative inner membrane protein	similar to E. coli orf, hypothetical protein (AAC73268.1); Blastp hit to AAC73268.1 (207 aa), 96% identity in aa 1 - 207	1
AE006468	AAL19170.1	putative cobalamin periplasmic binding protein	similar to E. coli orf, hypothetical protein (AAC73269.1); Blastp hit to AAC73269.1 (266 aa), 81% identity in aa 1 - 266	1
AE006468	AAL19171.1	5'-methylthioadenosine/S-adenosylhomocysteine nucleosidase	similar to E. coli orf, hypothetical protein (AAC73270.1); Blastp hit to AAC73270.1 (232 aa), 96% identity in aa 1 - 232	1
AE006468	AAL19172.1	deoxyguanosine triphosphate triphosphohydrolase	deoxyguanosinetriphosphate triphosphohydrolase. (SW:DGTP_SALTY)	1
AE006468	AAL19173.1	periplasmic serine protease Do, heat shock protein	protease DO precursor. (SW:DEGP_SALTY)	1
AE006468	AAL19174.1	putative inner membrane protein	similar to E. coli orf, hypothetical protein (AAC73273.1); Blastp hit to AAC73273.1 (391 aa), 95% identity in aa 7 - 391	1
AE006468	AAL19175.1	putative cytoplasmic protein	similar to E. coli putative structural protein (AAC73274.1); Blastp hit to AAC73274.1 (128 aa), 95% identity in aa 1 - 128	1
AE006468	AAL19176.1	putative inner membrane protein	similar to E. coli putative transport protein, shikimate (AAC75045.1); Blastp hit to AAC75045.1 (438 aa), 40% identity in aa 13 - 435	1
AE006468	AAL19177.1	2,3,4,5-tetrahydropyridine-2-carboxylate N-succinyltransferase	similar to E. coli 2,3,4,5-tetrahydropyridine-2-carboxylate N-succinyltransferase (AAC73277.1); Blastp hit to AAC73277.1 (274 aa), 97% identity in aa 1 - 274	1
AE006468	AAL19178.1	uridylyltransferase	[protein-PII] uridylyltransferase. (SW:GLND_SALTY)	1
AE006468	AAL19179.1	methionine aminopeptidase	methionine aminopeptidase. (SW:AMPM_SALTY)	1
AE006468	AAL19180.1	30S ribosomal subunit protein S2	similar to E. coli 30S ribosomal subunit protein S2 (AAC73280.1); Blastp hit to AAC73280.1 (241 aa), 97% identity in aa 1 - 241	1
AE006468	AAL19181.1	protein chain elongation factor EF-Ts	similar to E. coli protein chain elongation factor EF-Ts (AAC73281.1); Blastp hit to AAC73281.1 (283 aa), 96% identity in aa 1 - 283	1
AE006468	AAL19182.1	uridylate kinase	similar to E. coli uridylate kinase (AAC73282.1); Blastp hit to AAC73282.1 (241 aa), 98% identity in aa 1 - 241	1
AE006468	AAL19183.1	ribosome releasing factor	similar to E. coli ribosome releasing factor (AAC73283.1); Blastp hit to AAC73283.1 (185 aa), 93% identity in aa 1 - 185	1
AE006468	AAL19184.1	1-deoxy-D-xylulose 5-phosphate reductoisomerase	similar to E. coli putative ATP-binding component of a transport system (AAC73284.1); Blastp hit to AAC73284.1 (398 aa), 88% identity in aa 1 - 397	1
AE006468	AAL19185.1	undecaprenyl pyrophosphate synthetase (di-trans, poly-cis-decaprenylcistransferase)	similar to E. coli orf, hypothetical protein (AAC73285.1); Blastp hit to AAC73285.1 (253 aa), 93% identity in aa 2 - 253	1
AE006468	AAL19186.1	CDP-diglyceride synthase	similar to E. coli CDP-diglyceride synthetase (AAC73286.1); Blastp hit to AAC73286.1 (249 aa), 95% identity in aa 1 - 249	1
AE006468	AAL19187.1	putative membrane-associated Zn-dependent protease	similar to E. coli orf, hypothetical protein (AAC73287.1); Blastp hit to AAC73287.1 (450 aa), 88% identity in aa 1 - 450	1
AE006468	AAL19188.1	putative outer membrane antigen	similar to E. coli orf, hypothetical protein (AAC73288.1); Blastp hit to AAC73288.1 (810 aa), 92% identity in aa 1 - 810	1
AE006468	AAL19189.1	histone-like protein, located in outer membrane	outer membrane protein OMPH precursor. (SW:OMPH_SALTY)	1
AE006468	AAL19190.1	UDP-3-O-(3-hydroxymyristoyl)-glucosamine n-acyltransferase	UDP-3-O-[3-hydroxymyristoyl] glucosamine N-acyltransferase. (SW:LPXD_SALTY)	1
AE006468	AAL19191.1	(3R)-hydroxymyristol acyl carrier protein dehydratase	(3R)-hydroxymyristoyl-[acyl carrier protein] dehydratase. (SW:FABZ_SALTY)	1
AE006468	AAL19192.1	UDP-N-acetylglucosamine acetyltransferase	acyl-[acyl-carrier-protein]-UDP-N-acetylglucosamine O-acyltransferase. (SW:LPXA_SALTY)	1
AE006468	AAL19193.1	tetraacyldisaccharide-1-P	similar to E. coli tetraacyldisaccharide-1-P; lipid A biosynthesis, penultimate step (AAC73293.1); Blastp hit to AAC73293.1 (382 aa), 94% identity in aa 1 - 382	1
AE006468	AAL19194.1	RNAse HII	ribonuclease HII. (SW:RNH2_SALTY)	1
AE006468	AAL19195.1	DNA polymerase III, alpha subunit	DNA polymerase III, alpha chain. (SW:DP3A_SALTY)	1
AE006468	AAL19196.1	acetylCoA carboxylase, carboxytransferase component, alpha subunit	acetyl-coenzyme A carboxylase carboxyl transferase subunit alpha. (SW:ACCA_SALTY)	1
AE006468	AAL19197.1	putative endochitinase		1
AE006468	AAL19198.1	lysine decarboxylase 2, constitutive	similar to E. coli lysine decarboxylase 2, constitutive (AAC73297.1); Blastp hit to AAC73297.1 (713 aa), 91% identity in aa 1 - 712	1
AE006468	AAL19199.1	putative lactoylglutathione lyase	similar to E. coli orf, hypothetical protein (AAC73298.1); Blastp hit to AAC73298.1 (138 aa), 88% identity in aa 10 - 138	1
AE006468	AAL19200.1	cell cycle protein	similar to E. coli cell cycle protein (AAC73299.1); Blastp hit to AAC73299.1 (432 aa), 76% identity in aa 2 - 427	1
AE006468	AAL19201.1	modulator of Rho-dependent transcription termination	similar to E. coli orf, hypothetical protein (AAC73300.1); Blastp hit to AAC73300.1 (86 aa), 81% identity in aa 1 - 86	1
AE006468	AAL19202.1	putative cytoplasmic protein		1
AE006468	AAL19203.1	putative cytoplasmic protein	hypothetical 20.8 Kda protein in mesJ-cutF intergenic region. (SW:YAEQ_SALTY)	1
AE006468	AAL19204.1	putative-tRNA hydrolase domain protein	similar to E. coli orf, hypothetical protein (AAC73302.1); Blastp hit to AAC73302.1 (140 aa), 85% identity in aa 1 - 136	1
AE006468	AAL19205.1	proline tRNA synthetase	similar to E. coli proline tRNA synthetase (AAC73305.1); Blastp hit to AAC73305.1 (572 aa), 95% identity in aa 1 - 572	1
AE006468	AAL19206.1	putative regulator	similar to E. coli orf, hypothetical protein (AAC73306.1); Blastp hit to AAC73306.1 (235 aa), 89% identity in aa 1 - 235	1
AE006468	AAL19207.1	regulator in colanic acid synthesis	overexpression confers mucoid phenotype; increases capsule synthesis; similar to E. coli regulator in colanic acid synthesis; interacts with RcsB (AAC73307.1); Blastp hit to AAC73307.1 (134 aa), 91% identity in aa 1 - 134	1
AE006468	AAL19208.1	putative outer membrane lipoprotein	similar to E. coli putative lipoprotein (AAC73308.1); Blastp hit to AAC73308.1 (271 aa), 96% identity in aa 1 - 271	1
AE006468	AAL19209.1	putative ABC superfamily (membrane) transport protein	similar to E. coli putative transport system permease protein (AAC73309.1); Blastp hit to AAC73309.1 (217 aa), 93% identity in aa 1 - 217	1
AE006468	AAL19210.1	putative ABC superfamily (atp_bind) transport system	similar to E. coli ATP-binding component of a transporter (AAC73310.1); Blastp hit to AAC73310.1 (343 aa), 95% identity in aa 1 - 343	1
AE006468	AAL19211.1	putative dehydratase	similar to E. coli putative phosphatase (AAC73311.1); Blastp hit to AAC73311.1 (191 aa), 94% identity in aa 1 - 188	1
AE006468	AAL19212.1	2,5-diketo-D-gluconate reductase B	similar to E. coli putative aldose reductase (AAC73312.1); Blastp hit to AAC73312.1 (267 aa), 92% identity in aa 1 - 267	1
AE006468	AAL19213.1	putative LysR family transcriptional regulator	similar to E. coli putative transcriptional regulator LYSR-type (AAC73313.1); Blastp hit to AAC73313.1 (304 aa), 90% identity in aa 1 - 303	1
AE006468	AAL19214.1	putative drug efflux protein (perhaps for chloramphenicol)	similar to E. coli putative transport protein (AAC74729.1); Blastp hit to AAC74729.1 (389 aa), 41% identity in aa 7 - 378	1
AE006468	AAL19215.1	putative cytoplasmic protein	similar to E. coli orf, hypothetical protein (AAC73314.1); Blastp hit to AAC73314.1 (266 aa), 96% identity in aa 8 - 266	1
AE006468	AAL19216.1	putative methyltransferase in menaquinone/biotin biosynthesis	similar to E. coli putative biotin synthesis protein (AAC73315.1); Blastp hit to AAC73315.1 (207 aa), 71% identity in aa 3 - 206	1
AE006468	AAL19217.1	transcriptional regulator for nitrite reductase (cytochrome c552)	similar to E. coli transcriptional regulator for nitrite reductase (cytochrome c552) (AAC73316.1); Blastp hit to AAC73316.1 (452 aa), 91% identity in aa 1 - 452	1
AE006468	AAL19218.1	hydroxyacylglutathione hydrolase	similar to E. coli probable hydroxyacylglutathione hydrolase (AAC73317.1); Blastp hit to AAC73317.1 (251 aa), 78% identity in aa 1 - 251	1
AE006468	AAL19219.1	putative SAM-dependent methyltransferase	similar to E. coli orf, hypothetical protein (AAC73318.1); Blastp hit to AAC73318.1 (246 aa), 86% identity in aa 7 - 244	1
AE006468	AAL19220.1	RNase HI	degrades RNA of DNA-RNA hybrids; ribonuclease HI. (SW:RNH_SALTY)	1
AE006468	AAL19221.1	DNA polymerase III, epsilon subunit	3-5 exonucleolytic proofreading function; DNA polymerase III, epsilon chain. (SW:DP3E_SALTY)	1
AE006468	AAL19222.1	putative cytoplasmic protein		1
AE006468	AAL19223.1	putative cytoplasmic protein		1
AE006468	AAL19224.1	putative cytoplasmic protein		1
AE006468	AAL19225.1	putative cytoplasmic protein		1
AE006468	AAL19226.1	putative cytoplasmic protein		1
AE006468	AAL19227.1	putative cytoplasmic protein		1
AE006468	AAL19228.1	putative ATPase with chaperone activity	homolog of Yersinia clpB; similar to E. coli ATP-binding component of serine protease (AAC73969.1); Blastp hit to AAC73969.1 (758 aa), 42% identity in aa 150 - 449, 40% identity in aa 421 - 685, 32% identity in aa 30 - 74	1
AE006468	AAL19229.1	putative cytoplasmic protein		1
AE006468	AAL19230.1	putative cytoplasmic protein		1
AE006468	AAL19231.1	invasol SirA		1
AE006468	AAL19232.1	putative cytoplasmic protein	hypothetical protein	1
AE006468	AAL19233.1	putative cytoplasmic protein		1
AE006468	AAL19234.1	putative cytoplasmic protein		1
AE006468	AAL19235.1	putative periplasmic protein		1
AE006468	AAL19236.1	putative cytoplasmic protein		1
AE006468	AAL19237.1	putative outer membrane lipoprotein		1
AE006468	AAL19238.1	putative cytoplasmic protein		1
AE006468	AAL19239.1	putative outer membrane protein, OmpA family	similar to E. coli putative outer membrane protein (AAC76576.1); Blastp hit to AAC76576.1 (219 aa), 44% identity in aa 145 - 214	1
AE006468	AAL19240.1	putative inner membrane protein		1
AE006468	AAL19241.1	putative shiga-like toxin A subunit		1
AE006468	AAL19242.1	putative inner membrane protein		1
AE006468	AAL19243.1	putative cytoplasmic protein		1
AE006468	AAL19244.1	putative periplasmic protein		1
AE006468	AAL19245.1	putative cytoplasmic protein		1
AE006468	AAL19246.1	putative cytoplasmic protein		1
AE006468	AAL19247.1	putative cytoplasmic protein		1
AE006468	AAL19248.1	putative RHS-family protein	similar to E. coli rhsD protein in rhs element (AAC73599.1); Blastp hit to AAC73599.1 (1426 aa), 27% identity in aa 315 - 985, 46% identity in aa 1151 - 1261, 25% identity in aa 297 - 788, 24% identity in aa 346 - 870, 22-1073758628dentity in aa 465 - 904, 26% identity in aa 317 - 724, 32-1073758654dentity in aa 4 - 143, 24% identity in aa 232 - 605, 21% identity in aa 562 - 970, 23% identity in aa 318 - 755, 32% identity in aa 974 - 1076, 26% identity in aa 935 - 1051, 22% identity in aa 358 - 540, 37% identity in aa 1 - 32, 31-1073758588dentity in aa 1041 - 1099, 26% identity in aa 1000 - 1083, 30-1073758532dentity in aa 943 - 1025, 27% identity in aa 1172 - 1193, 32% identity in aa 1211 - 1235, 63% identity in aa 1393 - 1403, 28% identity in aa 1175 - 1210	1
AE006468	AAL19249.1	putative RHS-family protein	similar to E. coli rhsE protein in rhs element (AAC74538.1); Blastp hit to AAC74538.1 (682 aa), 44% identity in aa 426 - 541, 28% identity in aa 273 - 300	1
AE006468	AAL19250.1	putative cytoplasmic protein		1
AE006468	AAL19251.1	putative cytoplasmic protein		1
AE006468	AAL19252.1	putative cytoplasmic protein	hypothetical protein	1
AE006468	AAL19253.1	putative cytoplasmic protein		1
AE006468	AAL19254.1	putative transposase		1
AE006468	AAL19255.1	putative integrase core domain protein	similar to E. coli orf, hypothetical protein (AAC73370.1); Blastp hit to AAC73370.1 (384 aa), 28% identity in aa 221 - 295	1
AE006468	AAL19256.1	putative outer membrane protein		1
AE006468	AAL19257.1	putative fimbriae assembly chaparone	similar to E. coli putative chaperone (AAC76177.1); Blastp hit to AAC76177.1 (231 aa), 35% identity in aa 26 - 223	1
AE006468	AAL19258.1	putative fimbriae usher	similar to E. coli putative outer membrane protein, export function (AAC73634.1); Blastp hit to AAC73634.1 (867 aa), 34% identity in aa 35 - 862	1
AE006468	AAL19259.1	putative fimbriae subunit		1
AE006468	AAL19260.1	putative xylanase/chitin deacetylase	similar to E. coli orf, hypothetical protein (AAC74108.1); Blastp hit to AAC74108.1 (672 aa), 36% identity in aa 52 - 189, 21% identity in aa 213 - 280	1
AE006468	AAL19261.1	transcriptional regulator	SINR protein. (SW:SINR_SALTY)	1
AE006468	AAL19262.1	putative cytoplasmic protein	hypothetical protein	1
AE006468	AAL19263.1	homolog of sapA		1
AE006468	AAL19264.1	homology to Shigella VirG protein		1
AE006468	AAL19265.1	putative amidohydrolase	similar to E. coli putative EC 3.5. amidase-type enzyme (AAC73323.1); Blastp hit to AAC73323.1 (256 aa), 82% identity in aa 3 - 255	1
AE006468	AAL19266.1	putative acyl-CoA dehydrogenase	similar to E. coli putative acyl-CoA dehydrogenase (AAC73325.1); Blastp hit to AAC73325.1 (826 aa), 95% identity in aa 13 - 826	1
AE006468	AAL19267.1	phosphoheptose isomerase	similar to E. coli phosphoheptose isomerase (AAC73326.1); Blastp hit to AAC73326.1 (192 aa), 97% identity in aa 1 - 192	1
AE006468	AAL19268.1	putative glutamine amidotransferase	similar to E. coli putative amidotransferase (AAC73327.1); Blastp hit to AAC73327.1 (255 aa), 93% identity in aa 1 - 255	1
AE006468	AAL19269.1	putative periplasmic protein	similar to E. coli orf, hypothetical protein (AAC73328.1); Blastp hit to AAC73328.1 (246 aa), 90% identity in aa 1 - 246	1
AE006468	AAL19270.1	DNA polymerase IV	devoid of proofreading; damage-inducible protein P; similar to E. coli damage-inducible protein P; putative tRNA synthetase (AAC73335.1); Blastp hit to AAC73335.1 (351 aa), 91% identity in aa 1 - 351	1
AE006468	AAL19271.1	putative peptide chain release factor	similar to E. coli probable peptide chain release factor (AAC73340.1); Blastp hit to AAC73340.1 (166 aa), 82% identity in aa 2 - 163	1
AE006468	AAL19272.1	aminoacyl-histidine dipeptidase (peptidase D)	similar to E. coli aminoacyl-histidine dipeptidase (peptidase D) (AAC73341.1); Blastp hit to AAC73341.1 (485 aa), 92% identity in aa 1 - 485	1
AE006468	AAL19273.1	guanine-hypoxanthine phosphoribosyltransferase	xanthine-guanine phosphoribosyltransferase. (SW:XGPT_SALTY)	1
AE006468	AAL19274.1	putative hydrolase of the alpha/beta superfamily	hypothetical protein in gpt-crl intergenic region. (SW:YAFA_SALTY)	1
AE006468	AAL19275.1	transcriptional regulator of cryptic csgA gene for curli surface fibers	similar to E. coli transcriptional regulator of cryptic csgA gene for curli surface fibers (AAC73344.1); Blastp hit to AAC73344.1 (133 aa), 83% identity in aa 1 - 133	1
AE006468	AAL19276.1	outer membrane pore protein e (e,ic,nmpab)	outer membrane pore protein E precursor. (SW:PHOE_SALTY)	1
AE006468	AAL19277.1	gamma-glutamate kinase	similar to E. coli gamma-glutamate kinase (AAC73346.1); Blastp hit to AAC73346.1 (367 aa), 96% identity in aa 1 - 367	1
AE006468	AAL19278.1	gamma-glutamylphosphate reductase	gamma-glutamyl phosphate reductase (GPR). (SW:PROA_SALTY)	1
AE006468	AAL19279.1	putative inner membrane protein		1
AE006468	AAL19280.1	putative IS3 transposase	similar to E. coli IS3 putative transposase (AAC75150.1); Blastp hit to AAC75150.1 (288 aa), 83% identity in aa 30 - 267	1
AE006468	AAL19281.1	putative cytoplasmic protein	similar to E. coli orf, hypothetical protein (AAC74880.1); Blastp hit to AAC74880.1 (119 aa), 66% identity in aa 13 - 119	1
AE006468	AAL19282.1	putative permease	similar to E. coli putative transport protein (AAC74668.1); Blastp hit to AAC74668.1 (417 aa), 34% identity in aa 33 - 407	1
AE006468	AAL19283.1	putative 3-isopropylmalate isomerase	similar to E. coli 3-isopropylmalate isomerase dehydratase subunit (AAC73183.1); Blastp hit to AAC73183.1 (466 aa), 52% identity in aa 2 - 465; subunit with LeuD	1
AE006468	AAL19284.1	putative 3-isopropylmalate isomerase (dehydratase), subunit with LeuC	similar to E. coli isopropylmalate isomerase subunit (AAC73182.1); Blastp hit to AAC73182.1 (201 aa), 39% identity in aa 3 - 193	1
AE006468	AAL19285.1	putative fumarylacetoacetate (FAA) hydrolase	similar to E. coli putative isomerase (AAC74264.1); Blastp hit to AAC74264.1 (219 aa), 34% identity in aa 11 - 217	1
AE006468	AAL19286.1	putative hydrolase or acyltransferase	similar to E. coli orf, hypothetical protein (AAC73780.1); Blastp hit to AAC73780.1 (254 aa), 33% identity in aa 15 - 129	1
AE006468	AAL19287.1	putative LysR family transcriptional regulator	similar to E. coli putative transcriptional regulator LYSR-type (AAC74869.1); Blastp hit to AAC74869.1 (314 aa), 44% identity in aa 2 - 307	1
AE006468	AAL19288.1	putative cytoplasmic protein		1
AE006468	AAL19289.1	putative outer membrane protein		1
AE006468	AAL19290.1	putative fimbriae; chaparone	similar to E. coli periplasmic chaperone, required for type 1 fimbriae (AAC77272.1); Blastp hit to AAC77272.1 (241 aa), 30% identity in aa 32 - 241	1
AE006468	AAL19291.1	putative fimbriae; usher		1
AE006468	AAL19292.1	putative fimbriae; usher	similar to E. coli outer membrane protein; export and assembly of type 1 fimbriae, interrupted (AAC77273.1); Blastp hit to AAC77273.1 (878 aa), 30% identity in aa 30 - 870	1
AE006468	AAL19293.1	putative fimbriae; chaparone	similar to E. coli probable pilin chaperone similar to PapD (AAC73251.1); Blastp hit to AAC73251.1 (246 aa), 40% identity in aa 1 - 240	1
AE006468	AAL19294.1	putative fimbriae; major subunit	similar to E. coli major type 1 subunit fimbrin (pilin) (AAC77270.1); Blastp hit to AAC77270.1 (182 aa), 28% identity in aa 1 - 182	1
AE006468	AAL19295.1	putative inner membrane protein		1
AE006468	AAL19296.1	putative periplasmic protein	unknown (gi|6707277)	1
AE006468	AAL19297.1	putative diguanylate cyclase/phosphodiesterase domain 1	similar to E. coli orf, hypothetical protein (AAC75237.1); Blastp hit to AAC75237.1 (518 aa), 31% identity in aa 10 - 512	1
AE006468	AAL19298.1	putative response regulator		1
AE006468	AAL19299.1	putative inner membrane protein	unknown (gi|6707277)	1
AE006468	AAL19300.1	putative outer membrane protein; homolog of ail and ompX	unknown (gi|6707276)	1
AE006468	AAL19301.1	putative response regulator	unknown (gi|6707275)	1
AE006468	AAL19302.1	putative inner membrane protein	hypothetical protein	1
AE006468	AAL19303.1	putative outer membrane lipoprotein	similar to E. coli orf, hypothetical protein (AAC77104.1); Blastp hit to AAC77104.1 (128 aa), 35% identity in aa 15 - 127	1
AE006468	AAL19304.1	homology to outer membrane efflux protein	similar to E. coli putative resistance protein (AAC73673.1); Blastp hit to AAC73673.1 (457 aa), 37% identity in aa 7 - 457	1
AE006468	AAL19305.1	putative cation efflux system protein	similar to E. coli integral transmembrane protein; acridine resistance (AAC76298.1); Blastp hit to AAC76298.1 (1034 aa), 42% identity in aa 3 - 1030	1
AE006468	AAL19306.1	putative cation efflux pump	similar to E. coli acridine efflux pump (AAC73565.1); Blastp hit to AAC73565.1 (397 aa), 31% identity in aa 38 - 383	1
AE006468	AAL19307.1	putative cation transport ATPase	similar to E. coli putative ATPase (AAC73586.1); Blastp hit to AAC73586.1 (834 aa), 42% identity in aa 99 - 831, 45% identity in aa 4 - 63	1
AE006468	AAL19308.1	putative transcriptional regulator	similar to E. coli putative transcriptional regulator (AAC73589.1); Blastp hit to AAC73589.1 (135 aa), 42% identity in aa 1 - 126	1
AE006468	AAL19309.1	putative copper chaperone		1
AE006468	AAL19310.1	putative inner membrane protein	similar to E. coli putative transport protein (AAC77235.1); Blastp hit to AAC77235.1 (425 aa), 28% identity in aa 33 - 412	1
AE006468	AAL19311.1	DNA methylase; restriction system	type iii restriction-modification system stylti enzyme mod (stylti methyltransferase) (SW:T3MO_SALTY)	1
AE006468	AAL19312.1	DNA restriction (DNA helicase)	type iii restriction-modification system stylti enzyme res (SW:T3RE_SALTY)	1
AE006468	AAL19313.1	putative cytoplasmic protein	hypothetical protein	1
AE006468	AAL19314.1	cytochrome BD2 subunit I	similar to E. coli probable third cytochrome oxidase, subunit I (AAC74063.1); Blastp hit to AAC74063.1 (514 aa), 38% identity in aa 2 - 316, 38% identity in aa 381 - 512	1
AE006468	AAL19315.1	cytochrome BD2 subunit II	similar to E. coli cytochrome d terminal oxidase polypeptide subunit II (AAC73828.1); Blastp hit to AAC73828.1 (379 aa), 34% identity in aa 7 - 221, 22% identity in aa 121 - 366	1
AE006468	AAL19316.1	putative cytoplasmic protein	hypothetical protein	1
AE006468	AAL19317.1	putative transcription regulator, AraC family	putative XylS/AraC transcriptional activator (gi|3094022)	1
AE006468	AAL19318.1	ferrioxamine receptor	ferrioxamine B receptor precursor. (SW:FOXA_SALTY)	1
AE006468	AAL19319.1	putative transport protein	similar to E. coli putative cytochrome subunit of dehydrogenase (AAC73431.1); Blastp hit to AAC73431.1 (223 aa), 86% identity in aa 14 - 223	1
AE006468	AAL19320.1	putative periplasmic protein	similar to E. coli orf, hypothetical protein (AAC73432.1); Blastp hit to AAC73432.1 (91 aa), 72% identity in aa 1 - 91	1
AE006468	AAL19321.1	regulator for prp operon (EBP family)	propionate catabolism operon regulatory protein. (SW:PRPR_SALTY)	1
AE006468	AAL19322.1	putative carboxyphosphonoenolpyruvate mutase	putative carboxyvinyl-carboxyphosphonate phosphorylmutase. (SW:CPPM_SALTY)	1
AE006468	AAL19323.1	putative citrate synthase	methylcitrate synthase. (SW:CISZ_SALTY)	1
AE006468	AAL19324.1	putative protein in propionate catabolism	PRPD protein. (SW:PRPD_SALTY)	1
AE006468	AAL19325.1	putative acetyl-CoA synthetase, propionate catabolism operon	PRPE protein. (SW:PRPE_SALTY)	1
AE006468	AAL19326.1	5-aminolevulinate dehydratase (porphobilinogen synthase)	similar to E. coli 5-aminolevulinate dehydratase = porphobilinogen synthase (AAC73472.1); Blastp hit to AAC73472.1 (335 aa), 93% identity in aa 12 - 335	1
AE006468	AAL19327.1	flagellar protein	similar to 3rd module of ATP-binding components of transporters; similar to E. coli putative flagellin structural protein (AAC73477.1); Blastp hit to AAC73477.1 (467 aa), 91% identity in aa 1 - 467	1
AE006468	AAL19328.1	putative inner membrane protein	similar to E. coli orf, hypothetical protein (AAC73478.1); Blastp hit to AAC73478.1 (222 aa), 71% identity in aa 16 - 222	1
AE006468	AAL19329.1	penicillin- binding protein	similar to E. coli putative enzyme (AAC73479.1); Blastp hit to AAC73479.1 (385 aa), 91% identity in aa 10 - 385	1
AE006468	AAL19330.1	putative ABC superfamily transporter	similar to E. coli sensitivity to microcin B17, possibly envelop protein (AAC73480.1); Blastp hit to AAC73480.1 (406 aa), 92% identity in aa 1 - 406	1
AE006468	AAL19331.1	putative outer membrane lipoprotein	similar to E. coli orf, hypothetical protein (AAC73481.1); Blastp hit to AAC73481.1 (364 aa), 85% identity in aa 1 - 362	1
AE006468	AAL19332.1	putative inner membrane protein	similar to E. coli orf, hypothetical protein (AAC73482.1); Blastp hit to AAC73482.1 (102 aa), 86% identity in aa 1 - 102	1
AE006468	AAL19333.1	putative inner membrane protein	similar to E. coli orf, hypothetical protein (AAC73483.1); Blastp hit to AAC73483.1 (114 aa), 84% identity in aa 45 - 114	1
AE006468	AAL19334.1	D-alanine-D-alanine ligase A	D-alanine--D-alanine ligase A. (SW:DDLA_SALTY)	1
AE006468	AAL19335.1	putative inner membrane protein		1
AE006468	AAL19336.1	putative permease	similar to E. coli putative transport protein (AAC74137.1); Blastp hit to AAC74137.1 (408 aa), 60% identity in aa 11 - 405	1
AE006468	AAL19337.1	putative cytoplasmic protein	similar to E. coli orf, hypothetical protein (AAC73485.1); Blastp hit to AAC73485.1 (86 aa), 85% identity in aa 1 - 85	1
AE006468	AAL19338.1	induced by phosphate starvation	similar to E. coli induced by phosphate starvation (AAC73487.1); Blastp hit to AAC73487.1 (112 aa), 90% identity in aa 7 - 112	1
AE006468	AAL19339.1	putative diguanylate cyclase/phosphodiesterase domain 1	similar to E. coli orf, hypothetical protein (AAC73488.1); Blastp hit to AAC73488.1 (371 aa), 75% identity in aa 1 - 371	1
AE006468	AAL19340.1	pyrroline-5-carboxylate reductase	similar to E. coli pyrroline-5-carboxylate reductase (AAC73489.1); Blastp hit to AAC73489.1 (269 aa), 95% identity in aa 1 - 269	1
AE006468	AAL19341.1	putative cytoplasmic protein	similar to E. coli orf, hypothetical protein (AAC73490.1); Blastp hit to AAC73490.1 (192 aa), 89% identity in aa 41 - 191	1
AE006468	AAL19342.1	shikimate kinase II	similar to E. coli shikimate kinase II (AAC73491.1); Blastp hit to AAC73491.1 (174 aa), 74% identity in aa 1 - 168	1
AE006468	AAL19343.1	putative cytoplasmic protein	similar to E. coli orf, hypothetical protein (AAC73492.1); Blastp hit to AAC73492.1 (63 aa), 93% identity in aa 1 - 62	1
AE006468	AAL19344.1	protein of aro operon, regulated by aroR	similar to E. coli protein of aro operon, regulated by aroR (AAC73493.1); Blastp hit to AAC73493.1 (225 aa), 77% identity in aa 1 - 225	1
AE006468	AAL19345.1	putative cytoplasmic protein	similar to E. coli orf, hypothetical protein (AAC73494.1); Blastp hit to AAC73494.1 (94 aa), 86% identity in aa 1 - 94	1
AE006468	AAL19346.1	putative exonuclease involved in removal of stalled replication fork	similar to E. coli orf, hypothetical protein (AAC73496.1); Blastp hit to AAC73496.1 (303 aa), 93% identity in aa 1 - 303	1
AE006468	AAL19347.1	putative sugar kinase/putative transcriptional regulator (NagC/XylR family)	similar to E. coli possible NAGC-like transcriptional regulator (AAC73497.1); Blastp hit to AAC73497.1 (348 aa), 88% identity in aa 47 - 346	1
AE006468	AAL19348.1	MFS family, arabinose polymer transporter	similar to E. coli involved in either transport or processing of arabinose polymers (AAC73499.1); Blastp hit to AAC73499.1 (394 aa), 85% identity in aa 1 - 388	1
AE006468	AAL19349.1	ATP-dependent dsDNA exonuclease	similar to E. coli ATP-dependent dsDNA exonuclease (AAC73500.1); Blastp hit to AAC73500.1 (1048 aa), 70% identity in aa 1 - 1048	1
AE006468	AAL19350.1	ATP-dependent dsDNA exonuclease	similar to E. coli ATP-dependent dsDNA exonuclease (AAC73501.1); Blastp hit to AAC73501.1 (400 aa), 84% identity in aa 1 - 400	1
AE006468	AAL19351.1	response regulator in two-component regulatory system with PhoR (or CreC)	regulates pho regulon (OmpR family); similar to E. coli positive response regulator for pho regulon, sensor is PhoR (or CreC) (AAC73502.1); Blastp hit to AAC73502.1 (229 aa), 95% identity in aa 1 - 229	1
AE006468	AAL19352.1	sensory kinase in two-component regulatory system with PhoB, regulates pho regulon	similar to E. coli positive and negative sensor protein for pho regulon (AAC73503.1); Blastp hit to AAC73503.1 (431 aa), 90% identity in aa 1 - 431	1
AE006468	AAL19353.1	LIVCS family, branched chain amino acid transporter system II (LIV-II)	branched-chain amino acid transport system II carrier protein(liv-II). (SW:BRNQ_SALTY)	1
AE006468	AAL19354.1	putative APC family, proline transporter	proline-specific permease PROY. (SW:PROY_SALTY)	1
AE006468	AAL19355.1	maltodextrin glucosidase	similar to E. coli maltodextrin glucosidase (AAC73506.1); Blastp hit to AAC73506.1 (605 aa), 83% identity in aa 2 - 605	1
AE006468	AAL19356.1	putative thiol - alkyl hydroperoxide reductase	similar to E. coli alkyl hydroperoxide reductase, C22 subunit; detoxification of hydroperoxides (AAC73706.1); Blastp hit to AAC73706.1 (187 aa), 36% identity in aa 1 - 186	1
AE006468	AAL19357.1	putative cytoplasmic protein	similar to E. coli putative glycoprotein (AAC73507.1); Blastp hit to AAC73507.1 (193 aa), 87% identity in aa 1 - 193	1
AE006468	AAL19358.1	S-adenosylmethionine-tRNA ribosyltransferase-isomerase	similar to E. coli synthesis of queuine in tRNA; probably S-adenosylmethionine:tRNA ribosyltransferase-isomerase (AAC73508.1); Blastp hit to AAC73508.1 (356 aa), 94% identity in aa 1 - 353	1
AE006468	AAL19359.1	tRNA-guanine transglycosylase	similar to E. coli tRNA-guanine transglycosylase (AAC73509.1); Blastp hit to AAC73509.1 (375 aa), 97% identity in aa 1 - 375	1
AE006468	AAL19360.1	preprotein translocase IISP family, membrane subunit	similar to E. coli orf, hypothetical protein (AAC73510.1); Blastp hit to AAC73510.1 (110 aa), 99% identity in aa 1 - 110	1
AE006468	AAL19361.1	preprotein translocase, IISP family, part of the channel	similar to E. coli protein secretion; membrane protein, part of the channel (AAC73511.1); Blastp hit to AAC73511.1 (615 aa), 94% identity in aa 1 - 615	1
AE006468	AAL19362.1	preprotein translocase, IISP family, membrane subunit	similar to E. coli protein secretion, membrane protein (AAC73512.1); Blastp hit to AAC73512.1 (323 aa), 95% identity in aa 1 - 323	1
AE006468	AAL19363.1	hypothetical protein		1
AE006468	AAL19364.1	putative regulatory protein		1
AE006468	AAL19365.1	putative cytoplasmic protein	hypothetical 12.6 Kda protein in secF-tsx intergenic region. (SW:YAJD_SALTY)	1
AE006468	AAL19366.1	putative inner membrane protein	hypothetical protein 14.5K (gi|1073681)	1
AE006468	AAL19367.1	nucleoside channel; receptor of phage T6 and colicin K	nucleoside-specific channel-forming protein TSX precursor. (SW:TSX_SALTY)	1
AE006468	AAL19368.1	putative outer membrane lipoprotein	similar to E. coli orf, hypothetical protein (AAC73515.1); Blastp hit to AAC73515.1 (199 aa), 73% identity in aa 21 - 199	1
AE006468	AAL19369.1	putative transcriptional regulator	similar to E. coli orf, hypothetical protein (AAC73516.1); Blastp hit to AAC73516.1 (149 aa), 95% identity in aa 1 - 149	1
AE006468	AAL19370.1	pyrimidine deaminase	bifunctional; similar to E. coli bifunctional pyrimidine deaminase/reductase in pathway of riboflavin synthesis (AAC73517.1); Blastp hit to AAC73517.1 (367 aa), 89% identity in aa 1 - 367	1
AE006468	AAL19371.1	riboflavin synthase, beta chain	similar to E. coli riboflavin synthase, beta chain (AAC73518.1); Blastp hit to AAC73518.1 (156 aa), 91% identity in aa 1 - 156	1
AE006468	AAL19372.1	transcription termination; L factor	similar to E. coli transcription termination; L factor (AAC73519.1); Blastp hit to AAC73519.1 (139 aa), 96% identity in aa 1 - 139	1
AE006468	AAL19373.1	thiamin-monophosphate kinase	thiamine-monophosphate kinase. (SW:THIL_SALTY)	1
AE006468	AAL19374.1	phosphatidylglycerophosphatase A	similar to E. coli phosphatidylglycerophosphatase (AAC73521.1); Blastp hit to AAC73521.1 (172 aa), 95% identity in aa 1 - 171	1
AE006468	AAL19375.1	putative oxidoreductase / K + channel protein	similar to E. coli putative NAD(P)H-dependent xylose reductase (AAC73522.1); Blastp hit to AAC73522.1 (348 aa), 92% identity in aa 25 - 348	1
AE006468	AAL19376.1	1-deoxyxylulose-5-phosphate synthase; flavoprotein	similar to E. coli 1-deoxyxylulose-5-phosphate synthase; flavoprotein (AAC73523.1); Blastp hit to AAC73523.1 (620 aa), 96% identity in aa 1 - 620	1
AE006468	AAL19377.1	geranyltranstransferase (farnesyldiphosphate synthase)	similar to E. coli geranyltranstransferase (farnesyldiphosphate synthase) (AAC73524.1); Blastp hit to AAC73524.1 (299 aa), 90% identity in aa 1 - 299	1
AE006468	AAL19378.1	exonuclease VII, small subunit	similar to E. coli exonuclease VII, small subunit (AAC73525.1); Blastp hit to AAC73525.1 (80 aa), 90% identity in aa 1 - 80	1
AE006468	AAL19379.1	sulfur transfer protein (from cys to ThiS and from IscS to U8-tRNA)	thiamine biosynthesis protein thiI. (SW:THII_SALTY)	1
AE006468	AAL19380.1	2-aminoethylphosphonate transporter, memrane component	probable membrane component of 2-aminoethylphosphonate transporter phnV (gi|11354255)	1
AE006468	AAL19381.1	2-aminoethylphosphonate transporter, memrane component	probable membrane component of 2-aminoethylphosphonate transporter phnU (gi|11354254)	1
AE006468	AAL19382.1	2-aminoethylphosphonate transporter ATPase component	probable ATPase component of 2-aminoethylphosphonate transporter phnT (gi|11354253)	1
AE006468	AAL19383.1	2-aminoethylphosphonate transporter, periplasmic-binding component	probable periplasmic binding-protein of the 2-aminoethylphosphonate transporter PhnS (gi|11354256)	1
AE006468	AAL19384.1	2-aminoethylphosphonate transport, repressor	probable repressor protein of GntR family phnR (gi|11354257)	1
AE006468	AAL19385.1	2-aminoethylphosphonate transport	2-aminoethylphosphonate--pyruvate aminotransferase phnW (gi|11354251)	1
AE006468	AAL19386.1	2-aminoethylphosphonate transport	phosphonoacetaldehyde phosphonohydrolase phnX (gi|11354252)	1
AE006468	AAL19387.1	4-methyl-5(beta-hydroxyethyl)-thiazole synthesis	4-methyl-5(B-hydroxyethyl)-thiazole monophosphate biosynthesis enzyme. (SW:THIJ_SALTY)	1
AE006468	AAL19388.1	ketopantoate reductase	2-dehydropantoate 2-reductase. (SW:APBA_SALTY)	1
AE006468	AAL19389.1	putative cytoplasmic protein	similar to E. coli orf, hypothetical protein (AAC73529.1); Blastp hit to AAC73529.1 (169 aa), 90% identity in aa 1 - 169	1
AE006468	AAL19390.1	putative MFS family transporter	similar to E. coli putative transport protein (AAC73530.1); Blastp hit to AAC73530.1 (456 aa), 89% identity in aa 8 - 453	1
AE006468	AAL19391.1	IS903 transposase		1
AE006468	AAL19392.1	putative periplasmic protein	similar to E. coli orf, hypothetical protein (AAC73748.1); Blastp hit to AAC73748.1 (184 aa), 38% identity in aa 61 - 150, 32% identity in aa 22 - 151, 36% identity in aa 57 - 131, 38% identity in aa 123 - 175, 30-1073758628dentity in aa 105 - 164, 22% identity in aa 10 - 129	1
AE006468	AAL19393.1	putative TPR repeat protein	similar to E. coli orf, hypothetical protein (AAC73748.1); Blastp hit to AAC73748.1 (184 aa), 35% identity in aa 77 - 179, 33% identity in aa 56 - 171	1
AE006468	AAL19394.1	protohaeme IX farnesyltransferase (haeme O biosynthesis)	similar to E. coli protoheme IX farnesyltransferase (haeme O biosynthesis) (AAC73531.1); Blastp hit to AAC73531.1 (296 aa), 95% identity in aa 1 - 296	1
AE006468	AAL19395.1	cytochrome o ubiquinol oxidase subunit IV	similar to E. coli cytochrome o ubiquinol oxidase subunit IV (AAC73532.1); Blastp hit to AAC73532.1 (109 aa), 93% identity in aa 1 - 109	1
AE006468	AAL19396.1	cytochrome o ubiquinol oxidase subunit III	similar to E. coli cytochrome o ubiquinol oxidase subunit III (AAC73533.1); Blastp hit to AAC73533.1 (204 aa), 96% identity in aa 1 - 204	1
AE006468	AAL19397.1	cytochrome o ubiquinol oxidase subunit I	similar to E. coli cytochrome o ubiquinol oxidase subunit I (AAC73534.1); Blastp hit to AAC73534.1 (663 aa), 95% identity in aa 1 - 663	1
AE006468	AAL19398.1	cytochrome o ubiquinol oxidase subunit II	similar to E. coli cytochrome o ubiquinol oxidase subunit II (AAC73535.1); Blastp hit to AAC73535.1 (315 aa), 95% identity in aa 1 - 315	1
AE006468	AAL19399.1	MFS family, muropeptide transporter	similar to E. coli regulates beta-lactamase synthesis (AAC73536.1); Blastp hit to AAC73536.1 (491 aa), 91% identity in aa 1 - 490	1
AE006468	AAL19400.1	putative lipoprotein	similar to E. coli putative polymerase/proteinase (AAC73537.1); Blastp hit to AAC73537.1 (226 aa), 85% identity in aa 20 - 226	1
AE006468	AAL19401.1	morphogene; putative regulator of murein genes (BolA family)	similar to E. coli possible regulator of murein genes (AAC73538.1); Blastp hit to AAC73538.1 (116 aa), 92% identity in aa 12 - 116	1
AE006468	AAL19402.1	peptidyl-prolyl cis/trans isomerase	trigger factor; a molecular chaperone involved in cell division; similar to E. coli trigger factor; a molecular chaperone involved in cell division (AAC73539.1); Blastp hit to AAC73539.1 (432 aa), 95% identity in aa 1 - 432	1
AE006468	AAL19403.1	proteolytic subunit of clpA-clpP ATP-dependent serine protease	heat shock protein F21.5; similar to E. coli ATP-dependent proteolytic subunit of clpA-clpP serine protease, heat shock protein F21.5 (AAC73540.1); Blastp hit to AAC73540.1 (207 aa), 99% identity in aa 1 - 207	1
AE006468	AAL19404.1	specificity component of clpA-clpP ATP-dependent serine protease, chaperone	similar to E. coli ATP-dependent specificity component of clpP serine protease, chaperone (AAC73541.1); Blastp hit to AAC73541.1 (424 aa), 98% identity in aa 1 - 424	1
AE006468	AAL19405.1	DNA-binding protein	ATP-dependent protease la; cleaves RcsA and SulA; heat shock k-protein (DNA binding activity); similar to E. coli DNA-binding, ATP-dependent protease La; heat shock K-protein (AAC73542.1); Blastp hit to AAC73542.1 (784 aa), 99% identity in aa 1 - 784	1
AE006468	AAL19406.1	DNA-binding protein HU-beta, NS1 (HU-1)	DNA-binding protein HU-beta (NS1) (HU-1). (SW:DBHB_SALTY)	1
AE006468	AAL19407.1	peptidyl prolyl isomerase	similar to E. coli putative protease maturation protein (AAC73544.1); Blastp hit to AAC73544.1 (623 aa), 88% identity in aa 1 - 623	1
AE006468	AAL19408.1	putative DNA uptake protein and related DNA-binding proteins	similar to E. coli orf, hypothetical protein (AAC73545.1); Blastp hit to AAC73545.1 (123 aa), 83% identity in aa 1 - 123	1
AE006468	AAL19409.1	putative esterase	similar to E. coli orf, hypothetical protein (AAC73546.1); Blastp hit to AAC73546.1 (132 aa), 94% identity in aa 1 - 132	1
AE006468	AAL19410.1	putative (aluminum) resistance protein	similar to E. coli orf, hypothetical protein (AAC73547.1); Blastp hit to AAC73547.1 (231 aa), 93% identity in aa 1 - 231	1
AE006468	AAL19411.1	putative ABC transporter periplasmic binding protein	similar to E. coli orf, hypothetical protein (AAC73548.1); Blastp hit to AAC73548.1 (566 aa), 79% identity in aa 1 - 565	1
AE006468	AAL19412.1	putative hydrolase	similar to E. coli orf, hypothetical protein (AAC73549.1); Blastp hit to AAC73549.1 (276 aa), 81% identity in aa 5 - 276	1
AE006468	AAL19413.1	putative cysteine synthase/cystathionine beta-synthase	similar to E. coli cysteine synthase B, O-acetylserine sulfhydrolase B (AAC75474.1); Blastp hit to AAC75474.1 (303 aa), 26% identity in aa 6 - 207, 35% identity in aa 198 - 289	1
AE006468	AAL19414.1	putative transcriptional regulator (AsnC family)	similar to E. coli putative LRP-like transcriptional regulator (AAC73550.1); Blastp hit to AAC73550.1 (181 aa), 95% identity in aa 30 - 181	1
AE006468	AAL19415.1	putative ABC superfamily (atp) transporter	similar to E. coli ATP-binding component of a transport system (AAC73551.1); Blastp hit to AAC73551.1 (590 aa), 88% identity in aa 1 - 590	1
AE006468	AAL19416.1	putative ABC superfamily (atp&membrane) transporter	similar to E. coli putative ATP-binding component of a transport system (AAC73552.1); Blastp hit to AAC73552.1 (593 aa), 88% identity in aa 1 - 593	1
AE006468	AAL19417.1	regulatory protein P-II 2	nitrogen assimilation by glutamine synthetase; regulates GlnL (NRII) and GlnE (ATase); similar to E. coli nitrogen regulatory protein P-II 2 (AAC73553.1); Blastp hit to AAC73553.1 (112 aa), 97% identity in aa 1 - 112	1
AE006468	AAL19418.1	putative Amt family, ammonium transport protein	similar to E. coli probable ammonium transporter (AAC73554.1); Blastp hit to AAC73554.1 (428 aa), 92% identity in aa 1 - 428	1
AE006468	AAL19419.1	acyl-CoA thioesterase II	similar to E. coli acyl-CoA thioesterase II (AAC73555.1); Blastp hit to AAC73555.1 (286 aa), 91% identity in aa 1 - 286	1
AE006468	AAL19420.1	glycoprotein/polysaccharide metabolism	similar to E. coli glycoprotein/polysaccharide metabolism (AAC73556.1); Blastp hit to AAC73556.1 (190 aa), 88% identity in aa 1 - 190	1
AE006468	AAL19421.1	putative methyltransferase	similar to E. coli orf, hypothetical protein (AAC73557.1); Blastp hit to AAC73557.1 (129 aa), 82% identity in aa 1 - 129	1
AE006468	AAL19422.1	putative diguanylate cyclase/phosphodiesterase domain 2	similar to E. coli orf, hypothetical protein (AAC73559.1); Blastp hit to AAC73559.1 (518 aa), 67% identity in aa 3 - 518	1
AE006468	AAL19423.1	putative 50S ribosomal protein L31 (second copy)	similar to E. coli putative ribosomal protein (AAC73399.1); Blastp hit to AAC73399.1 (87 aa), 74% identity in aa 1 - 86	1
AE006468	AAL19424.1	putative 50S ribosomal protein L36 (second copy)		1
AE006468	AAL19425.1	putative inner membrane protein	similar to E. coli orf, hypothetical protein (AAC73560.1); Blastp hit to AAC73560.1 (169 aa), 80% identity in aa 14 - 168	1
AE006468	AAL19426.1	maltose o-acetyltransferase	similar to E. coli putative transferase (AAC73561.1); Blastp hit to AAC73561.1 (183 aa), 79% identity in aa 1 - 183	1
AE006468	AAL19427.1	hemolysin expression modulating protein (involved in environmental regulation of virulence factors)	similar to E. coli haemolysin expression modulating protein (AAC73562.1); Blastp hit to AAC73562.1 (72 aa), 98% identity in aa 1 - 72	1
AE006468	AAL19428.1	putative cytoplasmic protein	similar to E. coli orf, hypothetical protein (AAC73563.1); Blastp hit to AAC73563.1 (124 aa), 95% identity in aa 1 - 124	1
AE006468	AAL19429.1	RND family, acridine efflux pump	similar to E. coli acridine efflux pump (AAC73564.1); Blastp hit to AAC73564.1 (1049 aa), 94% identity in aa 1 - 1048	1
AE006468	AAL19430.1	acridine efflux pump	similar to E. coli acridine efflux pump (AAC73565.1); Blastp hit to AAC73565.1 (397 aa), 91% identity in aa 1 - 397	1
AE006468	AAL19431.1	acrAB operon repressor (TetR/AcrR family)	similar to E. coli acrAB operon repressor (AAC73566.1); Blastp hit to AAC73566.1 (215 aa), 87% identity in aa 1 - 214	1
AE006468	AAL19432.1	putative small-conductance mechanosensitive channel	similar to E. coli putative alpha helix protein (AAC73567.1); Blastp hit to AAC73567.1 (1120 aa), 89% identity in aa 1 - 1117	1
AE006468	AAL19433.1	putative transposase	similar to E. coli orf, hypothetical protein (AAC75365.1); Blastp hit to AAC75365.1 (296 aa), 49% identity in aa 7 - 296	1
AE006468	AAL19434.1	putative inner membrane protein	similar to E. coli orf, hypothetical protein (AAC73568.1); Blastp hit to AAC73568.1 (53 aa), 80% identity in aa 1 - 49	1
AE006468	AAL19435.1	primosomal replication protein N	similar to E. coli primosomal replication protein N'' (AAC73569.1); Blastp hit to AAC73569.1 (175 aa), 73% identity in aa 5 - 175	1
AE006468	AAL19436.1	putative phage gene 58	similar to E. coli putative gene 58 (AAC73570.1); Blastp hit to AAC73570.1 (125 aa), 84% identity in aa 1 - 124	1
AE006468	AAL19437.1	adenine phosphoribosyltransferase	similar to E. coli adenine phosphoribosyltransferase (AAC73571.1); Blastp hit to AAC73571.1 (183 aa), 95% identity in aa 1 - 183	1
AE006468	AAL19438.1	DNA polymerase III, tau and gamma subunits	DNA elongation factor III; DNA polymerase III subunit TAU [contains: DNA polymerase III subunit gamma]. (SW:DP3X_SALTY)	1
AE006468	AAL19439.1	putative cytoplasmic protein	similar to E. coli orf, hypothetical protein (AAC73573.1); Blastp hit to AAC73573.1 (109 aa), 100% identity in aa 1 - 109	1
AE006468	AAL19440.1	putative recombination protein, gap repair	similar to E. coli recombination and repair (AAC73574.1); Blastp hit to AAC73574.1 (201 aa), 96% identity in aa 1 - 201	1
AE006468	AAL19441.1	chaperone Hsp90, heat shock protein C 62.5	similar to E. coli chaperone Hsp90, heat shock protein C 62.5 (AAC73575.1); Blastp hit to AAC73575.1 (624 aa), 94% identity in aa 1 - 624	1
AE006468	AAL19442.1	adenylate kinase	adenylate kinase. (SW:KAD_SALTY)	1
AE006468	AAL19443.1	ferrochelatase	ferrochelatase. (SW:HEMZ_SALTY)	1
AE006468	AAL19444.1	acetyl esterase	similar to E. coli putative lipase (AAC73578.1); Blastp hit to AAC73578.1 (319 aa), 75% identity in aa 1 - 319	1
AE006468	AAL19445.1	inosine-guanosine kinase	similar to E. coli inosine-guanosine kinase (AAC73579.1); Blastp hit to AAC73579.1 (434 aa), 94% identity in aa 1 - 434	1
AE006468	AAL19446.1	putative CPA2 family transport protein	similar to E. coli putative transport protein (AAC73580.1); Blastp hit to AAC73580.1 (558 aa), 94% identity in aa 1 - 556	1
AE006468	AAL19447.1	putative MFS family of transport protein	similar to E. coli fosmidomycin resistance protein (AAC73581.1); Blastp hit to AAC73581.1 (406 aa), 93% identity in aa 1 - 405	1
AE006468	AAL19448.1	UDP-sugar hydrolase 5'-nucleotidase	silent protein USHA(0) precursor. (SW:USHA_SALTY)	1
AE006468	AAL19449.1	putative cytoplasmic protein	protein YBAK. (SW:YBAK_SALTY)	1
AE006468	AAL19450.1	putative cytoplasmic protein	similar to E. coli putative ligase (AAC73584.1); Blastp hit to AAC73584.1 (264 aa), 66% identity in aa 1 - 264	1
AE006468	AAL19451.1	putative periplasmic protein		1
AE006468	AAL19452.1	putative copper-transporting ATPase	similar to E. coli putative ATPase (AAC73586.1); Blastp hit to AAC73586.1 (834 aa), 93% identity in aa 1 - 833	1
AE006468	AAL19453.1	putative heavy metal transcriptional repressor (MerR family)	similar to E. coli putative transcriptional regulator (AAC73589.1); Blastp hit to AAC73589.1 (135 aa), 91% identity in aa 1 - 134	1
AE006468	AAL19454.1	putative membrane protein implicated in regulation of membrane protease activity	similar to E. coli orf, hypothetical protein (AAC73590.1); Blastp hit to AAC73590.1 (151 aa), 85% identity in aa 3 - 149	1
AE006468	AAL19455.1	putative inner membrane protein	similar to E. coli putative protease (AAC73591.1); Blastp hit to AAC73591.1 (305 aa), 95% identity in aa 1 - 302	1
AE006468	AAL19456.1	putative ABC-type sugar/spermidine/putrescine transport system, ATPase component	similar to E. coli putative ATP-binding component of a transport system (AAC73592.1); Blastp hit to AAC73592.1 (225 aa), 74% identity in aa 1 - 225	1
AE006468	AAL19457.1	putative YbbM family transport protein, metal resistance protein	similar to E. coli putative metal resistance protein (AAC73593.1); Blastp hit to AAC73593.1 (268 aa), 88% identity in aa 10 - 267	1
AE006468	AAL19458.1	putative thioredoxin protein	similar to E. coli putative thioredoxin-like protein (AAC73594.1); Blastp hit to AAC73594.1 (296 aa), 94% identity in aa 13 - 296	1
AE006468	AAL19459.1	putative oxidoreductase	similar to E. coli putative oxidoreductase (AAC73595.1); Blastp hit to AAC73595.1 (269 aa), 90% identity in aa 14 - 268	1
AE006468	AAL19460.1	multifunctional acyl-CoA thioesterase I; also functions as protease I, lysophospholipaseL(I)	similar to E. coli acyl-CoA thioesterase I; also functions as protease I (AAC73596.1); Blastp hit to AAC73596.1 (208 aa), 89% identity in aa 2 - 205	1
AE006468	AAL19461.1	putative ABC superfamily (atp_bind) transporter	similar to E. coli putative ATP-binding component of a transport system (AAC73597.1); Blastp hit to AAC73597.1 (228 aa), 92% identity in aa 1 - 228	1
AE006468	AAL19462.1	putative inner membrane protein	similar to E. coli putative oxidoreductase (AAC73598.1); Blastp hit to AAC73598.1 (804 aa), 88% identity in aa 1 - 804	1
AE006468	AAL19463.1	putative outer membrane protein		1
AE006468	AAL19464.1	putative ABC-type transport system ATPase component/cell division protein	similar to E. coli putative lipoprotein (AAC73308.1); Blastp hit to AAC73308.1 (271 aa), 37% identity in aa 14 - 258	1
AE006468	AAL19465.1	putative ABC-type transport system ATPase component/cell division protein	similar to E. coli ATP-binding component of a transporter (AAC73310.1); Blastp hit to AAC73310.1 (343 aa), 45% identity in aa 1 - 340	1
AE006468	AAL19466.1	putative binding-protein-dependent transport systems inner membrane component	similar to E. coli putative transport system permease protein (AAC73309.1); Blastp hit to AAC73309.1 (217 aa), 44% identity in aa 15 - 217	1
AE006468	AAL19467.1	putative ATPase	similar to E. coli putative capsule anchoring protein (AAC73605.1); Blastp hit to AAC73605.1 (364 aa), 78% identity in aa 1 - 364	1
AE006468	AAL19468.1	putative LysR family transcriptional regulator	similar to E. coli putative transcriptional regulator LYSR-type (AAC73606.1); Blastp hit to AAC73606.1 (308 aa), 86% identity in aa 1 - 307	1
AE006468	AAL19469.1	ureidoglycolate hydrolase	similar to E. coli orf, hypothetical protein (AAC73607.1); Blastp hit to AAC73607.1 (160 aa), 85% identity in aa 1 - 160	1
AE006468	AAL19470.1	putative regulatory protein	similar to E. coli putative regulator (AAC73608.1); Blastp hit to AAC73608.1 (271 aa), 91% identity in aa 1 - 268	1
AE006468	AAL19471.1	glyoxylate carboligase	similar to E. coli glyoxylate carboligase (AAC73609.1); Blastp hit to AAC73609.1 (593 aa), 96% identity in aa 1 - 593	1
AE006468	AAL19472.1	glyoxylate -induced protein	similar to E. coli glyoxylate-induced protein (AAC73610.1); Blastp hit to AAC73610.1 (258 aa), 84% identity in aa 1 - 258	1
AE006468	AAL19473.1	tartronic semialdehyde reductase	similar to E. coli putative oxidoreductase (AAC73611.1); Blastp hit to AAC73611.1 (292 aa), 91% identity in aa 1 - 292	1
AE006468	AAL19474.1	putative permease	similar to E. coli putative transport protein, cryptic, orf, joins former yjiZ and yjjL (AAC77312.1); Blastp hit to AAC77312.1 (453 aa), 24% identity in aa 40 - 439	1
AE006468	AAL19475.1	putative cytoplasmic protein	similar to E. coli orf, hypothetical protein (AAC73612.1); Blastp hit to AAC73612.1 (92 aa), 56% identity in aa 39 - 91	1
AE006468	AAL19476.1	putative NCS1 family, allantoin transport protein	similar to E. coli putative transport protein (AAC73613.1); Blastp hit to AAC73613.1 (437 aa), 92% identity in aa 1 - 437	1
AE006468	AAL19477.1	allantoinase	similar to E. coli putative hydrolase (AAC73614.1); Blastp hit to AAC73614.1 (453 aa), 93% identity in aa 1 - 453	1
AE006468	AAL19478.1	putative transport protein	similar to E. coli putative transport (AAC73615.1); Blastp hit to AAC73615.1 (435 aa), 79% identity in aa 8 - 435	1
AE006468	AAL19479.1	glycerate kinase II	similar to E. coli orf, hypothetical protein (AAC73616.1); Blastp hit to AAC73616.1 (381 aa), 80% identity in aa 1 - 379	1
AE006468	AAL19480.1	putative glyoxylate utilization	similar to E. coli orf, hypothetical protein (AAC73617.1); Blastp hit to AAC73617.1 (261 aa), 92% identity in aa 1 - 261	1
AE006468	AAL19481.1	allantoate amidohydrolase	similar to E. coli putative hydantoin utilization protein (AAC73618.1); Blastp hit to AAC73618.1 (411 aa), 88% identity in aa 1 - 411	1
AE006468	AAL19482.1	ureidoglycolate dehydrogenase	similar to E. coli putative malate dehydrogenase (AAC73619.1); Blastp hit to AAC73619.1 (349 aa), 86% identity in aa 1 - 349	1
AE006468	AAL19483.1	putative acyl-CoA synthetase, involved in protein transport	similar to E. coli involved in protein transport; multicopy suppressor of dominant negative ftsH mutants (AAC73620.1); Blastp hit to AAC73620.1 (555 aa), 82% identity in aa 1 - 555	1
AE006468	AAL19484.1	putative cytoplasmic protein	similar to E. coli orf, hypothetical protein (AAC73621.1); Blastp hit to AAC73621.1 (333 aa), 94% identity in aa 1 - 332	1
AE006468	AAL19485.1	putative cytoplasmic protein	similar to E. coli putative carboxylase (AAC73622.1); Blastp hit to AAC73622.1 (271 aa), 65% identity in aa 1 - 269	1
AE006468	AAL19486.1	putative carbamate kinase	similar to E. coli putative carbamate kinase (AAC73623.1); Blastp hit to AAC73623.1 (297 aa), 86% identity in aa 1 - 297	1
AE006468	AAL19487.1	phosphoribosylaminoimidazole carboxylase = AIR carboxylase, CO(2)-fixing subunit	similar to E. coli phosphoribosylaminoimidazole carboxylase = AIR carboxylase, CO(2)-fixing subunit (AAC73624.1); Blastp hit to AAC73624.1 (355 aa), 88% identity in aa 1 - 353	1
AE006468	AAL19488.1	phosphoribosylaminoimidazole carboxylase = AIR carboxylase, catalytic subunit	similar to E. coli phosphoribosylaminoimidazole carboxylase = AIR carboxylase, catalytic subunit (AAC73625.1); Blastp hit to AAC73625.1 (169 aa), 96% identity in aa 1 - 167	1
AE006468	AAL19489.1	UDP-2,3-diacylglucosamine hydrolase	similar to E. coli orf, hypothetical protein (AAC73626.1); Blastp hit to AAC73626.1 (240 aa), 84% identity in aa 1 - 239	1
AE006468	AAL19490.1	peptidyl-prolyl cis-trans isomerase B (rotamase B)	similar to E. coli peptidyl-prolyl cis-trans isomerase B (rotamase B) (AAC73627.1); Blastp hit to AAC73627.1 (164 aa), 97% identity in aa 1 - 164	1
AE006468	AAL19491.1	cysteine tRNA synthetase	similar to E. coli cysteine tRNA synthetase (AAC73628.1); Blastp hit to AAC73628.1 (461 aa), 94% identity in aa 1 - 461	1
AE006468	AAL19492.1	putative outer membrane protein		1
AE006468	AAL19493.1	putative inner membrane protein		1
AE006468	AAL19494.1	putative membrane-bound metal-dependent hydrolases	similar to E. coli orf, hypothetical protein (AAC73629.1); Blastp hit to AAC73629.1 (173 aa), 86% identity in aa 1 - 169	1
AE006468	AAL19495.1	putative cytoplasmic protein	similar to E. coli orf, hypothetical protein (AAC73630.1); Blastp hit to AAC73630.1 (77 aa), 92% identity in aa 8 - 77	1
AE006468	AAL19496.1	5,10-methylene-tetrahydrofolate dehydrogenase	bifunctional; similar to E. coli 5,10-methylene-tetrahydrofolate dehydrogenase; 5,10-methylene-tetrahydrofolate cyclohydrolase (AAC73631.1); Blastp hit to AAC73631.1 (288 aa), 95% identity in aa 1 - 286	1
AE006468	AAL19497.1	major type 1 subunit fimbrin (pilin)	type-1 fimbrial protein, a chain precursor (TYPE-1A PILIN). (SW:FM1A_SALTY)	1
AE006468	AAL19498.1	fimbrial protein internal segment	fimbrin-like protein FIMI. (SW:FIMI_SALTY)	1
AE006468	AAL19499.1	periplasmic chaperone, required for type 1 fimbriae	chaperone protein FIMC precursor. (SW:FIMC_SALTY)	1
AE006468	AAL19500.1	outer membrane usher protein	outer membrane usher protein FIMD precursor. (SW:FIMD_SALTY)	1
AE006468	AAL19501.1	minor fimbrial subunit	FIMH protein precursor. (SW:FIMH_SALTY)	1
AE006468	AAL19502.1	putative fimbrial protein	fimbrial-like protein FIMF precursor. (SW:FIMF_SALTY)	1
AE006468	AAL19503.1	fimbrial protein Z	putative transcriptional regulator (LuxR/UhpA family); fimbriae Z protein. (SW:FIMZ_SALTY)	1
AE006468	AAL19504.1	putative regulatory protein	fimbriae Y protein. (SW:FIMY_SALTY)	1
AE006468	AAL19505.1	putative diguanylate cyclase/phosphodiesterase domain 0	hypothetical protein	1
AE006468	AAL19506.1	putative fimbrial protein	fimbriae W protein. (SW:FIMW_SALTY)	1
AE006468	AAL19507.1	homology to integrase protein of phage	similar to E. coli prophage DLP12 integrase (AAC73638.1); Blastp hit to AAC73638.1 (387 aa), 80% identity in aa 345 - 386	1
AE006468	AAL19508.1	putative transposase		1
AE006468	AAL19509.1	putative inner membrane protein		1
AE006468	AAL19510.1	putative glycosyltransferase	similar to E. coli putative glycan biosynthesis enzyme (AAC75410.1); Blastp hit to AAC75410.1 (306 aa), 88% identity in aa 1 - 306	1
AE006468	AAL19511.1	putative glycosyl translocase	similar to E. coli orf, hypothetical protein (AAC75409.1); Blastp hit to AAC75409.1 (120 aa), 81% identity in aa 1 - 120	1
AE006468	AAL19512.1	sensor protein	similar to E. coli putative 2-component sensor protein (AAC73671.1); Blastp hit to AAC73671.1 (480 aa), 74% identity in aa 375 - 479	1
AE006468	AAL19513.1	putative transport protein	similar to E. coli putative inner membrane component for iron transport (AAC73676.1); Blastp hit to AAC73676.1 (1047 aa), 82% identity in aa 981 - 1044	1
AE006468	AAL19514.1	putative transcriptional regulator (AraC/XylS family)	similar to E. coli putative ARAC-type regulatory protein (AAC73408.1); Blastp hit to AAC73408.1 (284 aa), 71% identity in aa 1 - 282	1
AE006468	AAL19515.1	putative oxidoreductase	similar to E. coli putative oxidoreductase (AAC73407.1); Blastp hit to AAC73407.1 (450 aa), 74% identity in aa 10 - 450	1
AE006468	AAL19516.1	putative periplasmic protein	similar to E. coli orf, hypothetical protein (AAC73406.1); Blastp hit to AAC73406.1 (83 aa), 53% identity in aa 6 - 83	1
AE006468	AAL19517.1	putative inner membrane protein	similar to E. coli orf, hypothetical protein (AAC73404.1); Blastp hit to AAC73404.1 (200 aa), 84% identity in aa 4 - 188	1
AE006468	AAL19518.1	putative ATPase involved in DNA repair		1
AE006468	AAL19519.1	APC family, phenylalanene transporter	similar to E. coli phenylalanine-specific transport system (AAC73677.1); Blastp hit to AAC73677.1 (458 aa), 92% identity in aa 1 - 458	1
AE006468	AAL19520.1	putative transport	similar to E. coli putative transport (AAC73678.1); Blastp hit to AAC73678.1 (415 aa), 88% identity in aa 1 - 414	1
AE006468	AAL19521.1	outer membrane N-acetyl phenylalanine beta-naphthyl ester-cleaving esterase	outer membrane esterase (gi|2896133)	1
AE006468	AAL19522.1	putative inner membrane protein	unknown (gi|2896134)	1
AE006468	AAL19523.1	putative phosphosugar isomerases	similar to E. coli putative transport protein (AAC76396.1); Blastp hit to AAC76396.1 (347 aa), 27% identity in aa 42 - 299	1
AE006468	AAL19524.1	putative inner membrane protein	similar to E. coli L-glutamine:D-fructose-6-phosphate aminotransferase (AAC76752.1); Blastp hit to AAC76752.1 (609 aa), 21% identity in aa 293 - 601	1
AE006468	AAL19525.1	putative transport protein, PTS system	similar to E. coli PTS enzyme IID, mannose-specific (AAC74889.1); Blastp hit to AAC74889.1 (286 aa), 37% identity in aa 4 - 284	1
AE006468	AAL19526.1	putative inner membrane protein	similar to E. coli PTS enzyme IIC, mannose-specific (AAC74888.1); Blastp hit to AAC74888.1 (266 aa), 34% identity in aa 6 - 240	1
AE006468	AAL19527.1	putative transport protein, PTS system	similar to E. coli PTS enzyme IIAB, mannose-specific (AAC74887.1); Blastp hit to AAC74887.1 (323 aa), 32% identity in aa 163 - 306	1
AE006468	AAL19528.1	putative transport protein, PTS system	similar to E. coli PTS enzyme IIAB, mannose-specific (AAC74887.1); Blastp hit to AAC74887.1 (323 aa), 26% identity in aa 5 - 126	1
AE006468	AAL19529.1	dihydropteridine reductase	oxygen-insensitive NAD(P)H nitroreductase; oxygen-insensitive NAD(P)H nitroreductase. (SW:NFNB_SALTY)	1
AE006468	AAL19530.1	putative cytoplasmic protein	similar to E. coli orf, hypothetical protein (AAC73680.1); Blastp hit to AAC73680.1 (122 aa), 75% identity in aa 1 - 121	1
AE006468	AAL19531.1	putative regulatory protein		1
AE006468	AAL19532.1	putative regulatory protein	resistance against oxidative stress protein A (gi|9885772)	1
AE006468	AAL19533.1	putative inner membrane protein	similar to E. coli orf, hypothetical protein (AAC73681.1); Blastp hit to AAC73681.1 (82 aa), 85% identity in aa 1 - 82	1
AE006468	AAL19534.1	putative cytoplasmic protein	similar to E. coli orf, hypothetical protein (AAC73682.1); Blastp hit to AAC73682.1 (372 aa), 84% identity in aa 1 - 371	1
AE006468	AAL19535.1	enterochelin synthetase, component D (phoshpantetheinyltransferase)	similar to E. coli enterochelin synthetase, component D (AAC73684.1); Blastp hit to AAC73684.1 (209 aa), 57% identity in aa 4 - 185	1
AE006468	AAL19536.1	outer membrane porin, receptor for ferric enterobactin (enterochelin) and colicins B and D	similar to E. coli outer membrane receptor for ferric enterobactin (enterochelin) and colicins B and D (AAC73685.1); Blastp hit to AAC73685.1 (746 aa), 81% identity in aa 1 - 746	1
AE006468	AAL19537.1	enterochelin esterase	similar to E. coli enterochelin esterase (AAC73686.1); Blastp hit to AAC73686.1 (374 aa), 74% identity in aa 2 - 369	1
AE006468	AAL19538.1	putative cytoplasmic protein		1
AE006468	AAL19539.1	enterobactin synthetase, component F (nonribosomal peptide synthetase)	similar to E. coli ATP-dependent serine activating enzyme (may be part of enterobactin synthase as component F) (AAC73687.1); Blastp hit to AAC73687.1 (1293 aa), 79% identity in aa 1 - 1293	1
AE006468	AAL19540.1	ferric enterobactin (enterochelin) transporter	similar to E. coli ferric enterobactin (enterochelin) transport (AAC73688.1); Blastp hit to AAC73688.1 (377 aa), 73% identity in aa 1 - 373	1
AE006468	AAL19541.1	enterobactin transporter	ABC superfamily (atp_bind); similar to E. coli ATP-binding component of ferric enterobactin transport (AAC73689.1); Blastp hit to AAC73689.1 (271 aa), 92% identity in aa 1 - 263	1
AE006468	AAL19542.1	ferric enterobactin transporter	ABC superfamily (membrane); similar to E. coli ferric enterobactin transport protein (AAC73690.1); Blastp hit to AAC73690.1 (330 aa), 86% identity in aa 2 - 330	1
AE006468	AAL19543.1	ferric enterobactin (enterochelin) transporter	ABC superfamily (membrane); similar to E. coli ferric enterobactin (enterochelin) transport (AAC73691.1); Blastp hit to AAC73691.1 (334 aa), 88% identity in aa 1 - 333	1
AE006468	AAL19544.1	putative POT family transport protein	similar to E. coli putative transport (AAC73692.1); Blastp hit to AAC73692.1 (416 aa), 90% identity in aa 1 - 409	1
AE006468	AAL19545.1	ferric enterobactin (enterochelin) transporter	ABC superfamily (peri_perm); similar to E. coli ferric enterobactin (enterochelin) binding protein; periplasmic component (AAC73693.1); Blastp hit to AAC73693.1 (318 aa), 79% identity in aa 1 - 318	1
AE006468	AAL19546.1	isochorismate synthetase, enterochelin biosynthesis	similar to E. coli isochorismate hydroxymutase 2, enterochelin biosynthesis (AAC73694.1); Blastp hit to AAC73694.1 (391 aa), 84% identity in aa 1 - 391	1
AE006468	AAL19547.1	2,3-dihydroxybenzoate-AMP ligase	similar to E. coli 2,3-dihydroxybenzoate-AMP ligase (AAC73695.1); Blastp hit to AAC73695.1 (536 aa), 86% identity in aa 1 - 534	1
AE006468	AAL19548.1	2,3-dihydro-2,3-dihydroxybenzoate synthetase, isochorismatase	similar to E. coli 2,3-dihydro-2,3-dihydroxybenzoate synthetase, isochroismatase (AAC73696.1); Blastp hit to AAC73696.1 (285 aa), 88% identity in aa 1 - 285	1
AE006468	AAL19549.1	2,3-dihydro-2,3-dihydroxybenzoate dehydrogenase	similar to E. coli 2,3-dihydro-2,3-dihydroxybenzoate dehydrogenase, enterochelin biosynthesis (AAC73697.1); Blastp hit to AAC73697.1 (248 aa), 90% identity in aa 2 - 248	1
AE006468	AAL19550.1	putative protein PaaI, possibly involved in aromatic compounds catabolism	similar to E. coli orf, hypothetical protein (AAC73698.1); Blastp hit to AAC73698.1 (137 aa), 91% identity in aa 1 - 137	1
AE006468	AAL19551.1	carbon starvation protein	similar to E. coli carbon starvation protein (AAC73699.1); Blastp hit to AAC73699.1 (701 aa), 97% identity in aa 1 - 701	1
AE006468	AAL19552.1	putative cytoplasmic protein	similar to E. coli orf, hypothetical protein (AAC77309.1); Blastp hit to AAC77309.1 (67 aa), 73% identity in aa 1 - 67	1
AE006468	AAL19553.1	putative glycerol dehydrogenase	similar to E. coli putative oxidoreductase (AAC73700.1); Blastp hit to AAC73700.1 (362 aa), 81% identity in aa 1 - 361	1
AE006468	AAL19554.1	putative aminotransferase	similar to E. coli putative aminotransferase (AAC73701.1); Blastp hit to AAC73701.1 (386 aa), 85% identity in aa 1 - 386	1
AE006468	AAL19555.1	putative transcriptional regulator	similar to E. coli orf, hypothetical protein (AAC73702.1); Blastp hit to AAC73702.1 (209 aa), 77% identity in aa 5 - 209	1
AE006468	AAL19556.1	putative 3'-phosphoadenosine 5'-phosphosulfate sulfotransferase (PAPS reductase)/FAD synthetase	similar to E. coli orf, hypothetical protein (AAC73703.1); Blastp hit to AAC73703.1 (406 aa), 82% identity in aa 1 - 406	1
AE006468	AAL19557.1	putative LysR family transcriptional regulator	similar to E. coli putative transcriptional regulator LYSR-type (AAC73704.1); Blastp hit to AAC73704.1 (300 aa), 54% identity in aa 1 - 298	1
AE006468	AAL19558.1	periplasmic disulfide isomerase, thiol-disulfide oxidase	similar to E. coli thiol:disulfide interchange protein (AAC73705.1); Blastp hit to AAC73705.1 (268 aa), 80% identity in aa 21 - 266	1
AE006468	AAL19559.1	alkyl hydroperoxide reductase, C22 subunit	detoxification of hydroperoxides; alkyl hydroperoxide reductase C22 protein. (SW:AHPC_SALTY)	1
AE006468	AAL19560.1	alkyl hydroperoxide reductase, F52a subunit	detoxification of hydroperoxides; alkyl hydroperoxide reductase subunit F. (SW:AHPF_SALTY)	1
AE006468	AAL19561.1	putative component of anaerobic dehydrogenases	similar to E. coli putative oxidoreductase component (AAC74663.1); Blastp hit to AAC74663.1 (207 aa), 30% identity in aa 78 - 196	1
AE006468	AAL19562.1	putative oxidoreductase protein	similar to E. coli putative oxidoreductase, major subunit (AAC74659.1); Blastp hit to AAC74659.1 (808 aa), 31% identity in aa 10 - 314, 26% identity in aa 298 - 673, 36% identity in aa 636 - 765, 34% identity in aa 489 - 517	1
AE006468	AAL19563.1	putative hydrogenase protein	similar to E. coli anaerobic dimethyl sulfoxide reductase subunit B (AAC73981.1); Blastp hit to AAC73981.1 (205 aa), 41% identity in aa 7 - 156	1
AE006468	AAL19564.1	putative hydrogenase protein	similar to E. coli putative DMSO reductase anchor subunit (AAC74662.1); Blastp hit to AAC74662.1 (284 aa), 30% identity in aa 6 - 200	1
AE006468	AAL19565.1	putative universal stress protein UspA and related nucleotide-binding protein	similar to E. coli orf, hypothetical protein (AAC73708.1); Blastp hit to AAC73708.1 (142 aa), 89% identity in aa 1 - 142	1
AE006468	AAL19566.1	putative dehydrogenase	similar to E. coli putative oxidoreductase (AAC73709.1); Blastp hit to AAC73709.1 (412 aa), 91% identity in aa 1 - 412	1
AE006468	AAL19567.1	regulator of nucleoside diphosphate kinase	similar to E. coli regulator of nucleoside diphosphate kinase (AAC73711.1); Blastp hit to AAC73711.1 (136 aa), 91% identity in aa 1 - 135	1
AE006468	AAL19568.1	RNase I	similar to E. coli RNase I, cleaves phosphodiester bond between any two nucleotides (AAC73712.1); Blastp hit to AAC73712.1 (268 aa), 73% identity in aa 1 - 268	1
AE006468	AAL19569.1	DASS family, citrate:succinate transport (antiport) protein	similar to E. coli putative a membrane protein (AAC73713.1); Blastp hit to AAC73713.1 (487 aa), 94% identity in aa 1 - 487	1
AE006468	AAL19570.1	putative modifier of citrate lyase protein	similar to E. coli orf, hypothetical protein (AAC73714.1); Blastp hit to AAC73714.1 (292 aa), 77% identity in aa 1 - 292	1
AE006468	AAL19571.1	putative cytoplasmic protein	similar to E. coli orf, hypothetical protein (AAC73715.1); Blastp hit to AAC73715.1 (183 aa), 75% identity in aa 1 - 179	1
AE006468	AAL19572.1	citrate lyase alpha chain	bifunctional; similar to E. coli citrate lyase alpha chain (AAC73716.1); Blastp hit to AAC73716.1 (510 aa), 88% identity in aa 1 - 510; citrate-ACP transferase	1
AE006468	AAL19573.1	citrate lyase beta chain (acyl lyase subunit)	similar to E. coli citrate lyase beta chain (acyl lyase subunit) (AAC73717.1); Blastp hit to AAC73717.1 (307 aa), 95% identity in aa 6 - 307	1
AE006468	AAL19574.1	citrate lyase acyl carrier protein (gamma chain)	similar to E. coli citrate lyase acyl carrier protein (gamma chain) (AAC73718.1); Blastp hit to AAC73718.1 (98 aa), 90% identity in aa 1 - 98	1
AE006468	AAL19575.1	citrate lyase synthetase (citrate (pro-3S)-lyase ligase	similar to E. coli citrate lyase synthetase (citrate (pro-3S)-lyase ligase (AAC73719.1); Blastp hit to AAC73719.1 (381 aa), 86% identity in aa 30 - 380	1
AE006468	AAL19576.1	sensory histidine kinase in two-component regulatory system with DpiA	regulation of cit operon and plasmid inheritance genes; similar to E. coli putative sensor-type protein (AAC73720.1); Blastp hit to AAC73720.1 (552 aa), 86% identity in aa 2 - 552	1
AE006468	AAL19577.1	response regulator in two-component regulatory system with DpiB	transcriptional regulation of cit operon (citrate fermentation) genes and of plasmid inheritance genes (OmpR family); similar to E. coli sequence similarity to Shigella regulator (AAC73721.1); Blastp hit to AAC73721.1 (226 aa), 84% identity in aa 1 - 226	1
AE006468	AAL19578.1	DcuC family, dicarboxylate transporter	similar to E. coli transport of dicarboxylates (AAC73722.1); Blastp hit to AAC73722.1 (461 aa), 92% identity in aa 1 - 460	1
AE006468	AAL19579.1	PhoPQ-activated gene	PagP (gi|3789781)	1
AE006468	AAL19580.1	RNA chaperone, negative regulator of cspA transcription	similar to E. coli cold shock protein (AAC73724.1); Blastp hit to AAC73724.1 (69 aa), 98% identity in aa 1 - 69	1
AE006468	AAL19581.1	high-copy crc-csp restores normal chromosome condensation in presence of camphor or mukB mutations	similar to E. coli orf, hypothetical protein (AAC73725.1); Blastp hit to AAC73725.1 (127 aa), 90% identity in aa 1 - 126	1
AE006468	AAL19582.1	putative hydrolase	similar to E. coli putative amidase (AAC73727.1); Blastp hit to AAC73727.1 (187 aa), 77% identity in aa 2 - 187	1
AE006468	AAL19583.1	putative Sec-independent protein secretion pathway component	sec-independent protein translocase protein TATE. (SW:TATE_SALTY)	1
AE006468	AAL19584.1	lipoate synthase, an iron-sulfur enzyme	similar to E. coli lipoate synthesis, sulfur insertion? (AAC73729.1); Blastp hit to AAC73729.1 (321 aa), 97% identity in aa 1 - 321	1
AE006468	AAL19585.1	putative LysR family transcriptional regulator	similar to E. coli putative transcriptional regulator LYSR-type (AAC73730.1); Blastp hit to AAC73730.1 (266 aa), 68% identity in aa 1 - 266	1
AE006468	AAL19586.1	putative ligase in lipoate biosynthesis	similar to E. coli protein of lipoate biosynthesis (AAC73731.1); Blastp hit to AAC73731.1 (191 aa), 91% identity in aa 1 - 191	1
AE006468	AAL19587.1	putative cytoplasmic protein	similar to E. coli orf, hypothetical protein (AAC73732.1); Blastp hit to AAC73732.1 (87 aa), 97% identity in aa 1 - 87	1
AE006468	AAL19588.1	D-alanyl-D-alanine carboxypeptidase, penicillin-binding protein 5	similar to E. coli D-alanyl-D-alanine carboxypeptidase, fraction A; penicillin-binding protein 5 (AAC73733.1); Blastp hit to AAC73733.1 (403 aa), 95% identity in aa 1 - 403	1
AE006468	AAL19589.1	a minor lipoprotein	similar to E. coli a minor lipoprotein (AAC73734.1); Blastp hit to AAC73734.1 (362 aa), 68% identity in aa 1 - 362	1
AE006468	AAL19590.1	rod shape-determining membrane protein; cell elongation in e phase	similar to E. coli rod shape-determining membrane protein; sensitivity to radiation and drugs (AAC73735.1); Blastp hit to AAC73735.1 (370 aa), 98% identity in aa 1 - 370	1
AE006468	AAL19591.1	cell elongation specific transpeptidase of penicillin-binding protein 2 (peptidoglycan synthetase)	similar to E. coli cell elongation, e phase; peptidoglycan synthetase; penicillin-binding protein 2 (AAC73736.1); Blastp hit to AAC73736.1 (633 aa), 96% identity in aa 1 - 632	1
AE006468	AAL19592.1	putative cytoplasmic protein	similar to E. coli orf, hypothetical protein (AAC73737.1); Blastp hit to AAC73737.1 (155 aa), 98% identity in aa 1 - 155	1
AE006468	AAL19593.1	putative ACR, homolog of plant Iojap protein	similar to E. coli orf, hypothetical protein (AAC73738.1); Blastp hit to AAC73738.1 (69 aa), 95% identity in aa 1 - 69	1
AE006468	AAL19594.1	alpha ribazole-5'-P phosphatase in cobalamin synthesis	alpha-ribazole-5'-phosphate phosphatase	1
AE006468	AAL19595.1	putative aminotransferase in cobalamin synthesis	CobD (gi|1895094)	1
AE006468	AAL19596.1	putative nicotinic acid mononucleotide adenylyltransferase	similar to E. coli orf, hypothetical protein (AAC73740.1); Blastp hit to AAC73740.1 (213 aa), 85% identity in aa 1 - 213	1
AE006468	AAL19597.1	DNA polymerase III, delta subunit	similar to E. coli DNA polymerase III, delta subunit (AAC73741.1); Blastp hit to AAC73741.1 (343 aa), 89% identity in aa 1 - 343	1
AE006468	AAL19598.1	a minor lipoprotein	similar to E. coli a minor lipoprotein (AAC73742.1); Blastp hit to AAC73742.1 (193 aa), 79% identity in aa 1 - 193	1
AE006468	AAL19599.1	leucine tRNA synthetase	similar to E. coli leucine tRNA synthetase (AAC73743.1); Blastp hit to AAC73743.1 (860 aa), 95% identity in aa 1 - 860	1
AE006468	AAL19600.1	putative hydrolase N-terminus	similar to E. coli altronate hydrolase (AAC76126.1); Blastp hit to AAC76126.1 (495 aa), 38% identity in aa 4 - 82	1
AE006468	AAL19601.1	putative hydrolase C-terminus	similar to E. coli putative hydrolase (AAC76162.1); Blastp hit to AAC76162.1 (523 aa), 35% identity in aa 167 - 521, 32% identity in aa 119 - 223	1
AE006468	AAL19602.1	putative permease	similar to E. coli 2-keto-3-deoxy-D-gluconate transport system (AAC76891.1); Blastp hit to AAC76891.1 (330 aa), 38% identity in aa 4 - 315	1
AE006468	AAL19603.1	putative sigma-54 dependent transcriptional regulator	similar to E. coli response regulator of ato, ornithine decarboxylase antizyme (sensor ATOS) (AAC75280.1); Blastp hit to AAC75280.1 (461 aa), 37% identity in aa 67 - 453	1
AE006468	AAL19604.1	putative cytoplasmic protein	similar to E. coli putative alpha helical protein (AAC73744.1); Blastp hit to AAC73744.1 (160 aa), 91% identity in aa 1 - 160	1
AE006468	AAL19605.1	putative TPR repeat protein	similar to E. coli orf, hypothetical protein (AAC73745.1); Blastp hit to AAC73745.1 (327 aa), 36% identity in aa 6 - 307	1
AE006468	AAL19606.1	putative cytoplasmic protein	similar to E. coli orf, hypothetical protein (AAC73746.1); Blastp hit to AAC73746.1 (235 aa), 62% identity in aa 1 - 235	1
AE006468	AAL19607.1	putative molecular chaperone, DnaJ family	similar to E. coli putative enzyme of polynucleotide modification (AAC73747.1); Blastp hit to AAC73747.1 (475 aa), 45% identity in aa 1 - 474	1
AE006468	AAL19608.1	putative cytoplasmic protein	similar to E. coli putative tRNA ligase (AAC73749.1); Blastp hit to AAC73749.1 (235 aa), 61% identity in aa 1 - 235	1
AE006468	AAL19609.1	putative molecular chaperone, DnaJ family	similar to E. coli orf, hypothetical protein (AAC73750.1); Blastp hit to AAC73750.1 (483 aa), 58% identity in aa 1 - 434	1
AE006468	AAL19610.1	putative heatshock protein, homolog of hsp70 in Hsc66 subfamily	similar to E. coli putative dnaK protein (AAC73751.1); Blastp hit to AAC73751.1 (556 aa), 83% identity in aa 1 - 556	1
AE006468	AAL19611.1	putative cytoplasmic protein		1
AE006468	AAL19612.1	putative purine nucleoside hydrolase	similar to E. coli putative tRNA synthetase (AAC73752.1); Blastp hit to AAC73752.1 (311 aa), 92% identity in aa 1 - 311	1
AE006468	AAL19613.1	glutamate/aspartate transporter	ABC superfamily (atp_bind); similar to E. coli ATP-binding protein of glutamate/aspartate transport system (AAC73753.1); Blastp hit to AAC73753.1 (241 aa), 95% identity in aa 1 - 241	1
AE006468	AAL19614.1	glutamate/aspartate transporter	ABC superfamily (membrane); similar to E. coli glutamate/aspartate transport system permease (AAC73754.1); Blastp hit to AAC73754.1 (224 aa), 95% identity in aa 1 - 223	1
AE006468	AAL19615.1	glutamate/aspartate transporter	ABC superfamily (membrane); similar to E. coli glutamate/aspartate transport system permease (AAC73755.1); Blastp hit to AAC73755.1 (246 aa), 94% identity in aa 1 - 246	1
AE006468	AAL19616.1	glutamate/aspartate transporter	ABC superfamily (bind_prot); similar to E. coli putative periplasmic binding transport protein (AAC73756.1); Blastp hit to AAC73756.1 (302 aa), 93% identity in aa 1 - 302	1
AE006468	AAL19617.1	apolipoprotein N-acyltransferase	copper homeostasis protein; inner membrane; similar to E. coli apolipoprotein N-acyltransferase, copper homeostasis protein, inner membrane (AAC73758.1); Blastp hit to AAC73758.1 (512 aa), 89% identity in aa 1 - 512	1
AE006468	AAL19618.1	putative CBS domain-containing protein	similar to E. coli putative transport protein (AAC73759.1); Blastp hit to AAC73759.1 (292 aa), 97% identity in aa 1 - 292	1
AE006468	AAL19619.1	putative metal-dependent hydrolase	hypothetical protein in cutE-corC intergenic region. (SW:YBEY_SALTY)	1
AE006468	AAL19620.1	putative phosphate starvation-inducible protein, ATP-binding	similar to E. coli putative ATP-binding protein in pho regulon (AAC73761.1); Blastp hit to AAC73761.1 (359 aa), 96% identity in aa 1 - 359	1
AE006468	AAL19621.1	methylthiolation of isopentenylated A37 derivatives in rRNA	similar to E. coli orf, hypothetical protein (AAC73762.1); Blastp hit to AAC73762.1 (474 aa), 98% identity in aa 1 - 474	1
AE006468	AAL19622.1	putative monooxygenase	similar to E. coli orf, hypothetical protein (AAC73763.1); Blastp hit to AAC73763.1 (391 aa), 85% identity in aa 1 - 391	1
AE006468	AAL19623.1	putative inner membrane protein		1
AE006468	AAL19624.1	asparagine synthetase B	similar to E. coli asparagine synthetase B (AAC73768.1); Blastp hit to AAC73768.1 (554 aa), 94% identity in aa 1 - 554	1
AE006468	AAL19625.1	putative phosphatase in N-acetylglucosamine metabolism	similar to E. coli N-acetylglucosamine metabolism (AAC73769.1); Blastp hit to AAC73769.1 (250 aa), 96% identity in aa 1 - 250	1
AE006468	AAL19626.1	transcriptional repressor of nag (N-acetylglucosamine) operon (NagC/XylR family)	similar to E. coli transcriptional repressor of nag (N-acetylglucosamine) operon (AAC73770.1); Blastp hit to AAC73770.1 (406 aa), 94% identity in aa 1 - 406	1
AE006468	AAL19627.1	N-acetylglucosamine-6-phosphate deacetylase	similar to E. coli N-acetylglucosamine-6-phosphate deacetylase (AAC73771.1); Blastp hit to AAC73771.1 (382 aa), 92% identity in aa 1 - 380	1
AE006468	AAL19628.1	glucosamine-6-phosphate deaminase	similar to E. coli glucosamine-6-phosphate deaminase (AAC73772.1); Blastp hit to AAC73772.1 (266 aa), 95% identity in aa 1 - 266	1
AE006468	AAL19629.1	Sugar Specific PTS family, n-acetylglucosamine-specific enzyme IIABC	similar to E. coli PTS system, N-acetylglucosamine-specific enzyme IIABC (AAC73773.1); Blastp hit to AAC73773.1 (648 aa), 92% identity in aa 1 - 647	1
AE006468	AAL19630.1	glutamine tRNA synthetase	similar to E. coli glutamine tRNA synthetase (AAC73774.1); Blastp hit to AAC73774.1 (554 aa), 96% identity in aa 1 - 554	1
AE006468	AAL19631.1	putative outer membrane protein	similar to E. coli orf, hypothetical protein (AAC73775.1); Blastp hit to AAC73775.1 (468 aa), 91% identity in aa 1 - 468	1
AE006468	AAL19632.1	putative lipoprotein	similar to E. coli orf, hypothetical protein (AAC73776.1); Blastp hit to AAC73776.1 (108 aa), 84% identity in aa 1 - 107	1
AE006468	AAL19633.1	citrate-proton symporter	citrate-proton symporter (citrate transporter). (SW:CIT1_SALTY)	1
AE006468	AAL19634.1	citrate utilization protein b	citrate utilization protein B. (SW:CIT2_SALTY)	1
AE006468	AAL19635.1	putative periplasmic protein		1
AE006468	AAL19636.1	putative LysR family transcriptional regulator	similar to E. coli nitrogen assimilation control protein (AAC75050.1); Blastp hit to AAC75050.1 (305 aa), 32% identity in aa 1 - 301	1
AE006468	AAL19637.1	transcriptional repressor of iron-responsive genes (Fur family) (ferric uptake regulator)	similar to E. coli negative regulator (AAC73777.1); Blastp hit to AAC73777.1 (148 aa), 99% identity in aa 1 - 146	1
AE006468	AAL19638.1	flavodoxin 1	similar to E. coli flavodoxin 1 (AAC73778.1); Blastp hit to AAC73778.1 (176 aa), 97% identity in aa 1 - 176	1
AE006468	AAL19639.1	LexA regulated, putative SOS response	similar to E. coli orf, hypothetical protein (AAC73779.1); Blastp hit to AAC73779.1 (120 aa), 90% identity in aa 24 - 120	1
AE006468	AAL19640.1	putative enzyme	similar to E. coli orf, hypothetical protein (AAC73780.1); Blastp hit to AAC73780.1 (254 aa), 89% identity in aa 1 - 254	1
AE006468	AAL19641.1	negative modulator of initiation of replication	inhibits open complex formation; mutation in gene alters cell membrane; similar to E. coli negative modulator of initiation of replication (AAC73781.1); Blastp hit to AAC73781.1 (181 aa), 87% identity in aa 1 - 181	1
AE006468	AAL19642.1	phosphoglucomutase	similar to E. coli phosphoglucomutase (AAC73782.1); Blastp hit to AAC73782.1 (546 aa), 97% identity in aa 1 - 546	1
AE006468	AAL19643.1	putative cytoplasmic protein		1
AE006468	AAL19644.1	APC family, putrescine/ornithine antiporter	similar to E. coli putrescine transport protein (AAC73786.1); Blastp hit to AAC73786.1 (439 aa), 94% identity in aa 1 - 439	1
AE006468	AAL19645.1	ornithine decarboxylase isozyme, inducible	similar to E. coli ornithine decarboxylase isozyme, inducible (AAC73787.1); Blastp hit to AAC73787.1 (732 aa), 91% identity in aa 1 - 732	1
AE006468	AAL19646.1	response regulator in two-component regulatory system with KdpD	regulates kdp operon encoding a high-affinity K translocating ATPase (OmpR family); similar to E. coli regulator of kdp operon (transcriptional effector) (AAC73788.1); Blastp hit to AAC73788.1 (225 aa), 91% identity in aa 1 - 224	1
AE006468	AAL19647.1	sensory kinase in two-component regulatory system wtih KdpE	regulates kdp operon (high-affinity potassium transport system); similar to E. coli sensor for high-affinity potassium transport system (AAC73789.1); Blastp hit to AAC73789.1 (894 aa), 89% identity in aa 1 - 894	1
AE006468	AAL19648.1	P-type ATPase, high-affinity potassium transport system, C chain	similar to E. coli high-affinity potassium transport system (AAC73790.1); Blastp hit to AAC73790.1 (190 aa), 77% identity in aa 1 - 188	1
AE006468	AAL19649.1	P-type ATPase, high-affinity potassium transport system, B chain	similar to E. coli ATPase of high-affinity potassium transport system, B chain (AAC73791.1); Blastp hit to AAC73791.1 (682 aa), 91% identity in aa 1 - 681	1
AE006468	AAL19650.1	P-type ATPase, high-affinity potassium transport system, A chain	similar to E. coli ATPase of high-affinity potassium transport system, A chain (AAC73792.1); Blastp hit to AAC73792.1 (557 aa), 85% identity in aa 1 - 557	1
AE006468	AAL19651.1	putative outer membrane protein		1
AE006468	AAL19652.1	putative periplasmic protein	similar to E. coli orf, hypothetical protein (AAC73793.1); Blastp hit to AAC73793.1 (68 aa), 82% identity in aa 1 - 68	1
AE006468	AAL19653.1	deoxyribodipyrimidine photolyase (photoreactivation)	deoxyribodipyrimidine photolyase. (SW:PHR_SALTY)	1
AE006468	AAL19654.1	putative POT family transport protein	similar to E. coli putative transport protein (AAC73803.1); Blastp hit to AAC73803.1 (493 aa), 88% identity in aa 1 - 493	1
AE006468	AAL19655.1	putative cytoplasmic protein	similar to E. coli orf, hypothetical protein (AAC73804.1); Blastp hit to AAC73804.1 (247 aa), 97% identity in aa 1 - 247	1
AE006468	AAL19656.1	putative carboxylase	similar to E. coli putative carboxylase (AAC73805.1); Blastp hit to AAC73805.1 (218 aa), 86% identity in aa 1 - 218	1
AE006468	AAL19657.1	putative carboxylase	similar to E. coli putative carboxylase (AAC73806.1); Blastp hit to AAC73806.1 (310 aa), 84% identity in aa 1 - 310	1
AE006468	AAL19658.1	putative lactam utilization protein	similar to E. coli putative lactam utilization protein (AAC73807.1); Blastp hit to AAC73807.1 (244 aa), 80% identity in aa 1 - 244	1
AE006468	AAL19659.1	putative cytoplasmic protein	hypothetical protein	1
AE006468	AAL19660.1	putative phage integrase	similar to E. coli recombinase involved in phase variation; regulator for fimA (AAC77268.1); Blastp hit to AAC77268.1 (200 aa), 60% identity in aa 9 - 192	1
AE006468	AAL19661.1	putative inner membrane protein	hypothetical protein	1
AE006468	AAL19662.1	putative cytoplasmic protein		1
AE006468	AAL19663.1	putative UDP-galactopyranose mutase	similar to E. coli UDP-galactopyranose mutase (AAC75097.1); Blastp hit to AAC75097.1 (367 aa), 39% identity in aa 5 - 366	1
AE006468	AAL19664.1	putative glycosyl transferase		1
AE006468	AAL19665.1	putative glycosyl transferase	similar to E. coli putative colanic acid biosynthesis glycosyl transferase (AAC75105.1); Blastp hit to AAC75105.1 (406 aa), 25% identity in aa 199 - 399	1
AE006468	AAL19666.1	putative ABC transporter permease protein		1
AE006468	AAL19667.1	putative ABC-type polysaccharide/polyol phosphate transport system, ATPase component	similar to E. coli ATP-binding component of putrescine transport system (AAC73942.1); Blastp hit to AAC73942.1 (404 aa), 28% identity in aa 61 - 259	1
AE006468	AAL19668.1	putative glycosyltransferase, cell wall biogenesis		1
AE006468	AAL19669.1	putative glycosyltransferase, cell wall biogenesis		1
AE006468	AAL19670.1	putative glycosyl transferase		1
AE006468	AAL19671.1	putative cytoplasmic protein	hypothetical protein	1
AE006468	AAL19672.1	endonuclease VIII	removes oxidized pyrimidines; may also remove oxidized purines in absence of MutY and Fpg; similar to E. coli endonuclease VIII and DNA N-glycosylase with an AP lyase activity (AAC73808.1); Blastp hit to AAC73808.1 (263 aa), 88% identity in aa 1 - 262	1
AE006468	AAL19673.1	putative transport protein	similar to E. coli putative transport protein (AAC73809.1); Blastp hit to AAC73809.1 (363 aa), 80% identity in aa 16 - 361	1
AE006468	AAL19674.1	citrate synthase	citrate synthase. (SW:CISY_SALTY)	1
AE006468	AAL19675.1	putative inner membrane protein	hypothetical protein	1
AE006468	AAL19676.1	succinate dehydrogenase, cytochrome b556	similar to E. coli succinate dehydrogenase, cytochrome b556 (AAC73815.1); Blastp hit to AAC73815.1 (129 aa), 92% identity in aa 1 - 129	1
AE006468	AAL19677.1	succinate dehydrogenase, hydrophobic subunit	similar to E. coli succinate dehydrogenase, hydrophobic subunit (AAC73816.1); Blastp hit to AAC73816.1 (115 aa), 94% identity in aa 1 - 115	1
AE006468	AAL19678.1	succinate dehydrogenase, flavoprotein subunit	similar to E. coli succinate dehydrogenase, flavoprotein subunit (AAC73817.1); Blastp hit to AAC73817.1 (588 aa), 97% identity in aa 1 - 588	1
AE006468	AAL19679.1	succinate dehydrogenase, Fe-S protein	similar to E. coli succinate dehydrogenase, iron sulfur protein (AAC73818.1); Blastp hit to AAC73818.1 (238 aa), 96% identity in aa 1 - 238	1
AE006468	AAL19680.1	2-oxoglutarate dehydrogenase decarboxylase component	similar to E. coli 2-oxoglutarate dehydrogenase (decarboxylase component) (AAC73820.1); Blastp hit to AAC73820.1 (933 aa), 94% identity in aa 1 - 933	1
AE006468	AAL19681.1	2-oxoglutarate dehydrogenase (dihydrolipoyltranssuccinase E2 component)	similar to E. coli 2-oxoglutarate dehydrogenase (dihydrolipoyltranssuccinase E2 component) (AAC73821.1); Blastp hit to AAC73821.1 (405 aa), 96% identity in aa 1 - 405	1
AE006468	AAL19682.1	succinyl-CoA synthetase, beta subunit	similar to E. coli succinyl-CoA synthetase, beta subunit (AAC73822.1); Blastp hit to AAC73822.1 (388 aa), 98% identity in aa 1 - 388	1
AE006468	AAL19683.1	succinyl-CoA synthetase, alpha subunit	similar to E. coli succinyl-CoA synthetase, alpha subunit (AAC73823.1); Blastp hit to AAC73823.1 (289 aa), 95% identity in aa 1 - 289	1
AE006468	AAL19684.1	cytochrome d terminal oxidase, polypeptide subunit I	similar to E. coli cytochrome d terminal oxidase, polypeptide subunit I (AAC73827.1); Blastp hit to AAC73827.1 (523 aa), 96% identity in aa 2 - 523	1
AE006468	AAL19685.1	cytochrome d terminal oxidase polypeptide subunit II	similar to E. coli cytochrome d terminal oxidase polypeptide subunit II (AAC73828.1); Blastp hit to AAC73828.1 (379 aa), 92% identity in aa 1 - 379	1
AE006468	AAL19686.1	putative outer membrane lipoprotein		1
AE006468	AAL19687.1	putative inner membrane lipoprotein	similar to E. coli orf, hypothetical protein (AAC73829.1); Blastp hit to AAC73829.1 (97 aa), 89% identity in aa 8 - 96	1
AE006468	AAL19688.1	putative esterase	similar to E. coli orf, hypothetical protein (AAC73830.1); Blastp hit to AAC73830.1 (134 aa), 92% identity in aa 1 - 134	1
AE006468	AAL19689.1	tol protein, membrane-spanning inner membrane protein	required for outer membrane integrity, uptake of group A colicins, and translocation of phage DNA to cytoplasm; similar to E. coli inner membrane protein, membrane-spanning, maintains integrity of cell envelope; tolerance to group A colicins (AAC73831.1); Blastp hit to AAC73831.1 (230 aa), 97% identity in aa 1 - 230	1
AE006468	AAL19690.1	tol protein, role in outer membrane integrity	uptake of group A colicins (TonB independent), and translocation of phage DNA to cytoplasm; similar to E. coli putative inner membrane protein, involved in the tonB-independent uptake of group A colicins (AAC73832.1); Blastp hit to AAC73832.1 (142 aa), 85% identity in aa 1 - 142	1
AE006468	AAL19691.1	tol protein, membrane spanning protein	similar to E. coli membrane spanning protein, required for outer membrane integrity (AAC73833.1); Blastp hit to AAC73833.1 (421 aa), 70% identity in aa 1 - 420	1
AE006468	AAL19692.1	tol protein required for outer membrane integrity	uptake of group A colicins, and translocation of phage DNA to cytoplasm, may be part of multiprotein peptidoglycan recycling complex (Two domains); similar to E. coli periplasmic protein involved in the tonb-independent uptake of group A colicins (AAC73834.1); Blastp hit to AAC73834.1 (430 aa), 95% identity in aa 1 - 430	1
AE006468	AAL19693.1	tol protein required for outer membrane integrity	uptake of group A colicins, and translocation of phage DNA to cytoplasm; similar to E. coli peptidoglycan-associated lipoprotein (AAC73835.1); Blastp hit to AAC73835.1 (173 aa), 97% identity in aa 1 - 173	1
AE006468	AAL19694.1	putative periplasmic protein	similar to E. coli orf, hypothetical protein (AAC73836.1); Blastp hit to AAC73836.1 (263 aa), 90% identity in aa 1 - 263	1
AE006468	AAL19695.1	quinolinate synthetase, A protein	quinolinate synthetase A. (SW:NADA_SALTY)	1
AE006468	AAL19696.1	NMN family, nucleoside/purine/pyrimidine transporter	PNUC protein. (SW:PNUC_SALTY)	1
AE006468	AAL19697.1	putative CDF family transport protein	similar to E. coli putative transport system permease protein (AAC73839.1); Blastp hit to AAC73839.1 (313 aa), 85% identity in aa 1 - 312	1
AE006468	AAL19698.1	putative homeobox protein	similar to E. coli putative homeobox protein (AAC73840.1); Blastp hit to AAC73840.1 (126 aa), 78% identity in aa 1 - 126	1
AE006468	AAL19699.1	3-deoxy-D-arabinoheptulosonate-7-phosphate synthase (DAHP synthetase, phenylalanine repressible)	similar to E. coli 3-deoxy-D-arabinoheptulosonate-7-phosphate synthase (DAHP synthetase, phenylalanine repressible) (AAC73841.1); Blastp hit to AAC73841.1 (350 aa), 94% identity in aa 1 - 350	1
AE006468	AAL19700.1	fumarate hydratase Class I anaerobic	similar to E. coli fumarase B= fumarate hydratase Class I; anaerobic isozyme (AAC77083.1); Blastp hit to AAC77083.1 (548 aa), 36% identity in aa 361 - 541	1
AE006468	AAL19701.1	fumarate hydratase, alpha subunit	similar to E. coli L-tartrate dehydratase, subunit A (AAC76097.1); Blastp hit to AAC76097.1 (303 aa), 29% identity in aa 29 - 287	1
AE006468	AAL19702.1	transcriptional regulator, lysR family	similar to E. coli cyn operon positive regulator (AAC73441.1); Blastp hit to AAC73441.1 (299 aa), 25% identity in aa 16 - 288	1
AE006468	AAL19703.1	transcriptional regulator, lysR family	similar to E. coli putative transcriptional regulator LYSR-type (AAC77283.1); Blastp hit to AAC77283.1 (303 aa), 30% identity in aa 9 - 300	1
AE006468	AAL19704.1	putative cation transporter	similar to E. coli putative transport protein (AAC75352.1); Blastp hit to AAC75352.1 (610 aa), 31% identity in aa 9 - 193, 27% identity in aa 413 - 610, 27% identity in aa 425 - 594, 24% identity in aa 6 - 196	1
AE006468	AAL19705.1	oxalacetate decarboxylase: gamma chain	sodium ion pump oxaloacetate decarboxylase subunit gamma (gi|321934)	1
AE006468	AAL19706.1	oxalacetate decarboxylase: beta chain	oxaloacetate decarboxylase beta chain. (SW:DCOB_SALTY)	1
AE006468	AAL19707.1	putative cytoplasmic protein		1
AE006468	AAL19708.1	putative ABC transport protein	similar to E. coli ferric enterobactin (enterochelin) transport (AAC73691.1); Blastp hit to AAC73691.1 (334 aa), 37% identity in aa 9 - 332	1
AE006468	AAL19709.1	putative ABC-type cobalamin/Fe3+-siderophores transport system, ATPase component	similar to E. coli ATP-binding component of ferric enterobactin transport (AAC73689.1); Blastp hit to AAC73689.1 (271 aa), 34% identity in aa 8 - 244	1
AE006468	AAL19710.1	phosphoglyceromutase 1	similar to E. coli phosphoglyceromutase 1 (AAC73842.1); Blastp hit to AAC73842.1 (250 aa), 98% identity in aa 1 - 250	1
AE006468	AAL19711.1	galactose-1-epimerase (mutarotase)	similar to E. coli galactose-1-epimerase (mutarotase) (AAC73843.1); Blastp hit to AAC73843.1 (346 aa), 88% identity in aa 1 - 344	1
AE006468	AAL19712.1	galactokinase	galactokinase. (SW:GAL1_SALTY)	1
AE006468	AAL19713.1	galactose-1-phosphate uridylyltransferase	galactose-1-phosphate uridylyltransferase. (SW:GAL7_SALTY)	1
AE006468	AAL19714.1	UDP-galactose 4-epimerase	UDP-glucose 4-epimerase. (SW:GALE_SALTY)	1
AE006468	AAL19715.1	putative inner membrane protein		1
AE006468	AAL19716.1	putative ABC superfamily (atp_bind), molybdenum transporter	similar to E. coli ATP-binding component of molybdate transport system (AAC73847.1); Blastp hit to AAC73847.1 (490 aa), 31% identity in aa 1 - 211	1
AE006468	AAL19717.1	transcriptional repressor of modABCD operon (molybdate uptake)	similar to E. coli molybdate uptake regulatory protein (AAC73848.1); Blastp hit to AAC73848.1 (262 aa), 89% identity in aa 1 - 262	1
AE006468	AAL19718.1	putative outer membrane or exported	similar to E. coli orf, hypothetical protein (AAC73849.1); Blastp hit to AAC73849.1 (49 aa), 91% identity in aa 1 - 48	1
AE006468	AAL19719.1	molybdate transporter	ABC superfamily (peri_perm); similar to E. coli molybdate-binding periplasmic protein; permease (AAC73850.1); Blastp hit to AAC73850.1 (257 aa), 86% identity in aa 1 - 257	1
AE006468	AAL19720.1	molybdate transporter	ABC superfamily (membrane); similar to E. coli molybdate transport permease protein (AAC73851.1); Blastp hit to AAC73851.1 (229 aa), 95% identity in aa 1 - 229	1
AE006468	AAL19721.1	molybdate transporter	ABC superfamily (atp_bind); similar to E. coli ATP-binding component of molybdate transport (AAC73852.1); Blastp hit to AAC73852.1 (352 aa), 91% identity in aa 1 - 352	1
AE006468	AAL19722.1	putative hydrolase of the HAD superfamily	similar to E. coli putative phosphatase (AAC73853.1); Blastp hit to AAC73853.1 (272 aa), 84% identity in aa 1 - 272	1
AE006468	AAL19723.1	putative 3-carboxymuconate cyclase	similar to E. coli putative isomerase (AAC73854.1); Blastp hit to AAC73854.1 (331 aa), 91% identity in aa 1 - 331	1
AE006468	AAL19724.1	putative pectinesterase	similar to E. coli putative pectinesterase (AAC73859.1); Blastp hit to AAC73859.1 (427 aa), 86% identity in aa 1 - 427	1
AE006468	AAL19725.1	Imidazolonepropionase		1
AE006468	AAL19726.1	formimionoglutamate hydrolase	similar to E. coli agmatinase (AAC75974.1); Blastp hit to AAC75974.1 (306 aa), 24% identity in aa 47 - 298	1
AE006468	AAL19727.1	histidine utilization repressor	similar to E. coli transcriptional regulator of succinylCoA synthetase operon (AAC73824.1); Blastp hit to AAC73824.1 (240 aa), 24% identity in aa 5 - 229	1
AE006468	AAL19728.1	histidine ammonia lyase		1
AE006468	AAL19729.1	putative phospholipid-binding protein	similar to E. coli orf, hypothetical protein (AAC73860.1); Blastp hit to AAC73860.1 (158 aa), 93% identity in aa 1 - 158	1
AE006468	AAL19730.1	7,8-diaminopelargonic acid synthetase	similar to E. coli 7,8-diaminopelargonic acid synthetase (AAC73861.1); Blastp hit to AAC73861.1 (429 aa), 86% identity in aa 1 - 427	1
AE006468	AAL19731.1	biotin synthetase	similar to E. coli biotin synthesis, sulfur insertion? (AAC73862.1); Blastp hit to AAC73862.1 (346 aa), 94% identity in aa 1 - 346	1
AE006468	AAL19732.1	7-keto-8-aminopelargonic acid synthetase	similar to E. coli 8-amino-7-oxononanoate synthase (AAC73863.1); Blastp hit to AAC73863.1 (384 aa), 80% identity in aa 1 - 384	1
AE006468	AAL19733.1	biotin biosynthesis; reaction prior to pimeloyl CoA	similar to E. coli biotin biosynthesis; reaction prior to pimeloyl CoA (AAC73864.1); Blastp hit to AAC73864.1 (251 aa), 70% identity in aa 1 - 251	1
AE006468	AAL19734.1	dethiobiotin synthetase	similar to E. coli dethiobiotin synthetase (AAC73865.1); Blastp hit to AAC73865.1 (225 aa), 74% identity in aa 1 - 225	1
AE006468	AAL19735.1	UvrB with UvrAC is a DNA excision repair enzyme	similar to E. coli DNA repair; excision nuclease subunit B (AAC73866.1); Blastp hit to AAC73866.1 (673 aa), 95% identity in aa 1 - 673	1
AE006468	AAL19736.1	putative cytoplasmic protein	hypothetical protein	1
AE006468	AAL19737.1	leucine-rich repeat protein	leucine-rich repeat protein SlrP (gi|5107020)	1
AE006468	AAL19738.1	putative cytoplasmic protein	similar to E. coli putative structural protein (AAC73867.1); Blastp hit to AAC73867.1 (302 aa), 91% identity in aa 1 - 302	1
AE006468	AAL19739.1	molybdopterin biosynthesis, protein A	similar to E. coli molybdopterin biosynthesis, protein A (AAC73868.1); Blastp hit to AAC73868.1 (329 aa), 92% identity in aa 1 - 329	1
AE006468	AAL19740.1	molybdopterin biosynthesis, protein B	similar to E. coli molybdopterin biosynthesis, protein B (AAC73869.1); Blastp hit to AAC73869.1 (170 aa), 95% identity in aa 1 - 170	1
AE006468	AAL19741.1	molybdopterin biosynthesis, protein C	similar to E. coli molybdopterin biosynthesis, protein C (AAC73870.1); Blastp hit to AAC73870.1 (161 aa), 94% identity in aa 1 - 161	1
AE006468	AAL19742.1	molybdopterin biosynthesis protein	similar to E. coli molybdopterin biosynthesis (AAC73871.1); Blastp hit to AAC73871.1 (81 aa), 86% identity in aa 1 - 81	1
AE006468	AAL19743.1	molybdopterin converting factor, subunit 2	similar to E. coli molybdopterin converting factor, subunit 2 (AAC73872.1); Blastp hit to AAC73872.1 (150 aa), 91% identity in aa 1 - 150	1
AE006468	AAL19744.1	putative permease	similar to E. coli orf, hypothetical protein (AAC73873.1); Blastp hit to AAC73873.1 (234 aa), 87% identity in aa 1 - 234	1
AE006468	AAL19745.1	putative integral membrane protein	similar to E. coli orf, hypothetical protein (AAC73874.1); Blastp hit to AAC73874.1 (237 aa), 31% identity in aa 24 - 228	1
AE006468	AAL19746.1	putative inner membrane protein		1
AE006468	AAL19747.1	putative inner membrane protein		1
AE006468	AAL19748.1	putative negative regulator	similar to E. coli orf, hypothetical protein (AAC73875.1); Blastp hit to AAC73875.1 (318 aa), 89% identity in aa 1 - 318	1
AE006468	AAL19749.1	cardiolipin (CL) synthase	similar to E. coli putative synthetase (AAC73876.1); Blastp hit to AAC73876.1 (413 aa), 86% identity in aa 1 - 413	1
AE006468	AAL19750.1	putative cytoplasmic protein	similar to E. coli orf, hypothetical protein (AAC73877.1); Blastp hit to AAC73877.1 (253 aa), 86% identity in aa 1 - 253	1
AE006468	AAL19751.1	putative inner membrane protein	similar to E. coli orf, hypothetical protein (AAC73878.1); Blastp hit to AAC73878.1 (136 aa), 84% identity in aa 1 - 136	1
AE006468	AAL19752.1	putative ABC superfamily (membrane) transport protein	similar to E. coli orf, hypothetical protein (AAC73879.1); Blastp hit to AAC73879.1 (368 aa), 95% identity in aa 1 - 368	1
AE006468	AAL19753.1	putative ABC superfamily (membrane) transport protein	similar to E. coli orf, hypothetical protein (AAC73880.1); Blastp hit to AAC73880.1 (377 aa), 94% identity in aa 6 - 377	1
AE006468	AAL19754.1	putative ABC-type multidrug transport system, ATPase component	similar to E. coli putative ATP-binding component of a transport system (AAC73881.1); Blastp hit to AAC73881.1 (583 aa), 91% identity in aa 6 - 583	1
AE006468	AAL19755.1	membrane permease predicted cation efflux pump	similar to E. coli putative membrane protein (AAC73882.1); Blastp hit to AAC73882.1 (332 aa), 87% identity in aa 2 - 332	1
AE006468	AAL19756.1	putative transcriptional repressor (TetR/AcrR family)	similar to E. coli putative transcriptional regulator (AAC73883.1); Blastp hit to AAC73883.1 (227 aa), 85% identity in aa 5 - 227	1
AE006468	AAL19757.1	putative ATP-dependent RNA helicase	similar to E. coli putative ATP-dependent RNA helicase (AAC73884.1); Blastp hit to AAC73884.1 (454 aa), 90% identity in aa 1 - 454	1
AE006468	AAL19758.1	LexA regulated (SOS) repair enzyme	similar to E. coli probably ATP-dependent helicase (AAC73886.1); Blastp hit to AAC73886.1 (716 aa), 91% identity in aa 1 - 716	1
AE006468	AAL19759.1	putative transferase	similar to E. coli putative enzyme (AAC73887.1); Blastp hit to AAC73887.1 (320 aa), 84% identity in aa 1 - 320	1
AE006468	AAL19760.1	putative periplasmic protein	similar to E. coli orf, hypothetical protein (AAC73889.1); Blastp hit to AAC73889.1 (86 aa), 80% identity in aa 1 - 86	1
AE006468	AAL19761.1	putative DnaK suppressor protein	similar to E. coli orf, hypothetical protein (AAC73890.1); Blastp hit to AAC73890.1 (88 aa), 80% identity in aa 1 - 88	1
AE006468	AAL19762.1	putative SAM-dependent methyltransferase	similar to E. coli orf, hypothetical protein (AAC73894.1); Blastp hit to AAC73894.1 (335 aa), 84% identity in aa 28 - 335	1
AE006468	AAL19763.1	putative transport protein	similar to E. coli putative transport protein (AAC73895.1); Blastp hit to AAC73895.1 (786 aa), 85% identity in aa 46 - 786	1
AE006468	AAL19764.1	glutamine high-affinity transporter	ABC superfamily (atp_bind); similar to E. coli ATP-binding component of glutamine high-affinity transport system (AAC73896.1); Blastp hit to AAC73896.1 (240 aa), 95% identity in aa 1 - 240	1
AE006468	AAL19765.1	glutamine high-affinity transporter	ABC superfamily (membrane); similar to E. coli glutamine high-affinity transport system; membrane component (AAC73897.1); Blastp hit to AAC73897.1 (219 aa), 96% identity in aa 1 - 219	1
AE006468	AAL19766.1	glutamine high-affinity transporter	ABC superfamily (bind_prot); similar to E. coli periplasmic glutamine-binding protein; permease (AAC73898.1); Blastp hit to AAC73898.1 (248 aa), 96% identity in aa 1 - 248	1
AE006468	AAL19767.1	stress response DNA-binding protein; starvation induced resistance to H2O2	similar to E. coli global regulator, starvation conditions (AAC73899.1); Blastp hit to AAC73899.1 (167 aa), 95% identity in aa 1 - 167	1
AE006468	AAL19768.1	putative permease	hypothetical protein in dps-ompX intergenic region. (SW:YBIF_SALTY)	1
AE006468	AAL19769.1	outer membrane protease, receptor for phage OX2	similar to E. coli outer membrane protein X (AAC73901.1); Blastp hit to AAC73901.1 (171 aa), 91% identity in aa 1 - 171	1
AE006468	AAL19770.1	putative integral membrane protein	similar to E. coli putative enzyme (AAC73902.1); Blastp hit to AAC73902.1 (527 aa), 84% identity in aa 1 - 526	1
AE006468	AAL19771.1	putative Mn-dependent transcriptional regulator	similar to E. coli putative toxin (AAC73904.1); Blastp hit to AAC73904.1 (155 aa), 92% identity in aa 1 - 153	1
AE006468	AAL19772.1	putative di- and tricarboxylate transporters	similar to E. coli orf, hypothetical protein (AAC73905.1); Blastp hit to AAC73905.1 (372 aa), 83% identity in aa 1 - 370	1
AE006468	AAL19773.1	putative periplasmic protein	similar to E. coli orf, hypothetical protein (AAC73906.1); Blastp hit to AAC73906.1 (306 aa), 92% identity in aa 1 - 306	1
AE006468	AAL19774.1	putative ATPase component of ABC transporter with duplicated ATPase domain	similar to E. coli putative ATP-binding component of a transport system (AAC73907.1); Blastp hit to AAC73907.1 (530 aa), 96% identity in aa 1 - 530	1
AE006468	AAL19775.1	putative inner membrane protein		1
AE006468	AAL19776.1	putative hydrolase of the HAD superfamily	similar to E. coli orf, hypothetical protein (AAC73909.1); Blastp hit to AAC73909.1 (271 aa), 94% identity in aa 33 - 269	1
AE006468	AAL19777.1	putative cytoplasmic protein	similar to E. coli orf, hypothetical protein (AAC73908.1); Blastp hit to AAC73908.1 (421 aa), 85% identity in aa 1 - 421	1
AE006468	AAL19778.1	putative hydrolase of the HAD superfamily	similar to E. coli orf, hypothetical protein (AAC73909.1); Blastp hit to AAC73909.1 (271 aa), 88% identity in aa 1 - 269	1
AE006468	AAL19779.1	putative pyruvate formate lyase	similar to E. coli putative formate acetyltransferase (AAC73910.1); Blastp hit to AAC73910.1 (810 aa), 95% identity in aa 1 - 810	1
AE006468	AAL19780.1	putative pyruvate formate lyase activating enzyme	similar to E. coli putative pyruvate formate-lyase 2 activating enzyme (AAC73911.1); Blastp hit to AAC73911.1 (308 aa), 87% identity in aa 10 - 308	1
AE006468	AAL19781.1	molybdopterin biosynthesis	molybdopterin biosynthesis MOEB protein. (SW:MOEB_SALTY)	1
AE006468	AAL19782.1	molybdopterin biosynthesis protein	molybdopterin biosynthesis MEOA protein. (SW:MOEA_SALTY)	1
AE006468	AAL19783.1	putative asparaginase	similar to E. coli putative asparaginase (AAC73915.1); Blastp hit to AAC73915.1 (321 aa), 88% identity in aa 1 - 313	1
AE006468	AAL19784.1	putative ATPase components of ABC-type transport system, containing duplicated ATPase domain	similar to E. coli putative ATP-binding component of a transport system (AAC73916.1); Blastp hit to AAC73916.1 (612 aa), 84% identity in aa 1 - 611	1
AE006468	AAL19785.1	putative ABC transporter periplasmic binding protein	similar to E. coli putative transport protein (AAC73917.1); Blastp hit to AAC73917.1 (512 aa), 88% identity in aa 1 - 512	1
AE006468	AAL19786.1	putative ABC transporter periplasmic binding protein	similar to E. coli putative transport system permease protein (AAC73918.1); Blastp hit to AAC73918.1 (306 aa), 90% identity in aa 1 - 306	1
AE006468	AAL19787.1	putative ABC transporter inner membrane component	similar to E. coli putative transport system permease protein (AAC73919.1); Blastp hit to AAC73919.1 (303 aa), 91% identity in aa 1 - 303	1
AE006468	AAL19788.1	putative Fe-S oxidoreductases family 1	similar to E. coli orf, hypothetical protein (AAC73922.1); Blastp hit to AAC73922.1 (441 aa), 97% identity in aa 1 - 441	1
AE006468	AAL19789.1	putative cytoplasmic protein	similar to E. coli putative receptor (AAC73923.1); Blastp hit to AAC73923.1 (127 aa), 78% identity in aa 1 - 124	1
AE006468	AAL19790.1	putative cytoplasmic protein		1
AE006468	AAL19791.1	putative electron transfer flavoprotein beta subunit	similar to E. coli probable flavoprotein subunit, carnitine metabolism (AAC73152.1); Blastp hit to AAC73152.1 (268 aa), 27% identity in aa 13 - 248	1
AE006468	AAL19792.1	putative electron transfer flavoprotein alpha subunit	similar to E. coli putative flavoprotein (AAC74768.1); Blastp hit to AAC74768.1 (312 aa), 35% identity in aa 65 - 310	1
AE006468	AAL19793.1	putative acyl-CoA dehydrogenase	similar to E. coli putative oxidoreductase (AAC74765.1); Blastp hit to AAC74765.1 (401 aa), 28% identity in aa 33 - 390	1
AE006468	AAL19794.1	putative dehydrogenase (flavoproteins)	similar to E. coli flavoprotein; probably electron transport (AAC74769.1); Blastp hit to AAC74769.1 (429 aa), 27% identity in aa 29 - 363, 30% identity in aa 7 - 148	1
AE006468	AAL19795.1	putative LysR family transcriptional regulator	similar to E. coli putative transcriptional regulator LYSR-type (AAC74667.1); Blastp hit to AAC74667.1 (297 aa), 28% identity in aa 1 - 264	1
AE006468	AAL19796.1	putative inner membrane protein		1
AE006468	AAL19797.1	putative dehydrogenase	similar to E. coli putative dehydrogenase (AAC73924.1); Blastp hit to AAC73924.1 (371 aa), 75% identity in aa 197 - 369	1
AE006468	AAL19798.1	putative glutathione S-transferase	similar to E. coli putative transferase (AAC73925.1); Blastp hit to AAC73925.1 (210 aa), 82% identity in aa 3 - 210	1
AE006468	AAL19799.1	D-alanyl-D-alanine carboxypeptidase; penicillin-binding protein 6a	similar to E. coli D-alanyl-D-alanine carboxypeptidase; penicillin-binding protein 6 (AAC73926.1); Blastp hit to AAC73926.1 (400 aa), 92% identity in aa 1 - 400	1
AE006468	AAL19800.1	transcriptional repressor for deoxyribose operon (DeoR family)	similar to E. coli transcriptional repressor for deo operon, tsx, nupG (AAC73927.1); Blastp hit to AAC73927.1 (252 aa), 83% identity in aa 1 - 252	1
AE006468	AAL19801.1	putative permease	similar to E. coli orf, hypothetical protein (AAC73928.1); Blastp hit to AAC73928.1 (198 aa), 78% identity in aa 1 - 198	1
AE006468	AAL19802.1	multidrug translocase	similar to E. coli proton motive force efflux pump (AAC73929.1); Blastp hit to AAC73929.1 (410 aa), 90% identity in aa 1 - 406	1
AE006468	AAL19803.1	putative hydrolase	similar to E. coli orf, hypothetical protein (AAC73931.1); Blastp hit to AAC73931.1 (262 aa), 82% identity in aa 1 - 261	1
AE006468	AAL19804.1	putative transport protein/putative regulator	similar to E. coli putative DEOR-type transcriptional regulator (AAC73932.1); Blastp hit to AAC73932.1 (402 aa), 87% identity in aa 1 - 402	1
AE006468	AAL19805.1	putative regulator (TetR/Acr family)	similar to E. coli putative DEOR-type transcriptional regulator (AAC73933.1); Blastp hit to AAC73933.1 (178 aa), 78% identity in aa 1 - 178	1
AE006468	AAL19806.1	putative transport protein	similar to E. coli putative transport protein (AAC73934.1); Blastp hit to AAC73934.1 (561 aa), 96% identity in aa 1 - 561	1
AE006468	AAL19807.1	putative inner membrane protein	similar to E. coli orf, hypothetical protein (AAC73935.1); Blastp hit to AAC73935.1 (125 aa), 72% identity in aa 1 - 125	1
AE006468	AAL19808.1	redox coenzyme for glutathione-dependent ribonucleotide reductase glutaredoxin1	glutaredoxin 1 (GRX1). (SW:GRX1_SALTY)	1
AE006468	AAL19809.1	putative inner membrane protein	similar to E. coli orf, hypothetical protein (AAC73937.1); Blastp hit to AAC73937.1 (95 aa), 59% identity in aa 1 - 95	1
AE006468	AAL19810.1	oxygen-insensitive NADPH nitroreductase	oxygen-insensitive NADPH nitroreductase. (SW:NFSA_SALTY)	1
AE006468	AAL19811.1	ribosomal protein S6 modification protein	ribosomal protein S6 modification protein. (SW:RIMK_SALTY)	1
AE006468	AAL19812.1	putative cytoplasmic protein	similar to E. coli putative sensory transduction regulator (AAC73940.1); Blastp hit to AAC73940.1 (158 aa), 84% identity in aa 1 - 158	1
AE006468	AAL19813.1	ABC superfamily (peri_perm), putrescine transporter	similar to E. coli periplasmic putrescine-binding protein; permease protein (AAC73941.1); Blastp hit to AAC73941.1 (370 aa), 94% identity in aa 1 - 370	1
AE006468	AAL19814.1	putrescine transporter	ABC superfamily (atp_bind); similar to E. coli ATP-binding component of putrescine transport system (AAC73942.1); Blastp hit to AAC73942.1 (404 aa), 93% identity in aa 28 - 404	1
AE006468	AAL19815.1	putrescine transporter	ABC superfamily (membrane); similar to E. coli putrescine transport protein; permease (AAC73943.1); Blastp hit to AAC73943.1 (317 aa), 92% identity in aa 1 - 317	1
AE006468	AAL19816.1	putrescine transporter	ABC superfamily (membrane); similar to E. coli putrescine transport protein; permease (AAC73944.1); Blastp hit to AAC73944.1 (281 aa), 94% identity in aa 1 - 281	1
AE006468	AAL19817.1	putative inner membrane protein	similar to E. coli orf, hypothetical protein (AAC73945.1); Blastp hit to AAC73945.1 (162 aa), 80% identity in aa 6 - 162	1
AE006468	AAL19818.1	putative tRNA (uracil-5-)-methyltransferase	similar to E. coli putative enzyme (AAC73946.1); Blastp hit to AAC73946.1 (375 aa), 87% identity in aa 1 - 372	1
AE006468	AAL19819.1	putative inner membrane protein; homology to SgaT from Vibrio	similar to E. coli orf, hypothetical protein (AAC77150.1); Blastp hit to AAC77150.1 (484 aa), 38% identity in aa 20 - 441	1
AE006468	AAL19820.1	putative inner membrane protein; homology to SgaT from Vibrio	similar to E. coli orf, hypothetical protein (AAC77151.1); Blastp hit to AAC77151.1 (101 aa), 25% identity in aa 2 - 97	1
AE006468	AAL19821.1	putative sulfatase	similar to E. coli putative sulfatase (AAC76701.1); Blastp hit to AAC76701.1 (497 aa), 25% identity in aa 7 - 358, 26% identity in aa 401 - 446	1
AE006468	AAL19822.1	arginine 3rd transport system	ABC superfamily (bind_prot); similar to E. coli arginine 3rd transport system periplasmic binding protein (AAC73947.1); Blastp hit to AAC73947.1 (243 aa), 91% identity in aa 1 - 243	1
AE006468	AAL19823.1	arginine 3rd transport system	ABC superfamily (membrane); similar to E. coli arginine 3rd transport system permease protein (AAC73948.1); Blastp hit to AAC73948.1 (222 aa), 94% identity in aa 1 - 222	1
AE006468	AAL19824.1	arginine 3rd transport system	ABC superfamily (membrane); similar to E. coli arginine 3rd transport system permease protein (AAC73949.1); Blastp hit to AAC73949.1 (238 aa), 94% identity in aa 1 - 237	1
AE006468	AAL19825.1	arginine transport system	ABC superfamily (bind_prot); similar to E. coli arginine 3rd transport system periplasmic binding protein (AAC73950.1); Blastp hit to AAC73950.1 (243 aa), 95% identity in aa 1 - 243	1
AE006468	AAL19826.1	arginine transport system	ABC superfamily (atp&memb); similar to E. coli ATP-binding component of 3rd arginine transport system (AAC73951.1); Blastp hit to AAC73951.1 (242 aa), 95% identity in aa 1 - 242	1
AE006468	AAL19827.1	putative lipoprotein	similar to E. coli putative enzyme (AAC73952.1); Blastp hit to AAC73952.1 (171 aa), 84% identity in aa 1 - 171	1
AE006468	AAL19828.1	putative Fels-1 prophage integrase	similar to E. coli putative transposase (AAC74651.1); Blastp hit to AAC74651.1 (398 aa), 55% identity in aa 2 - 398	1
AE006468	AAL19829.1	putative Fels-1 prophage excisionase		1
AE006468	AAL19830.1	Fels-1 prophage protein		1
AE006468	AAL19831.1	Fels-1 prophage protein		1
AE006468	AAL19832.1	Fels-1 prophage protein		1
AE006468	AAL19833.1	putative Fels-1 prophage transcriptional regulator		1
AE006468	AAL19834.1	Fels-1 prophage protein		1
AE006468	AAL19835.1	Fels-1 prophage protein		1
AE006468	AAL19836.1	putative Fels-1 prophage DNA or RNA helicases of superfamily II	similar to E. coli putative ATP-dependent helicase (AAC75245.1); Blastp hit to AAC75245.1 (586 aa), 29% identity in aa 124 - 378, 25% identity in aa 20 - 158	1
AE006468	AAL19837.1	Fels-1 putative prophage DNA primase		1
AE006468	AAL19838.1	Fels-1 prophage protein		1
AE006468	AAL19839.1	putative Fels-1 prophage chaparone	similar to E. coli orf, hypothetical protein (AAC74632.1); Blastp hit to AAC74632.1 (260 aa), 38% identity in aa 11 - 130, 37% identity in aa 152 - 259, 35% identity in aa 121 - 165, 58% identity in aa 123 - 134, 40-1073758628dentity in aa 168 - 187	1
AE006468	AAL19840.1	Fels-1 prophage protein		1
AE006468	AAL19841.1	Fels-1 prophage hypothetical protein	similar to E. coli orf, hypothetical protein (AAC74261.1); Blastp hit to AAC74261.1 (122 aa), 48% identity in aa 3 - 118	1
AE006468	AAL19842.1	Fels-1 prophage protein		1
AE006468	AAL19843.1	putative Fels-1 prophage chitinase		1
AE006468	AAL19844.1	Fels-1 prophage protein	bacteriophage ES18 gp15 protein (gi|1143595)	1
AE006468	AAL19845.1	Fels-1 prophage protein		1
AE006468	AAL19846.1	Fels-1 prophage protein		1
AE006468	AAL19847.1	Fels-1 prophage protein		1
AE006468	AAL19848.1	Fels-1 prophage protease subunits of ATP-dependent proteases	similar to E. coli ATP-dependent proteolytic subunit of clpA-clpP serine protease; ClpP family members; heat shock protein F21.5 (AAC73540.1); Blastp hit to AAC73540.1 (207 aa), 29% identity in aa 73 - 203	1
AE006468	AAL19849.1	Fels-1 prophage protein		1
AE006468	AAL19850.1	putative Fels-1 phage tail component		1
AE006468	AAL19851.1	Fels-1 prophage protein		1
AE006468	AAL19852.1	putative Fels-1 prophage major tail protein		1
AE006468	AAL19853.1	putative Fels-1 prophage minor tail protein		1
AE006468	AAL19854.1	putative Fels-1 prophage minor tail protein	lambda phage H tail component homolog (gi|2232364)	1
AE006468	AAL19855.1	putative Fels-1 prophage minor tail protein	lambda phage M tail component homolog (gi|2232363)	1
AE006468	AAL19856.1	Fels-1 prophage attachment and invasion protein	ail and ompX homolog (gi|2232362)	1
AE006468	AAL19857.1	putative Fels-1 prophage minor tail protein		1
AE006468	AAL19858.1	putative Fels-1 prophage tail assembly protein		1
AE006468	AAL19859.1	putative Fels-1 prophage tail assembly protein		1
AE006468	AAL19860.1	putative Fels-1 prophage Cu/Zn superoxide dismutase	similar to E. coli superoxide dismutase precursor (Cu-Zn) (AAC74718.1); Blastp hit to AAC74718.1 (173 aa), 55% identity in aa 1 - 173	1
AE006468	AAL19861.1	putative Fels-1 prophage host specificity protein		1
AE006468	AAL19862.1	putative Fels-1 prophage minor tail protein	similar to E. coli putative membrane protein (AAC74454.1); Blastp hit to AAC74454.1 (1122 aa), 50% identity in aa 3 - 515, 57% identity in aa 878 - 1084, 43% identity in aa 1008 - 1122, 34% identity in aa 354 - 568, 29-1073758628dentity in aa 116 - 346, 24% identity in aa 962 - 1111, 26-1073758654dentity in aa 940 - 1106, 27% identity in aa 420 - 581, 23% identity in aa 959 - 1113, 23% identity in aa 961 - 1079, 30% identity in aa 778 - 829, 22% identity in aa 778 - 850	1
AE006468	AAL19863.1	putative Fels-1 prophage tail assembly protein	hypothetical protein in nanH 3'region. (SW:YCDD_SALTY)	1
AE006468	AAL19864.1	sialidase	neuraminidase; sialidase (SW:NANH_SALTY)	1
AE006468	AAL19865.1	putative inner membrane protein		1
AE006468	AAL19866.1	putative cytoplasmic protein	similar to E. coli orf, hypothetical protein (AAC73953.1); Blastp hit to AAC73953.1 (107 aa), 94% identity in aa 1 - 107	1
AE006468	AAL19867.1	putative aminidase	similar to E. coli putative regulator (AAC73954.1); Blastp hit to AAC73954.1 (276 aa), 81% identity in aa 1 - 276	1
AE006468	AAL19868.1	putative nucleoside-diphosphate-sugar epimerase	similar to E. coli putative nucleotide di-P-sugar epimerase or dehydratase (AAC73955.1); Blastp hit to AAC73955.1 (349 aa), 93% identity in aa 13 - 349	1
AE006468	AAL19869.1	putative nucleoside-diphosphate-sugar epimerase	similar to E. coli putative dTDP-glucose enzyme (AAC73956.1); Blastp hit to AAC73956.1 (486 aa), 84% identity in aa 11 - 486	1
AE006468	AAL19870.1	L-allo-threonine aldolase	similar to E. coli putative arylsulfatase (AAC73957.1); Blastp hit to AAC73957.1 (333 aa), 88% identity in aa 1 - 333	1
AE006468	AAL19871.1	pyruvate dehydrogenase/oxidase FAD and thiamine PPi cofactors, cytoplasmic in absence of cofactors	similar to E. coli pyruvate oxidase (AAC73958.1); Blastp hit to AAC73958.1 (572 aa), 94% identity in aa 1 - 572	1
AE006468	AAL19872.1	NADH oxidoreductase for hcp gene product	similar to E. coli putative enzyme (AAC73959.1); Blastp hit to AAC73959.1 (322 aa), 90% identity in aa 1 - 322	1
AE006468	AAL19873.1	hybrid cluster protein	similar to prismane-protein homolog; similar to E. coli putative prismane (AAC73960.1); Blastp hit to AAC73960.1 (552 aa), 96% identity in aa 3 - 552	1
AE006468	AAL19874.1	putative inner membrane protein	similar to E. coli putative surface protein (AAC73961.1); Blastp hit to AAC73961.1 (315 aa), 88% identity in aa 17 - 315	1
AE006468	AAL19875.2	homology with RecF protein	similar to E. coli orf, hypothetical protein (AAC73963.1); Blastp hit to AAC73963.1 (552 aa), 89% identity in aa 1 - 552	1
AE006468	AAL19876.1	homolog of virK	similar to E. coli putative enzyme (AAC73964.1); Blastp hit to AAC73964.1 (330 aa), 57% identity in aa 15 - 329	1
AE006468	AAL19877.1	putative membrane protein	similar to E. coli putative membrane protein (AAC73965.1); Blastp hit to AAC73965.1 (380 aa), 83% identity in aa 12 - 378	1
AE006468	AAL19878.1	putative ABC superfamily (atp&memb) transport protein	similar to E. coli putative ATP-binding component of a transport system (AAC73966.1); Blastp hit to AAC73966.1 (648 aa), 83% identity in aa 1 - 648	1
AE006468	AAL19879.1	CspA-like protein but not cold shock induced	similar to E. coli cold shock protein (AAC73967.1); Blastp hit to AAC73967.1 (74 aa), 94% identity in aa 1 - 71	1
AE006468	AAL19880.1	putative cytoplasmic protein	similar to E. coli orf, hypothetical protein (AAC73968.1); Blastp hit to AAC73968.1 (106 aa), 97% identity in aa 1 - 106	1
AE006468	AAL19881.1	ATP-binding subunit of serine protease	similar to E. coli ATP-binding component of serine protease (AAC73969.1); Blastp hit to AAC73969.1 (758 aa), 97% identity in aa 1 - 758	1
AE006468	AAL19882.1	IS200 transposase	transposase for insertion sequence element is200 (SW:T200_SALTY)	1
AE006468	AAL19883.1	putative integrase protein	similar to E. coli IS150 putative transposase (AAC76582.1); Blastp hit to AAC76582.1 (283 aa), 29% identity in aa 109 - 279	1
AE006468	AAL19884.1	putative cytoplasmic protein		1
AE006468	AAL19885.1	homolog of slsA in STM	SlsA (gi|4324613)	1
AE006468	AAL19886.1	putative cytoplasmic protein	similar to E. coli orf, hypothetical protein (AAC76464.1); Blastp hit to AAC76464.1 (231 aa), 27% identity in aa 52 - 222, 23% identity in aa 101 - 231	1
AE006468	AAL19887.1	putative transcriptional regulator, lysR family	similar to E. coli putative transcriptional regulator LYSR-type (AAC73313.1); Blastp hit to AAC73313.1 (304 aa), 31% identity in aa 1 - 291	1
AE006468	AAL19888.1	protein chain initiation factor IF-1	similar to E. coli protein chain initiation factor IF-1 (AAC73970.1); Blastp hit to AAC73970.1 (72 aa), 100% identity in aa 1 - 72	1
AE006468	AAL19889.1	putative inner membrane protein		1
AE006468	AAL19890.1	leucyl, phenylalanyl-tRNA-protein transferase	similar to E. coli leucyl, phenylalanyl-tRNA-protein transferase (AAC73971.1); Blastp hit to AAC73971.1 (234 aa), 82% identity in aa 1 - 234	1
AE006468	AAL19891.1	cytochrome-related transporter	ABC superfamily (atp&memb); similar to E. coli ATP-binding component of cytochrome-related transport (AAC73972.1); Blastp hit to AAC73972.1 (573 aa), 86% identity in aa 1 - 573	1
AE006468	AAL19892.1	cytochrome-related transporter	Zn sensitive; ABC superfamily (atp&memb); similar to E. coli ATP-binding component of cytochrome-related transport, Zn sensitive (AAC73973.1); Blastp hit to AAC73973.1 (588 aa), 90% identity in aa 1 - 588	1
AE006468	AAL19893.1	thioredoxin reductase	similar to E. coli thioredoxin reductase (AAC73974.1); Blastp hit to AAC73974.1 (321 aa), 96% identity in aa 1 - 320	1
AE006468	AAL19894.1	regulator for lrp regulon and high-affinity branched-chain amino acid transport system	mediator of of leucine response (AsnC family); leucine-responsive regulatory protein. (SW:LRP_SALTY)	1
AE006468	AAL19895.1	cell division protein	required for cell division and chromosome partitioning; similar to E. coli cell division protein (AAC73976.1); Blastp hit to AAC73976.1 (1329 aa), 63% identity in aa 263 - 843	1
AE006468	AAL19896.1	periplasmic protein	affects translocation of lipoproteins from inner membrane to outer membrane; similar to E. coli periplasmic protein effects translocation of lipoproteins from inner membrane to outer (AAC73977.1); Blastp hit to AAC73977.1 (204 aa), 94% identity in aa 1 - 204	1
AE006468	AAL19897.1	putative polynucleotide enzyme	similar to E. coli putative polynucleotide enzyme (AAC73978.1); Blastp hit to AAC73978.1 (447 aa), 97% identity in aa 1 - 447	1
AE006468	AAL19898.1	serine tRNA synthetase	also charges selenocystein tRNA with serine; similar to E. coli serine tRNA synthetase; also charges selenocystein tRNA with serine (AAC73979.1); Blastp hit to AAC73979.1 (430 aa), 97% identity in aa 1 - 430	1
AE006468	AAL19899.1	anaerobic dimethyl sulfoxide reductase, subunit A	similar to E. coli anaerobic dimethyl sulfoxide reductase subunit A (AAC73980.1); Blastp hit to AAC73980.1 (785 aa), 93% identity in aa 1 - 784	1
AE006468	AAL19900.1	anaerobic dimethyl sulfoxide reductase, subunit B	similar to E. coli anaerobic dimethyl sulfoxide reductase subunit B (AAC73981.1); Blastp hit to AAC73981.1 (205 aa), 96% identity in aa 1 - 205	1
AE006468	AAL19901.1	anaerobic dimethyl sulfoxide reductase, subunit C	similar to E. coli anaerobic dimethyl sulfoxide reductase subunit C (AAC73982.1); Blastp hit to AAC73982.1 (287 aa), 89% identity in aa 1 - 287	1
AE006468	AAL19902.1	putative MFS family transport protein	similar to E. coli putative transport (AAC73984.1); Blastp hit to AAC73984.1 (382 aa), 88% identity in aa 1 - 382	1
AE006468	AAL19903.1	putative APC family, amino-acid transporter	similar to E. coli putative transport (AAC73985.1); Blastp hit to AAC73985.1 (540 aa), 93% identity in aa 68 - 536	1
AE006468	AAL19904.1	pyruvate formate lyase activating enzyme 1	similar to E. coli pyruvate formate lyase activating enzyme 1 (AAC73988.1); Blastp hit to AAC73988.1 (246 aa), 97% identity in aa 3 - 246	1
AE006468	AAL19905.1	putative cytoplasmic protein		1
AE006468	AAL19906.1	homologous to secreted protein sopD		1
AE006468	AAL19907.1	pyruvate formate lyase I, induced anaerobically	similar to E. coli formate acetyltransferase 1 (AAC73989.1); Blastp hit to AAC73989.1 (760 aa), 96% identity in aa 1 - 760	1
AE006468	AAL19908.1	formate transporter	formate channel 1; putative FNT family member; similar to E. coli probable formate transporter (formate channel 1) (AAC73990.1); Blastp hit to AAC73990.1 (285 aa), 95% identity in aa 1 - 285	1
AE006468	AAL19909.1	putative cytoplasmic protein	similar to E. coli orf, hypothetical protein (AAC73991.1); Blastp hit to AAC73991.1 (589 aa), 93% identity in aa 4 - 589	1
AE006468	AAL19910.1	putative inner membrane protein	similar to E. coli orf, hypothetical protein (AAC73992.1); Blastp hit to AAC73992.1 (230 aa), 86% identity in aa 1 - 229	1
AE006468	AAL19911.1	3-phosphoserine aminotransferase	(SW:SERC_SALTY); phosphohydroxythreonine transaminase	1
AE006468	AAL19912.1	3-enolpyruvylshikimate-5-phosphate synthetase	3-phosphoshikimate 1-carboxyvinyltransferase. (SW:AROA_SALTY)	1
AE006468	AAL19913.1	putative Zn-dependent protease with chaperone function	similar to E. coli putative heat shock protein (AAC73995.1); Blastp hit to AAC73995.1 (262 aa), 69% identity in aa 9 - 262	1
AE006468	AAL19914.1	cytidine monophosphate (CMP) kinase	similar to E. coli cytidylate kinase (AAC73996.1); Blastp hit to AAC73996.1 (227 aa), 97% identity in aa 1 - 227	1
AE006468	AAL19915.1	30S ribosomal subunit protein S1	similar to E. coli 30S ribosomal subunit protein S1 (AAC73997.1); Blastp hit to AAC73997.1 (557 aa), 99% identity in aa 1 - 557	1
AE006468	AAL19916.1	integration host factor (IHF), beta subunit	site-specific recombination; similar to E. coli integration host factor (IHF), beta subunit; site-specific recombination (AAC73998.1); Blastp hit to AAC73998.1 (94 aa), 98% identity in aa 1 - 94	1
AE006468	AAL19917.1	putative recombination protein	similar to E. coli orf, hypothetical protein (AAC73999.1); Blastp hit to AAC73999.1 (780 aa), 70% identity in aa 27 - 780	1
AE006468	AAL19918.1	multicopy repressor of htrB transport protein; ABC superfamily (atp&membrane)	similar to E. coli ATP-binding transport protein; multicopy suppressor of htrB (AAC74000.1); Blastp hit to AAC74000.1 (582 aa), 96% identity in aa 1 - 582	1
AE006468	AAL19919.1	tetraacyldisaccharide 4' kinase	lipid A 4'kinase; similar to E. coli putative EC 1.2 enzyme (AAC74001.1); Blastp hit to AAC74001.1 (328 aa), 82% identity in aa 1 - 324	1
AE006468	AAL19920.1	putative cytoplasmic protein	similar to E. coli orf, hypothetical protein (AAC74002.1); Blastp hit to AAC74002.1 (410 aa), 77% identity in aa 1 - 408	1
AE006468	AAL19921.1	putative inner membrane protein	similar to E. coli orf, hypothetical protein (AAC74003.1); Blastp hit to AAC74003.1 (60 aa), 93% identity in aa 1 - 60	1
AE006468	AAL19922.1	CTP:CMP-3-deoxy-D-manno-octulosonate transferase	similar to E. coli CTP:CMP-3-deoxy-D-manno-octulosonate transferase (AAC74004.1); Blastp hit to AAC74004.1 (248 aa), 93% identity in aa 1 - 248	1
AE006468	AAL19923.1	mukF protein (killing factor KicB)	similar to E. coli orf, hypothetical protein (AAC74005.1); Blastp hit to AAC74005.1 (297 aa), 90% identity in aa 1 - 297	1
AE006468	AAL19924.1	putative KicA protein	similar to E. coli orf, hypothetical protein (AAC74006.1); Blastp hit to AAC74006.1 (259 aa), 89% identity in aa 1 - 256	1
AE006468	AAL19925.1	S-adenosylmethionine-dependent methyltransferase	similar to E. coli S-adenosylmethionine-dependent methyltransferase (AAC74007.1); Blastp hit to AAC74007.1 (261 aa), 88% identity in aa 1 - 254	1
AE006468	AAL19926.1	mukF protein	killing factor KICB; similar to E. coli mukF protein (killing factor KICB) (AAC74008.1); Blastp hit to AAC74008.1 (440 aa), 98% identity in aa 1 - 440	1
AE006468	AAL19927.1	putative chromosome partitioning	similar to E. coli orf, hypothetical protein (AAC74009.1); Blastp hit to AAC74009.1 (225 aa), 99% identity in aa 1 - 225	1
AE006468	AAL19928.1	kinesin-line cell division protein involved in sister chromosome partitioning	similar to E. coli kinesin-like cell division protein involved in chromosome partitioning (AAC74010.1); Blastp hit to AAC74010.1 (1486 aa), 94% identity in aa 1 - 1486	1
AE006468	AAL19929.1	putative periplasmic protein	similar to E. coli putative amidase (AAC74011.1); Blastp hit to AAC74011.1 (615 aa), 84% identity in aa 1 - 615	1
AE006468	AAL19930.1	putative outer membrane protein	similar to E. coli orf, hypothetical protein (AAC74012.1); Blastp hit to AAC74012.1 (182 aa), 95% identity in aa 1 - 182	1
AE006468	AAL19931.1	putative metallo-beta-lactamase	similar to E. coli orf, hypothetical protein (AAC74013.1); Blastp hit to AAC74013.1 (215 aa), 91% identity in aa 1 - 215	1
AE006468	AAL19932.1	aspartate aminotransferase	similar to E. coli aspartate aminotransferase (AAC74014.1); Blastp hit to AAC74014.1 (396 aa), 95% identity in aa 1 - 396	1
AE006468	AAL19933.1	outer membrane protein 1a (ia;b;f), porin	outer membrane protein F precursor (PORIN OMPF) (outer membraneprotein 1A, iA, or B). (SW:OMPF_SALTY)	1
AE006468	AAL19934.1	asparagine tRNA synthetase	similar to E. coli asparagine tRNA synthetase (AAC74016.1); Blastp hit to AAC74016.1 (466 aa), 94% identity in aa 1 - 466	1
AE006468	AAL19935.1	putative leucine response regulator	similar to E. coli regulator for leucine (or lrp) regulon and high-affinity branched-chain amino acid transport system (AAC73975.1); Blastp hit to AAC73975.1 (164 aa), 31% identity in aa 12 - 162	1
AE006468	AAL19936.1	putatiave diaminopropionate ammonia lyase	similar to E. coli putative dehydratase (AAC75909.1); Blastp hit to AAC75909.1 (398 aa), 50% identity in aa 14 - 395	1
AE006468	AAL19937.1	putative transcriptional regulator, Lrp family	similar to E. coli inner membrane transport protein (AAC73118.1); Blastp hit to AAC73118.1 (476 aa), 30% identity in aa 12 - 430	1
AE006468	AAL19938.1	nicotinate phosphoribosyltransferase	nicotinate phosphoribosyltransferase. (SW:PNCB_SALTY)	1
AE006468	AAL19939.1	Gifsy-2 prophage integrase	similar to E. coli putative transposase (AAC74651.1); Blastp hit to AAC74651.1 (398 aa), 54% identity in aa 2 - 393	1
AE006468	AAL19940.1	Gifsy-2 prophage excisionase		1
AE006468	AAL19941.1	Gifsy-2 prophage protein		1
AE006468	AAL19942.1	Gifsy-2 prophage protein	hypothetical protein AAC26069.1 (gi|7467267)	1
AE006468	AAL19943.1	Gifsy-2 prophage exodeoxyribonuclease	exodeoxyribonuclease VIII homolog (gi|7467238)	1
AE006468	AAL19944.1	Gifsy-2 prophage protein	hypothetical protein 4 (gi|7467264)	1
AE006468	AAL19945.1	Gifsy-2 prophage protein	hypothetical protein 2 (gi|7467263)	1
AE006468	AAL19946.1	Gifsy-2 prophage putative regulatory protein	probable regulatory protein (gi|7467281)	1
AE006468	AAL19947.1	Gifsy-2 prophage putative regulatory protein	probable regulatory protein (gi|7467282)	1
AE006468	AAL19948.1	Gifsy-2 prophage putative regulatory protein	probable replication protein (gi|7467283)	1
AE006468	AAL19949.1	Gifsy-2 prophage ATPase involved in DNA replication initiation	dnaC protein homolog (gi|7443681)	1
AE006468	AAL19950.1	Gifsy-2 prophage protein	hypothetical protein (gi|7467246)	1
AE006468	AAL19951.1	Gifsy-2 prophage protein	hypothetical protein 11 (gi|7467260)	1
AE006468	AAL19952.1	Gifsy-2 prophage protein	hypothetical protein 11 (gi|7467261)	1
AE006468	AAL19953.1	Gifsy-2 prophage protein	hypothetical protein 13 (gi|7467262)	1
AE006468	AAL19954.1	Gifsy-2 prophage protein		1
AE006468	AAL19955.1	Gifsy-2 prophage protein		1
AE006468	AAL19956.1	Gifsy-2 prophage putative molecular chaperone, DnaJ family	similar to E. coli orf, hypothetical protein (AAC74632.1); Blastp hit to AAC74632.1 (260 aa), 31% identity in aa 11 - 260	1
AE006468	AAL19957.1	Gifsy-2 prophage protein		1
AE006468	AAL19958.1	Gifsy-2 prophage protein		1
AE006468	AAL19959.1	Gifsy-2 prophage protein		1
AE006468	AAL19960.1	Gifsy-2 prophage protein		1
AE006468	AAL19961.1	Gifsy-2 prophage protein		1
AE006468	AAL19962.1	Gifsy-2 prophage lysozyme	similar to E. coli bacteriophage lambda lysozyme homolog (AAC73656.1); Blastp hit to AAC73656.1 (165 aa), 40% identity in aa 35 - 161	1
AE006468	AAL19963.1	Gifsy-2 prophage protein	bacteriophage ES18 gp15 protein (gi|1143595)	1
AE006468	AAL19964.1	Gifsy-2 prophage protein		1
AE006468	AAL19965.1	Gifsy-2 prophage protein		1
AE006468	AAL19966.1	Gifsy-2 prophage protein		1
AE006468	AAL19967.1	Gifsy-2 prophage Clp protease-like protein	similar to E. coli ATP-dependent proteolytic subunit of clpA-clpP serine protease, heat shock protein F21.5 (AAC73540.1); Blastp hit to AAC73540.1 (207 aa), 29% identity in aa 73 - 203	1
AE006468	AAL19968.1	Gifsy-2 prophage putative RecA/RadA recombinase		1
AE006468	AAL19969.1	Gifsy-2 prophage ATP-binding sugar transporter-like protein		1
AE006468	AAL19970.1	Gifsy-2 prophage probable minor tail protein		1
AE006468	AAL19971.1	Gifsy-2 prophage probable minor tail protein		1
AE006468	AAL19972.1	Gifsy-2 prophage probable major tail protein		1
AE006468	AAL19973.1	Gifsy-2 prophage probable minor tail protein		1
AE006468	AAL19974.1	Gifsy-2 prophage probable minor tail protein		1
AE006468	AAL19975.1	Gifsy-2 prophage probable minor tail protein	lambda phage H tail component homolog (gi|2232364)	1
AE006468	AAL19976.1	Gifsy-2 prophage probable minor tail protein	lambda phage M tail component homolog (gi|2232363)	1
AE006468	AAL19977.1	Gifsy-2 prophage attachment and invasion protein homolog	attachment and invasion protein homolog (gi|2232362)	1
AE006468	AAL19978.1	Gifsy-2 prophage superoxide dismutase precursor (Cu-Zn)	superoxide dismutase [Cu-Zn] precursor. (SW:SODC_SALTY)	1
AE006468	AAL19979.1	Gifsy-2 prophage probable minor tail protein	lambda phage L tail component homolog (gi|2232360)	1
AE006468	AAL19980.1	Gifsy-2 prophage probable tail assembly protein		1
AE006468	AAL19981.1	Gifsy-2 prophage probable tail assembly protein		1
AE006468	AAL19982.1	Gifsy-2 prophage host specificity protein J, phage lambda		1
AE006468	AAL19983.1	Gifsy-2 prophage probable tail fiber protein	similar to E. coli putative membrane protein (AAC74454.1); Blastp hit to AAC74454.1 (1122 aa), 49% identity in aa 3 - 549, 57% identity in aa 878 - 1084, 43% identity in aa 1008 - 1122, 32% identity in aa 354 - 568, 26-1073758628dentity in aa 961 - 1111, 24% identity in aa 959 - 1113, 27-1073758654dentity in aa 940 - 1106, 26% identity in aa 766 - 829, 36% identity in aa 822 - 851	1
AE006468	AAL19984.1	Gifsy-2 prophage tail fiber assembly like-protein	tail fiber assembly like-protein (gi|8927433)	1
AE006468	AAL19985.1	Gifsy-2 prophage putative type III secreted protein	secreted effector I (gi|8927434)	1
AE006468	AAL19986.1	Gifsy-2 prophage protein	similar to E. coli orf, hypothetical protein (AAC74998.1); Blastp hit to AAC74998.1 (217 aa), 85% identity in aa 1 - 178	1
AE006468	AAL19987.1	Gifsy-2 prophage protein	hypothetical protein (gi|5410523)	1
AE006468	AAL19988.1	Gifsy-2 prophage protein	hypothetical protein (gi|5410522)	1
AE006468	AAL19989.1	Gifsy-2 prophage protein	similar to msgA; hypothetical protein (gi|5410521)	1
AE006468	AAL19990.1	aminopeptidase N	similar to E. coli aminopeptidase N (AAC74018.1); Blastp hit to AAC74018.1 (870 aa), 94% identity in aa 1 - 870	1
AE006468	AAL19991.1	dihydro-orotate oxidase	dihydroorotate dehydrogenase. (SW:PYRD_SALTY)	1
AE006468	AAL19992.1	putative cytoplasmic protein	similar to E. coli orf, hypothetical protein (AAC74032.1); Blastp hit to AAC74032.1 (192 aa), 90% identity in aa 13 - 192	1
AE006468	AAL19993.1	putative iron-sulfur protein	similar to E. coli orf, hypothetical protein (AAC74033.1); Blastp hit to AAC74033.1 (369 aa), 86% identity in aa 1 - 367	1
AE006468	AAL19994.1	putative N6-adenine-specific DNA methylase	similar to E. coli putative oxidoreductase (AAC74034.1); Blastp hit to AAC74034.1 (702 aa), 92% identity in aa 1 - 702	1
AE006468	AAL19995.1	putative ATPase component of ABC transporter	contains duplicated ATPase domain; similar to E. coli putative ATP-binding component of a transport system (AAC74035.1); Blastp hit to AAC74035.1 (635 aa), 94% identity in aa 1 - 634	1
AE006468	AAL19996.1	paraquat-inducible protein A	similar to E. coli paraquat-inducible protein A (AAC74036.1); Blastp hit to AAC74036.1 (417 aa), 89% identity in aa 1 - 417	1
AE006468	AAL19997.1	paraquat-inducible protein B	similar to E. coli paraquat-inducible protein B (AAC74037.1); Blastp hit to AAC74037.1 (546 aa), 89% identity in aa 1 - 546	1
AE006468	AAL19998.1	putative outer membrane protein	similar to E. coli orf, hypothetical protein (AAC74038.1); Blastp hit to AAC74038.1 (182 aa), 83% identity in aa 1 - 182	1
AE006468	AAL19999.1	ribosome modulation factor (involved in dimerization of 70S ribosomes)	similar to E. coli ribosome modulation factor (AAC74039.1); Blastp hit to AAC74039.1 (55 aa), 92% identity in aa 1 - 55	1
AE006468	AAL20000.1	beta-hydroxydecanoyl thioester dehydrase	trans-2-decenoyl-ACP isomerase; similar to E. coli beta-hydroxydecanoyl thioester dehydrase, trans-2-decenoyl-ACP isomerase (AAC74040.1); Blastp hit to AAC74040.1 (172 aa), 98% identity in aa 1 - 172	1
AE006468	AAL20001.1	putative protease	similar to E. coli putative ATP-dependent protease (AAC74041.1); Blastp hit to AAC74041.1 (586 aa), 85% identity in aa 1 - 586	1
AE006468	AAL20002.1	putative cytoplasmic protein	similar to E. coli putative dehydrogenase (AAC74042.1); Blastp hit to AAC74042.1 (150 aa), 89% identity in aa 1 - 150	1
AE006468	AAL20003.1	putative membrane component hydrogenase	outer membrane protein a precursor (outer membrane protein 33K) (outermembrane major heat-modifiable protein). (SW:OMPA_SALTY)	1
AE006468	AAL20004.1	suppressor of lon	inhibitor of cell division and FtsZ ring formation upon DNA damage/inhibition; HslVU and Lon involved in its turnover; cell division inhibitor (SW:SULA_SALTY)	1
AE006468	AAL20005.1	putative DNA transformation protein	similar to E. coli orf, hypothetical protein (AAC74045.1); Blastp hit to AAC74045.1 (209 aa), 75% identity in aa 1 - 199	1
AE006468	AAL20006.1	putative efflux (PET) family transporter	similar to E. coli orf, hypothetical protein (AAC74046.1); Blastp hit to AAC74046.1 (720 aa), 88% identity in aa 4 - 710	1
AE006468	AAL20007.1	putative inner membrane protein	similar to E. coli orf, hypothetical protein (AAC74047.1); Blastp hit to AAC74047.1 (148 aa), 92% identity in aa 1 - 148	1
AE006468	AAL20008.1	DNA helicase IV	similar to E. coli DNA helicase IV (AAC74048.1); Blastp hit to AAC74048.1 (684 aa), 83% identity in aa 1 - 684	1
AE006468	AAL20009.1	methylglyoxal synthase	similar to E. coli methylglyoxal synthase (AAC74049.1); Blastp hit to AAC74049.1 (155 aa), 94% identity in aa 4 - 155	1
AE006468	AAL20010.1	putative periplasmic protein	similar to E. coli orf, hypothetical protein (AAC74050.1); Blastp hit to AAC74050.1 (220 aa), 84% identity in aa 1 - 220	1
AE006468	AAL20011.1	putative cytoplasmic protein	similar to E. coli orf, hypothetical protein (AAC74051.1); Blastp hit to AAC74051.1 (164 aa), 91% identity in aa 27 - 164	1
AE006468	AAL20012.1	putative inner membrane protein	similar to E. coli orf, hypothetical protein (AAC74052.1); Blastp hit to AAC74052.1 (122 aa), 92% identity in aa 18 - 122	1
AE006468	AAL20013.1	putative SAM-dependent methyltransferase	similar to E. coli putative oxidoreductase (AAC74053.1); Blastp hit to AAC74053.1 (367 aa), 93% identity in aa 1 - 367	1
AE006468	AAL20014.1	putative outer membrane protein	similar to E. coli orf, hypothetical protein (AAC73646.1); Blastp hit to AAC73646.1 (183 aa), 59% identity in aa 1 - 180	1
AE006468	AAL20015.1	AraC family bacterial regulatory protein	similar to E. coli putative ARAC-type regulatory protein (AAC73647.1); Blastp hit to AAC73647.1 (265 aa), 33% identity in aa 8 - 260	1
AE006468	AAL20016.1	putative phosphohydrolase	similar to E. coli orf, hypothetical protein (AAC74054.1); Blastp hit to AAC74054.1 (92 aa), 78% identity in aa 1 - 92	1
AE006468	AAL20017.1	putative sulfite reductase, gamma subunit	similar to E. coli putative sulfite reductase (AAC74055.1); Blastp hit to AAC74055.1 (128 aa), 90% identity in aa 20 - 128	1
AE006468	AAL20018.1	putative TEGT family carrier	similar to E. coli putative carrier/transport protein (AAC74056.1); Blastp hit to AAC74056.1 (219 aa), 94% identity in aa 1 - 219	1
AE006468	AAL20019.1	Pathogenicity island encoded protein: SPI5		1
AE006468	AAL20020.1	Pathogenicity island encoded protein: SPI5		1
AE006468	AAL20021.1	Pathogenicity island encoded protein: SPI5	hypothetical protein	1
AE006468	AAL20022.1	Pathogenicity island encoded protein: SPI5	invasion gene E protein (gi|2582386)	1
AE006468	AAL20023.1	Pathogenicity island encoded protein: SPI5	invasion gene D protein (gi|2582385)	1
AE006468	AAL20024.1	Pathogenicity island encoded protein: SPI5		1
AE006468	AAL20025.1	Pathogenicity island encoded protein: SPI5	hypothetical protein	1
AE006468	AAL20026.1	Pathogenicity island encoded protein: SPI5		1
AE006468	AAL20027.1	Copper resistance; histidine kinase	Pathogenicity island encoded protein: SPI5; similar to E. coli putative 2-component sensor protein (AAC75034.1); Blastp hit to AAC75034.1 (452 aa), 54% identity in aa 1 - 449	1
AE006468	AAL20028.1	Copper resistance transcriptional regulatory protein	Pathogenicity island encoded protein: SPI5; similar to E. coli putative 2-component transcriptional regulator (AAC75035.1); Blastp hit to AAC75035.1 (239 aa), 74% identity in aa 6 - 236	1
AE006468	AAL20029.1	putative periplasmic or exported protein	similar to E. coli orf, hypothetical protein (AAC75036.1); Blastp hit to AAC75036.1 (137 aa), 68% identity in aa 2 - 137	1
AE006468	AAL20030.1	4-hydroxyphenylacetate catabolism protein	similar to E. coli orf, hypothetical protein (AAC74092.1); Blastp hit to AAC74092.1 (152 aa), 44% identity in aa 1 - 145	1
AE006468	AAL20031.1	4-hydroxyphenylacetate catabolism protein		1
AE006468	AAL20032.1	4-hydroxyphenylacetate catabolism protein		1
AE006468	AAL20033.1	4-hydroxyphenylacetate catabolism protein	similar to E. coli putative isomerase (AAC74264.1); Blastp hit to AAC74264.1 (219 aa), 38% identity in aa 22 - 219, 29% identity in aa 35 - 211	1
AE006468	AAL20034.1	4-hydroxyphenylacetate catabolism protein	similar to E. coli aldehyde dehydrogenase, prefers NADP over NAD (AAC74382.1); Blastp hit to AAC74382.1 (495 aa), 39% identity in aa 23 - 493	1
AE006468	AAL20035.1	4-hydroxyphenylacetate catabolism protein		1
AE006468	AAL20036.1	4-hydroxyphenylacetate catabolism protein		1
AE006468	AAL20037.1	4-hydroxyphenylacetate catabolism protein	similar to E. coli 2-keto-4-pentenoate hydratase (AAC73453.1); Blastp hit to AAC73453.1 (271 aa), 34% identity in aa 6 - 261	1
AE006468	AAL20038.1	4-hydroxyphenylacetate catabolism protein	similar to E. coli orf, hypothetical protein (AAC75305.1); Blastp hit to AAC75305.1 (267 aa), 56% identity in aa 5 - 260	1
AE006468	AAL20039.1	4-hydroxyphenylacetate catabolism protein	similar to E. coli putative transport protein (AAC75306.1); Blastp hit to AAC75306.1 (442 aa), 31% identity in aa 22 - 428	1
AE006468	AAL20040.1	4-hydroxyphenylacetate catabolism protein	similar to E. coli putative ARAC-type regulatory protein (AAC74766.1); Blastp hit to AAC74766.1 (303 aa), 25% identity in aa 181 - 281	1
AE006468	AAL20041.1	putative periplasmic protein	similar to E. coli orf, hypothetical protein (AAC75328.1); Blastp hit to AAC75328.1 (311 aa), 27% identity in aa 7 - 147, 27% identity in aa 155 - 277	1
AE006468	AAL20042.1	putative cytoplasmic protein	RssC (gi|12004175)	1
AE006468	AAL20043.1	putative cytoplasmic protein	similar to E. coli orf, hypothetical protein (AAC74084.1); Blastp hit to AAC74084.1 (101 aa), 74% identity in aa 1 - 101	1
AE006468	AAL20044.1	curved DNA-binding protein	curved DNA-binding protein. (SW:CBPA_SALTY)	1
AE006468	AAL20045.1	suppression of copper sensitivity: putative copper binding protein	suppressor for copper-sensitivity A (gi|2327003)	1
AE006468	AAL20046.1	suppression of copper sensitivity protein	suppressor for copper-sensitivity B (gi|2327004)	1
AE006468	AAL20047.1	suppression of copper sensitivity protein	suppressor for copper-sensitivity C (gi|2327005)	1
AE006468	AAL20048.1	suppression of copper sensitivity protein	suppressor for copper-sensitivity D (gi|2327006)	1
AE006468	AAL20049.1	glucose-1-phosphatase	glucose-1-phosphatase precursor. (SW:AGP_SALTY)	1
AE006468	AAL20050.1	putative cytoplasmic protein	similar to E. coli orf, hypothetical protein (AAC74088.1); Blastp hit to AAC74088.1 (75 aa), 92% identity in aa 1 - 75	1
AE006468	AAL20051.1	trp-repressor binding protein	similar to E. coli trp repressor binding protein; affects association of trp repressor and operator (AAC74089.1); Blastp hit to AAC74089.1 (198 aa), 94% identity in aa 1 - 198	1
AE006468	AAL20052.1	putative cytoplasmic protein	similar to E. coli orf, hypothetical protein (AAC74341.1); Blastp hit to AAC74341.1 (78 aa), 87% identity in aa 20 - 73	1
AE006468	AAL20053.1	putative transcriptional repressor (TetR/AcrR family)	similar to E. coli putative tet operon regulator (AAC74098.1); Blastp hit to AAC74098.1 (212 aa), 83% identity in aa 1 - 212	1
AE006468	AAL20054.1	putative periplasmic protein		1
AE006468	AAL20055.2	plasma membrane proline dehydrogenase	PUTA protein (SW:PUTA_SALTY); bifunctional in plasma membrane proline dehydrogenase and pyrroline-5-carboxylate dehydrogenase OR in cytoplasm a transcriptional repressor; plasma membrane pyrroline-5-carboxylate dehydrogenase; cytoplasmic transcriptional repressor	1
AE006468	AAL20056.1	SSS family major sodium/proline symporter	sodium/proline symporter (proline permease). (SW:PUTP_SALTY)	1
AE006468	AAL20057.1	PhoB-dependent ATP-binding pho regulon component	similar to E. coli PhoB-dependent, ATP-binding pho regulon component; may be helicase; induced by P starvation (AAC74105.1); Blastp hit to AAC74105.1 (354 aa), 92% identity in aa 71 - 354	1
AE006468	AAL20058.1	putative transcriptional regulator	similar to E. coli orf, hypothetical protein (AAC75480.1); Blastp hit to AAC75480.1 (285 aa), 29% identity in aa 15 - 264	1
AE006468	AAL20059.1	putative sodium/glucose cotransporter	similar to E. coli putative cotransporter (AAC76702.1); Blastp hit to AAC76702.1 (571 aa), 22% identity in aa 7 - 478	1
AE006468	AAL20060.1	putative inner membrane protein	similar to E. coli putative enzyme (AAC76255.1); Blastp hit to AAC76255.1 (229 aa), 70% identity in aa 1 - 226	1
AE006468	AAL20061.1	putative inner membrane protein	similar to E. coli orf, hypothetical protein (AAC77266.1); Blastp hit to AAC77266.1 (404 aa), 41% identity in aa 40 - 403	1
AE006468	AAL20062.1	putative outer membrane protein	similar to E. coli orf, hypothetical protein (AAC77267.1); Blastp hit to AAC77267.1 (241 aa), 26% identity in aa 4 - 239	1
AE006468	AAL20063.1	putative sugar transport protein	similar to E. coli putative transport protein (AAC77235.1); Blastp hit to AAC77235.1 (425 aa), 57% identity in aa 25 - 418	1
AE006468	AAL20064.1	putative dehydrogenases and related proteins	similar to E. coli putative dehydrogenase (AAC77236.1); Blastp hit to AAC77236.1 (377 aa), 62% identity in aa 6 - 371	1
AE006468	AAL20065.1	putative oxidoreductase	similar to E. coli putative dehydrogenase (AAC74117.1); Blastp hit to AAC74117.1 (325 aa), 77% identity in aa 14 - 325	1
AE006468	AAL20066.1	putative Histidinol phosphatase	related to hydrolases of the PHP family; similar to E. coli orf, hypothetical protein (AAC74118.1); Blastp hit to AAC74118.1 (245 aa), 89% identity in aa 1 - 245	1
AE006468	AAL20067.1	putative oxidoreductase component	similar to E. coli putative oxidoreductase component (AAC74119.1); Blastp hit to AAC74119.1 (184 aa), 86% identity in aa 1 - 184	1
AE006468	AAL20068.1	putative inner membrane protein	hypothetical protein in phoH-csgG intergenic region. (SW:YCDZ_SALTY)	1
AE006468	AAL20069.1	putative transcriptional regulator in curly assembly/transport, 2nd curli operon	curli production assembly/transport component CSGG precursor. (SW:CSGG_SALTY)	1
AE006468	AAL20070.1	curli production assembly/transport component, 2nd curli operon	curli production assembly/transport component CSGF precursor. (SW:CSGF_SALTY)	1
AE006468	AAL20071.1	curli production assembly/transport component, 2nd curli operon	curli production assembly/transport component CSGE precursor. (SW:CSGE_SALTY)	1
AE006468	AAL20072.1	putative transcriptional regulator	LuxR/UhpA family member; probable csgAB operon transcriptional regulatory protein. (SW:CSGD_SALTY)	1
AE006468	AAL20073.1	minor curlin subunit precursor	nucleator for assembly of adhesive surface organelles; minor curlin subunit precursor (fimbrin SEF17 minor subunit). (SW:CSGB_SALTY)	1
AE006468	AAL20074.1	curlin major subunit	coiled surface structures; cryptic; major curlin subunit precursor (fimbrin SEF17). (SW:CSGA_SALTY)	1
AE006468	AAL20075.1	putative curli production protein	putative curlin production protein CSGC precursor. (SW:CSGC_SALTY)	1
AE006468	AAL20076.1	putative periplasmic protein	hypothetical protein in csgC-mdoG intergenic region precursor. (SW:YMDA_SALTY)	1
AE006468	AAL20077.1	putative ACR protein	related to the C-terminal domain of histone macroH2A1; similar to E. coli putative polyprotein (AAC74129.1); Blastp hit to AAC74129.1 (177 aa), 76% identity in aa 1 - 177	1
AE006468	AAL20078.1	putative phospholipase	similar to E. coli putative synthase (AAC74130.1); Blastp hit to AAC74130.1 (493 aa), 79% identity in aa 2 - 493	1
AE006468	AAL20079.1	membrane protein	required for succinyl substitution of glucan backbone of OPG (osmoregulated periplasmic glucan); similar to E. coli orf, hypothetical protein (AAC74131.1); Blastp hit to AAC74131.1 (385 aa), 82% identity in aa 1 - 379	1
AE006468	AAL20080.1	periplasmic glucans biosynthesis protein	similar to E. coli periplasmic glucans biosynthesis protein (AAC74132.1); Blastp hit to AAC74132.1 (511 aa), 93% identity in aa 1 - 511	1
AE006468	AAL20081.1	membrane glycosyltransferase	synthesis of membrane-derived oligosaccharide (MDO)/synthesis of OPGs (osmoregulated periplasmic glucans); similar to E. coli membrane glycosyltransferase; synthesis of membrane-derived oligosaccharide (MDO) (AAC74133.1); Blastp hit to AAC74133.1 (847 aa), 94% identity in aa 1 - 840	1
AE006468	AAL20082.1	putative outer membrane lipoprotein	similar to E. coli orf, hypothetical protein (AAC74134.1); Blastp hit to AAC74134.1 (75 aa), 86% identity in aa 1 - 75	1
AE006468	AAL20083.1	acidic protein suppresses mutants lacking function of protein export	similar to E. coli acidic protein suppresses mutants lacking function of protein export (AAC74135.1); Blastp hit to AAC74135.1 (125 aa), 92% identity in aa 2 - 125	1
AE006468	AAL20084.1	putative MFS family transport protein	similar to E. coli putative transport protein (AAC74137.1); Blastp hit to AAC74137.1 (408 aa), 27% identity in aa 1 - 404	1
AE006468	AAL20085.1	lauroyl/myristoyl acyltransferase involved in lipid A biosynthesis	similar to E. coli heat shock protein (AAC74138.1); Blastp hit to AAC74138.1 (306 aa), 83% identity in aa 1 - 306	1
AE006468	AAL20086.1	putative enzyme related to sulfur transferases	similar to E. coli orf, hypothetical protein (AAC74139.1); Blastp hit to AAC74139.1 (350 aa), 88% identity in aa 1 - 350	1
AE006468	AAL20087.1	putative secreted protein	similar to E. coli orf, hypothetical protein (AAC74140.1); Blastp hit to AAC74140.1 (191 aa), 91% identity in aa 1 - 191	1
AE006468	AAL20088.1	putative inner membrane protein	similar to E. coli putative cytochrome (AAC74141.1); Blastp hit to AAC74141.1 (188 aa), 77% identity in aa 1 - 187	1
AE006468	AAL20089.1	putative inner membrane protein	similar to E. coli orf, hypothetical protein (AAC74142.1); Blastp hit to AAC74142.1 (46 aa), 64% identity in aa 10 - 46	1
AE006468	AAL20090.1	putative sarcosine oxidase	similar to E. coli sarcosine oxidase-like protein (AAC74143.1); Blastp hit to AAC74143.1 (372 aa), 84% identity in aa 1 - 371	1
AE006468	AAL20091.1	putative cytoplasmic protein	similar to E. coli orf, hypothetical protein (AAC74144.1); Blastp hit to AAC74144.1 (84 aa), 94% identity in aa 1 - 84	1
AE006468	AAL20092.1	DNA damage-inducible protein I	inhibits UmuD processing; similar to E. coli damage-inducible protein I (AAC74145.1); Blastp hit to AAC74145.1 (81 aa), 85% identity in aa 1 - 81	1
AE006468	AAL20093.1	dihydro-orotase	dihydroorotase. (SW:PYRC_SALTY)	1
AE006468	AAL20094.1	putative outer membrane lipoprotein	hypothetical protein in pyrC 3'region. (SW:YCEB_SALTY)	1
AE006468	AAL20095.1	glutaredoxin 2	similar to E. coli glutaredoxin 2 (AAC74148.1); Blastp hit to AAC74148.1 (215 aa), 85% identity in aa 1 - 215	1
AE006468	AAL20096.1	putative MFS superfamily transport protein	similar to E. coli orf, hypothetical protein (AAC74149.1); Blastp hit to AAC74149.1 (412 aa), 92% identity in aa 11 - 412	1
AE006468	AAL20097.1	acetylation of N-terminal alanine of 30S ribosomal subunit protein S5	similar to E. coli acetylation of N-terminal alanine of 30S ribosomal subunit protein S5 (AAC74150.1); Blastp hit to AAC74150.1 (194 aa), 95% identity in aa 1 - 194	1
AE006468	AAL20098.1	putative cytoplasmic protein	similar to E. coli orf, hypothetical protein (AAC74151.1); Blastp hit to AAC74151.1 (215 aa), 86% identity in aa 1 - 215	1
AE006468	AAL20099.1	putative virulence factor	virulence factor MVIM. (SW:MVIM_SALTY)	1
AE006468	AAL20100.1	putative virulence factor	virulence factor MVIM. (SW:MVIN_SALTY)	1
AE006468	AAL20101.1	flagellar biosynthesis protein	belived to be export chaperone for FlgK and FlgL; flagella synthesis protein FLGN. (SW:FLGN_SALTY)	1
AE006468	AAL20102.1	anti-FliA factor	anti-sigma; negative regulator of flagellin synthesis (anti-sigma-28 factor). (SW:FLGM_SALTY); RflB protein	1
AE006468	AAL20103.1	flagellar biosynthesis protein	assembly of basal-body periplasmic P ring; flagella basal body P-ring formation protein FLGA precursor. (SW:FLGA_SALTY)	1
AE006468	AAL20104.1	flagellar biosynthesis protein	cell-proximal portion of basal-body rod; flagellar basal-body rod protein FLGB (putative proximal rod protein). (SW:FLGB_SALTY)	1
AE006468	AAL20105.1	flagellar biosynthesis protein	cell-proximal portion of basal-body rod; flagellar basal-body rod protein FLGC (putative proximal rod protein). (SW:FLGC_SALTY)	1
AE006468	AAL20106.1	flagellar biosynthesis protein	initiation of hook assembly; basal-body rod modification protein FLGD. (SW:FLGD_SALTY)	1
AE006468	AAL20107.1	hook protein	flagellar biosynthesis; flagellar hook protein flge. (SW:FLGE_SALTY)	1
AE006468	AAL20108.1	flagellar biosynthesis protein	cell-proximal portion of basal-body rod; flagellar basal-body rod protein flgf (putative proximal rod protein). (SW:FLGF_SALTY)	1
AE006468	AAL20109.1	flagellar biosynthesis protein	cell-distal portion of basal-body rod; flagellar basal-body rod protein flgg (distal rod protein). (SW:FLGG_SALTY)	1
AE006468	AAL20110.1	flagellar biosynthesis protein	basal-body outer-membrane L (lipopolysaccharide layer) ring protein; flagellar l-ring protein precursor (basal body l-ring protein). (SW:FLGH_SALTY)	1
AE006468	AAL20111.1	putative flagella basal body protein	flagellar p-ring protein precursor. (SW:FLGI_SALTY)	1
AE006468	AAL20112.1	flagellar biosynthesis protein	flagellar protein flgj. (SW:FLGJ_SALTY)	1
AE006468	AAL20113.1	hook-filament junction protein 1	flagellar biosynthesis protein; flagellar hook-associated protein 1 (HAP1). (SW:FLGK_SALTY)	1
AE006468	AAL20114.1	hook-filament junction protein	flagellar biosynthesis protein; flagellar hook-associated protein 3 (HAP3) (hook-filament junctionprotein). (SW:FLGL_SALTY)	1
AE006468	AAL20115.1	RNase E	similar to E. coli RNase E, membrane attachment, mRNA turnover, maturation 5S RNA (AAC74168.1); Blastp hit to AAC74168.1 (1061 aa), 82% identity in aa 1 - 1061	1
AE006468	AAL20116.1	23S rRNA pseudouridylate synthase	similar to E. coli orf, hypothetical protein (AAC74170.1); Blastp hit to AAC74170.1 (319 aa), 97% identity in aa 1 - 319	1
AE006468	AAL20117.1	putative inner membrane lipoprotein	similar to E. coli orf, hypothetical protein (AAC76578.1); Blastp hit to AAC76578.1 (276 aa), 28% identity in aa 49 - 238	1
AE006468	AAL20118.1	putative inhibitor of septum formation	similar to E. coli orf, hypothetical protein (AAC74171.1); Blastp hit to AAC74171.1 (207 aa), 88% identity in aa 14 - 205	1
AE006468	AAL20119.1	putative metal-binding protein	hypothetical protein in rne-rpmF intergenic region (G30K). (SW:YCED_SALTY)	1
AE006468	AAL20120.1	50S ribosomal subunit protein L32	50S ribosomal protein L32. (SW:RL32_ECOLI)	1
AE006468	AAL20121.1	putative fatty acid/phospholipid synthesis protein	fatty acid/phospholipid synthesis protein PLSX. (SW:PLSX_SALTY)	1
AE006468	AAL20122.1	3-oxoacyl-[acyl-carrier-protein] synthase III; acetylCoA ACP transacylase	3-oxoacyl-[acyl-carrier-protein] synthase III. (SW:FABH_SALTY)	1
AE006468	AAL20123.1	malonyl-CoA-[acyl-carrier-protein] transacylase	malonyl coA-acyl carrier protein transacylase. (SW:FABD_SALTY)	1
AE006468	AAL20124.1	3-oxoacyl-[acyl-carrier-protein] reductase	3-oxoacyl-[acyl-carrier protein] reductase. (SW:FABG_SALTY)	1
AE006468	AAL20125.1	acyl carrier protein	similar to E. coli acyl carrier protein (AAC74178.1); Blastp hit to AAC74178.1 (78 aa), 100% identity in aa 1 - 78	1
AE006468	AAL20126.1	3-oxoacyl-[acyl-carrier-protein] synthase II	similar to E. coli 3-oxoacyl-[acyl-carrier-protein] synthase II (AAC74179.1); Blastp hit to AAC74179.1 (413 aa), 94% identity in aa 1 - 413	1
AE006468	AAL20127.1	4-amino-4-deoxychorismate lyase	similar to E. coli 4-amino-4-deoxychorismate lyase (AAC74180.1); Blastp hit to AAC74180.1 (269 aa), 69% identity in aa 1 - 269	1
AE006468	AAL20128.1	putative periplasmic solute-binding protein	similar to E. coli putative thymidylate kinase (AAC74181.1); Blastp hit to AAC74181.1 (340 aa), 85% identity in aa 1 - 340	1
AE006468	AAL20129.1	thymidylate kinase	similar to E. coli thymidylate kinase (AAC74182.1); Blastp hit to AAC74182.1 (213 aa), 90% identity in aa 1 - 210	1
AE006468	AAL20130.1	DNA polymerase III, delta prime subunit	similar to E. coli DNA polymerase III, delta prime subunit (AAC74183.1); Blastp hit to AAC74183.1 (334 aa), 79% identity in aa 1 - 334	1
AE006468	AAL20131.1	putative metal-dependent hydrolase	similar to E. coli orf, hypothetical protein (AAC74184.1); Blastp hit to AAC74184.1 (265 aa), 93% identity in aa 1 - 265	1
AE006468	AAL20132.1	glucose-specific IIBC component of the Sugar Specific PTS family	PTS system; glucose-specific IIBC component (EIIBC-GLC) (glucose-permease IIBC component) (phosphotransferase enzyme II, BC component). (SW:PTGB_SALTY)	1
AE006468	AAL20133.1	outer membrane receptor for Fe(III)-coprogen	Fe(III)-ferrioxamine B and Fe(III)-rhodotrulic acid uptake; similar to E. coli outer membrane receptor for ferric iron uptake (AAC74186.1); Blastp hit to AAC74186.1 (729 aa), 81% identity in aa 5 - 729	1
AE006468	AAL20134.1	putative protein kinase C inhibitor	similar to E. coli orf, hypothetical protein (AAC74187.1); Blastp hit to AAC74187.1 (119 aa), 97% identity in aa 1 - 119	1
AE006468	AAL20135.1	putative outer membrane lipoprotein	similar to E. coli orf, hypothetical protein (AAC74188.1); Blastp hit to AAC74188.1 (125 aa), 80% identity in aa 1 - 125	1
AE006468	AAL20136.1	putative outer membrane lipoprotein	similar to E. coli orf, hypothetical protein (AAC74189.1); Blastp hit to AAC74189.1 (213 aa), 89% identity in aa 1 - 213	1
AE006468	AAL20137.1	putative cytoplasmic protein	similar to E. coli putative beta-glucosidase (AAC74190.1); Blastp hit to AAC74190.1 (274 aa), 67% identity in aa 5 - 273	1
AE006468	AAL20138.1	putative glycosyl hydrolase	similar to E. coli orf, hypothetical protein (AAC74191.1); Blastp hit to AAC74191.1 (341 aa), 91% identity in aa 1 - 341	1
AE006468	AAL20139.1	putative esterase	similar to E. coli orf, hypothetical protein (AAC74192.1); Blastp hit to AAC74192.1 (199 aa), 94% identity in aa 20 - 199	1
AE006468	AAL20140.1	respiratory NADH dehydrogenase 2	similar to E. coli respiratory NADH dehydrogenase (AAC74193.1); Blastp hit to AAC74193.1 (434 aa), 97% identity in aa 1 - 434; cupric reductase	1
AE006468	AAL20141.1	putative outer membrane lipoprotein	similar to E. coli orf, hypothetical protein (AAC74194.1); Blastp hit to AAC74194.1 (179 aa), 94% identity in aa 1 - 178	1
AE006468	AAL20142.1	putative transcriptional repressor (TetR/AcrR family)	similar to E. coli orf, hypothetical protein (AAC74195.1); Blastp hit to AAC74195.1 (236 aa), 80% identity in aa 27 - 236	1
AE006468	AAL20143.1	putative outer membrane protein	similar to E. coli orf, hypothetical protein (AAC74196.1); Blastp hit to AAC74196.1 (85 aa), 91% identity in aa 1 - 85	1
AE006468	AAL20144.1	putative periplasmic protein	similar to E. coli orf, hypothetical protein (AAC74197.1); Blastp hit to AAC74197.1 (320 aa), 84% identity in aa 1 - 320	1
AE006468	AAL20145.1	transcription-repair coupling factor	similar to E. coli transcription-repair coupling factor; mutation frequency decline (AAC74198.1); Blastp hit to AAC74198.1 (1148 aa), 95% identity in aa 1 - 1148	1
AE006468	AAL20146.1	integral membrane protein ABC transporter	similar to E. coli orf, hypothetical protein (AAC74200.1); Blastp hit to AAC74200.1 (399 aa), 93% identity in aa 1 - 399	1
AE006468	AAL20147.1	ATP-binding protein ABC transporter	similar to E. coli putative ATP-binding component of a transport system (AAC74201.1); Blastp hit to AAC74201.1 (228 aa), 94% identity in aa 1 - 228	1
AE006468	AAL20148.1	integral membrane protein ABC transporter	similar to E. coli putative kinase (AAC74202.1); Blastp hit to AAC74202.1 (414 aa), 92% identity in aa 1 - 414	1
AE006468	AAL20149.1	putative regulator (NagC/XylR family)	similar to E. coli putative NAGC-like transcriptional regulator (AAC74203.1); Blastp hit to AAC74203.1 (303 aa), 92% identity in aa 1 - 303	1
AE006468	AAL20150.1	putative nicotinate-nucleotide dimethylbenzimidazolephosphoribosltransferase	homolog of virulence factor; similar to E. coli putative nicotinic acid mononucleotide:5,6-dimethylbenzimidazole (DMB) phosphoribosyltransferase (AAC74204.1); Blastp hit to AAC74204.1 (279 aa), 91% identity in aa 1 - 273	1
AE006468	AAL20151.1	spermidine/putrescine transporter	ABC superfamily (peri_perm); spermidine/putrescine-binding periplasmic protein SPBP. (SW:POTD_SALTY)	1
AE006468	AAL20152.1	spermidine/putrescine transporter	ABC superfamily (membrane); similar to E. coli spermidine/putrescine transport system permease (AAC74208.1); Blastp hit to AAC74208.1 (264 aa), 96% identity in aa 1 - 258	1
AE006468	AAL20153.1	lysosomal glycoprotein (lgp)-containing structures	replication in macrophages; SIFA protein (SW:SIFA_SALTY)	1
AE006468	AAL20154.1	spermidine/putrescine transporter	ABC superfamily (membrane); similar to E. coli spermidine/putrescine transport system permease (AAC74209.1); Blastp hit to AAC74209.1 (275 aa), 97% identity in aa 1 - 272	1
AE006468	AAL20155.1	spermidine/putrescine transporter	ABC superfamily (atp_bind); similar to E. coli ATP-binding component of spermidine/putrescine transport (AAC74210.1); Blastp hit to AAC74210.1 (378 aa), 94% identity in aa 1 - 378	1
AE006468	AAL20156.1	putative peptidase T	peptidase T (SW:PEPT_SALTY); aminotripeptidase	1
AE006468	AAL20157.1	putative periplasmic protein		1
AE006468	AAL20158.1	putative cytoplasmic protein	similar to E. coli orf, hypothetical protein (AAC74212.1); Blastp hit to AAC74212.1 (376 aa), 93% identity in aa 4 - 376	1
AE006468	AAL20159.1	sensory kinase protein in two-component regulatory system with PhoP	ligand is Mg+; virulence sensor protein PHOQ (SW:PHOQ_SALTY)	1
AE006468	AAL20160.1	response regulator in two-component regulatory system with PhoQ	transcribes genes expressed under low Mg+ concentration (OmpR family); virulence transcriptional regulatory protein PHOP. (SW:PHOP_SALTY)	1
AE006468	AAL20161.1	adenylosuccinate lyase	similar to E. coli adenylosuccinate lyase (AAC74215.1); Blastp hit to AAC74215.1 (456 aa), 94% identity in aa 1 - 456	1
AE006468	AAL20162.1	unknown membrane associated protein	similar to E. coli orf, hypothetical protein (AAC74216.1); Blastp hit to AAC74216.1 (213 aa), 94% identity in aa 1 - 213	1
AE006468	AAL20163.1	tRNA (5-methylaminomethyl-2-thiouridylate)-methyltransferase	similar to E. coli orf, hypothetical protein (AAC74217.1); Blastp hit to AAC74217.1 (383 aa), 94% identity in aa 1 - 383	1
AE006468	AAL20164.1	putative MutT-like protein	similar to E. coli putative phosphohydrolase (AAC74218.1); Blastp hit to AAC74218.1 (153 aa), 84% identity in aa 1 - 152	1
AE006468	AAL20165.1	putative periplasmic protein		1
AE006468	AAL20166.1	putative ribosomal large subunit pseudouridine synthase	similar to E. coli orf, hypothetical protein (AAC74219.1); Blastp hit to AAC74219.1 (207 aa), 83% identity in aa 1 - 205	1
AE006468	AAL20167.1	isocitrate dehydrogenase in e14 prophage	specific for NADP+; similar to E. coli isocitrate dehydrogenase, specific for NADP+ (AAC74220.1); Blastp hit to AAC74220.1 (416 aa), 96% identity in aa 1 - 416	1
AE006468	AAL20168.1	putative cytoplasmic protein		1
AE006468	AAL20169.1	putative envelope lipoprotein	probable lipoprotein ENVF precursor (SW:ENVF_SALTY)	1
AE006468	AAL20170.1	macrophage survival gene; reduced mouse virulence	virulence protein MSGA (SW:MSGA_SALTY)	1
AE006468	AAL20171.1	putative envelope protein	probable lipoprotein ENVE precursor. (SW:ENVE_SALTY)	1
AE006468	AAL20172.1	homology with cold shock proteins	cold shock-like protein CSPH. (SW:CSPH_SALTY)	1
AE006468	AAL20173.1	PhoP regulated	virulence protein PAGD precursor. (SW:PAGD_SALTY)	1
AE006468	AAL20174.1	reduced macrophage survival protein	PhoP regulated; virulence membrane protein PAGC precursor. (SW:PAGC_SALTY)	1
AE006468	AAL20175.1	putative periplasmic protein		1
AE006468	AAL20176.1	putative cytoplasmic protein		1
AE006468	AAL20177.1	putative molecular chaperone (small heat shock protein)	similar to E. coli heat shock protein (AAC76710.1); Blastp hit to AAC76710.1 (137 aa), 33% identity in aa 1 - 136	1
AE006468	AAL20178.1	putative cytoplasmic protein		1
AE006468	AAL20179.1	putative inner membrane protein	similar to E. coli putative cytochrome (AAC75040.1); Blastp hit to AAC75040.1 (186 aa), 67% identity in aa 11 - 183	1
AE006468	AAL20180.1	putative outer membrane lipoprotein		1
AE006468	AAL20181.1	putative ABC transporter periplasmic binding protein	putative substrate-binding protein (gi|2337942)	1
AE006468	AAL20182.1	putative ABC transporter	putative transmembrane protein (gi|2337943)	1
AE006468	AAL20183.1	putative ABC transporter	putative transmembrane protein (gi|2337944)	1
AE006468	AAL20184.1	putative ATPase component of ABC-type transport system	contains duplicated ATPase domain; putative ATPase (gi|2337945)	1
AE006468	AAL20185.1	putative ATPase component of ABC-type transport system	contains duplicated ATPase domain; putative ATPase (gi|2337946)	1
AE006468	AAL20186.1	putative inner membrane protein	hypothetical protein (gi|2337947)	1
AE006468	AAL20187.1	putative cytoplasmic protein		1
AE006468	AAL20188.1	putative periplasmic protein	similar to E. coli orf, hypothetical protein (AAC75039.1); Blastp hit to AAC75039.1 (216 aa), 71% identity in aa 3 - 216	1
AE006468	AAL20189.1	aminoglycoside adenyltransferase		1
AE006468	AAL20190.1	putative response regulators	contains a CheY-like receiver domain and a HTH DNA-binding domain	1
AE006468	AAL20191.1	putative transcriptional regulator	similar to E. coli putative transcriptional regulator (AAC74246.1); Blastp hit to AAC74246.1 (243 aa), 31% identity in aa 1 - 241	1
AE006468	AAL20192.1	putative cytoplasmic protein	similar to E. coli orf, hypothetical protein (AAC74250.1); Blastp hit to AAC74250.1 (88 aa), 41% identity in aa 23 - 88	1
AE006468	AAL20193.1	putative cytoplasmic protein	hypothetical protein	1
AE006468	AAL20194.1	putative chorismate mutase		1
AE006468	AAL20195.1	putative transport protein	similar to E. coli orf, hypothetical protein (AAC74868.1); Blastp hit to AAC74868.1 (212 aa), 86% identity in aa 1 - 212	1
AE006468	AAL20196.1	putative cytoplasmic protein	similar to E. coli orf, hypothetical protein (AAC74867.1); Blastp hit to AAC74867.1 (119 aa), 83% identity in aa 1 - 119	1
AE006468	AAL20197.1	putative cytoplasmic protein	similar to E. coli orf, hypothetical protein (AAC74866.1); Blastp hit to AAC74866.1 (60 aa), 96% identity in aa 1 - 60	1
AE006468	AAL20198.1	putative nitric oxide reductase		1
AE006468	AAL20199.1	putative inner membrane protein	similar to E. coli orf, hypothetical protein (AAC74865.1); Blastp hit to AAC74865.1 (82 aa), 95% identity in aa 1 - 82	1
AE006468	AAL20200.1	putative hemolysin	similar to E. coli orf, hypothetical protein (AAC74863.1); Blastp hit to AAC74863.1 (84 aa), 63% identity in aa 1 - 84	1
AE006468	AAL20201.1	putative periplasmic protein		1
AE006468	AAL20202.1	putative cytoplasmic protein	similar to E. coli orf, hypothetical protein (AAC74862.1); Blastp hit to AAC74862.1 (122 aa), 73% identity in aa 8 - 122	1
AE006468	AAL20203.1	putative MFS family transport protein (amino acid/amine transport)	similar to E. coli putative amino acid/amine transport protein (AAC74861.1); Blastp hit to AAC74861.1 (393 aa), 81% identity in aa 1 - 392	1
AE006468	AAL20204.1	putative regulator (AraC/XylS family)	similar to E. coli putative ARAC-type regulatory protein (AAC74860.1); Blastp hit to AAC74860.1 (273 aa), 76% identity in aa 5 - 256	1
AE006468	AAL20205.2	putative inner membrane protein	similar to E. coli orf, hypothetical protein (AAC74859.1); Blastp hit to AAC74859.1 (148 aa), 94% identity in aa 1 - 130	1
AE006468	AAL20206.1	putative inner membrane protein	similar to E. coli orf, hypothetical protein (AAC74858.1); Blastp hit to AAC74858.1 (50 aa), 55% identity in aa 17 - 50	1
AE006468	AAL20207.1	putative cytoplasmic protein	similar to E. coli orf, hypothetical protein (AAC74857.1); Blastp hit to AAC74857.1 (167 aa), 87% identity in aa 1 - 165	1
AE006468	AAL20208.1	putative methyl-accepting chemotaxis protein	Diguanylate cyclase/phosphodiesterase domain 1; similar to E. coli orf, hypothetical protein (AAC74856.1); Blastp hit to AAC74856.1 (556 aa), 68% identity in aa 61 - 556	1
AE006468	AAL20209.1	putative cytoplasmic protein	similar to E. coli orf, hypothetical protein (AAC74854.1); Blastp hit to AAC74854.1 (427 aa), 94% identity in aa 1 - 423	1
AE006468	AAL20210.1	putative Ser protein kinase	similar to E. coli orf, hypothetical protein (AAC74853.1); Blastp hit to AAC74853.1 (644 aa), 98% identity in aa 1 - 644	1
AE006468	AAL20211.1	scaffolding protein for murein-synthesizing holoenzyme	similar to E. coli orf, hypothetical protein (AAC74852.1); Blastp hit to AAC74852.1 (248 aa), 83% identity in aa 1 - 248	1
AE006468	AAL20212.1	arylsulfatase regulator	similar to E. coli putative arylsulfatase regulator (AAC76803.1); Blastp hit to AAC76803.1 (411 aa), 46% identity in aa 10 - 401	1
AE006468	AAL20213.1	putative aldehyde reductase	similar to E. coli putative an aldehyde reductase (AAC74851.1); Blastp hit to AAC74851.1 (284 aa), 78% identity in aa 4 - 284	1
AE006468	AAL20214.1	putative enzyme related to aldose 1-epimerase	similar to E. coli orf, hypothetical protein (AAC74850.1); Blastp hit to AAC74850.1 (301 aa), 82% identity in aa 8 - 301	1
AE006468	AAL20215.1	glyceraldehyde-3-phosphate dehydrogenase A	glyceraldehyde 3-phosphate dehydrogenase. (SW:G3P1_SALTY)	1
AE006468	AAL20216.1	hypothetical protein	putative domain frequently associated with peptide methionine sulfoxide reductase; similar to E. coli orf, hypothetical protein (AAC74848.1); Blastp hit to AAC74848.1 (137 aa), 85% identity in aa 1 - 137	1
AE006468	AAL20217.1	putative cytoplasmic protein	similar to E. coli orf, hypothetical protein (AAC74847.1); Blastp hit to AAC74847.1 (105 aa), 87% identity in aa 16 - 105	1
AE006468	AAL20218.1	nicotinamidase/ pyrazinamidase	similar to E. coli orf, hypothetical protein (AAC74838.1); Blastp hit to AAC74838.1 (219 aa), 80% identity in aa 7 - 219	1
AE006468	AAL20219.1	cytoplasmic L-asparaginase I	similar to E. coli cytoplasmic L-asparaginase I (AAC74837.1); Blastp hit to AAC74837.1 (338 aa), 94% identity in aa 1 - 338	1
AE006468	AAL20220.1	protease IV	signal peptide peptidase; similar to E. coli protease IV, a signal peptide peptidase (AAC74836.1); Blastp hit to AAC74836.1 (618 aa), 86% identity in aa 1 - 618	1
AE006468	AAL20221.1	putative oxidoreductase	similar to E. coli orf, hypothetical protein (AAC74835.1); Blastp hit to AAC74835.1 (183 aa), 88% identity in aa 1 - 183	1
AE006468	AAL20222.1	selenophosphate synthase	similar to E. coli selenophosphate synthase, H(2)Se added to acrylyl-tRNA (AAC74834.1); Blastp hit to AAC74834.1 (347 aa), 92% identity in aa 1 - 347	1
AE006468	AAL20223.1	DNA topoisomerase III	DNA topoisomerase III (SW:TOP3_SALTY)	1
AE006468	AAL20224.1	NADP-specific glutamate dehydrogenase	NADP-specific glutamate dehydrogenase. (SW:DHE4_SALTY)	1
AE006468	AAL20225.1	putative periplasmic protein	similar to E. coli orf, hypothetical protein (AAC74830.1); Blastp hit to AAC74830.1 (90 aa), 73% identity in aa 1 - 89	1
AE006468	AAL20226.1	putative mutator MutT protein	similar to E. coli orf, hypothetical protein (AAC74829.1); Blastp hit to AAC74829.1 (135 aa), 77% identity in aa 1 - 135	1
AE006468	AAL20227.1	exonuclease III	may repair singlet oxygen induced lesions; exodeoxyribonuclease III. (SW:EX3_SALTY)	1
AE006468	AAL20228.1	succinylornithine transaminase	contains acetylornitine transaminase activity; similar to E. coli acetylornithine delta-aminotransferase (AAC74818.1); Blastp hit to AAC74818.1 (406 aa), 84% identity in aa 1 - 404	1
AE006468	AAL20229.1	arginine succinyltransferase	similar to E. coli orf, hypothetical protein (AAC74817.1); Blastp hit to AAC74817.1 (344 aa), 91% identity in aa 1 - 343	1
AE006468	AAL20230.1	succinylglutamic semialdehyde dehydrogenase	similar to E. coli putative aldehyde dehydrogenase (AAC74816.1); Blastp hit to AAC74816.1 (492 aa), 83% identity in aa 1 - 487	1
AE006468	AAL20231.1	succinylarginine dihydrolase	similar to E. coli orf, hypothetical protein (AAC74815.1); Blastp hit to AAC74815.1 (447 aa), 85% identity in aa 1 - 447	1
AE006468	AAL20232.1	succinylglutamate desuccinylase	similar to E. coli orf, hypothetical protein (AAC74814.1); Blastp hit to AAC74814.1 (322 aa), 70% identity in aa 1 - 321	1
AE006468	AAL20233.1	periplasmic protein related to spheroblast formation	similar to E. coli periplasmic protein related to spheroblast formation (AAC74813.1); Blastp hit to AAC74813.1 (161 aa), 89% identity in aa 1 - 161	1
AE006468	AAL20234.1	putative nuclease subunit of the excinuclease complex	similar to E. coli putative excinuclease subunit (AAC74811.1); Blastp hit to AAC74811.1 (295 aa), 80% identity in aa 1 - 286	1
AE006468	AAL20235.1	NAD synthetase	prefers NH3 over glutamine; similar to E. coli NAD synthetase, prefers NH3 over glutamine (AAC74810.1); Blastp hit to AAC74810.1 (275 aa), 89% identity in aa 1 - 275	1
AE006468	AAL20236.1	transcriptional activator of ntrL gene	similar to E. coli activator of ntrL gene (AAC74809.1); Blastp hit to AAC74809.1 (112 aa), 96% identity in aa 1 - 112	1
AE006468	AAL20237.1	PTS family sugar specific enzyme IIB for cellobiose, arbutin, and salicin	similar to E. coli PEP-dependent phosphotransferase enzyme IV for cellobiose, arbutin, and salicin (AAC74808.1); Blastp hit to AAC74808.1 (106 aa), 96% identity in aa 1 - 106	1
AE006468	AAL20238.1	PTS family sugar specific enzyme II for cellobiose, arbutin, and salicin	similar to E. coli PEP-dependent phosphotransferase enzyme II for cellobiose, arbutin, and salicin (AAC74807.1); Blastp hit to AAC74807.1 (452 aa), 94% identity in aa 1 - 452	1
AE006468	AAL20239.1	PTS family sugar specific enzyme III for cellobiose, arbutin, and salicin	similar to E. coli PEP-dependent phosphotransferase enzyme III for cellobiose, arbutin, and salicin (AAC74806.1); Blastp hit to AAC74806.1 (116 aa), 87% identity in aa 1 - 115	1
AE006468	AAL20240.1	transcriptional repressor of cel operon	AraC/XylS family; similar to E. coli negative transcriptional regulator of cel operon (AAC74805.1); Blastp hit to AAC74805.1 (280 aa), 85% identity in aa 1 - 280	1
AE006468	AAL20241.1	phospho-beta-glucosidase	similar to E. coli phospho-beta-glucosidase; cryptic (AAC74804.1); Blastp hit to AAC74804.1 (450 aa), 90% identity in aa 1 - 450; cellobiose-6-phosphate hydrolase	1
AE006468	AAL20242.1	putative glucosidase	similar to E. coli orf, hypothetical protein (AAC74803.1); Blastp hit to AAC74803.1 (249 aa), 76% identity in aa 1 - 249	1
AE006468	AAL20243.1	catalase	RpoS dependent; similar to E. coli catalase; hydroperoxidase HPII(III) (AAC74802.1); Blastp hit to AAC74802.1 (753 aa), 88% identity in aa 4 - 753	1
AE006468	AAL20244.1	cell division modulator	affects inhibition after overreplication of chromosome in dnaAcos mutants; similar to E. coli orf, hypothetical protein (AAC74801.1); Blastp hit to AAC74801.1 (87 aa), 82% identity in aa 8 - 87	1
AE006468	AAL20245.1	kinase-like protein	putative domain shared with transporter; similar to E. coli part of a kinase (AAC74799.1); Blastp hit to AAC74799.1 (463 aa), 96% identity in aa 1 - 462	1
AE006468	AAL20246.1	LexA regulated gene	putative SOS response; similar to E. coli orf, hypothetical protein (AAC74798.1); Blastp hit to AAC74798.1 (200 aa), 86% identity in aa 1 - 199	1
AE006468	AAL20247.1	putative enzyme	similar to E. coli putative phosphatase (AAC74797.1); Blastp hit to AAC74797.1 (222 aa), 90% identity in aa 1 - 222	1
AE006468	AAL20248.1	putative regulator	similar to E. coli orf, hypothetical protein (AAC74796.1); Blastp hit to AAC74796.1 (178 aa), 83% identity in aa 1 - 178	1
AE006468	AAL20249.1	putative cytoplasmic protein	similar to E. coli orf, hypothetical protein (AAC74795.1); Blastp hit to AAC74795.1 (286 aa), 92% identity in aa 1 - 285	1
AE006468	AAL20250.1	putative cytoplasmic protein	similar to E. coli orf, hypothetical protein (AAC74794.1); Blastp hit to AAC74794.1 (96 aa), 69% identity in aa 1 - 94	1
AE006468	AAL20251.1	6-phosphofructokinase II	similar to E. coli 6-phosphofructokinase II; suppressor of pfkA (AAC74793.1); Blastp hit to AAC74793.1 (309 aa), 92% identity in aa 1 - 308	1
AE006468	AAL20252.1	putative salt-induced outer membrane protein	similar to E. coli orf, hypothetical protein (AAC74792.1); Blastp hit to AAC74792.1 (252 aa), 88% identity in aa 1 - 252	1
AE006468	AAL20253.1	putative outer membrane protein		1
AE006468	AAL20254.1	putative inner membrane protein	hypothetical protein	1
AE006468	AAL20255.1	putative DNA/RNA non-specific endonuclease		1
AE006468	AAL20256.1	putative inner membrane protein	hypothetical protein	1
AE006468	AAL20257.1	O-antigen polymerase	O-antigen polymerase (SW:RFC_SALTY)	1
AE006468	AAL20258.1	threonine tRNA synthetase	similar to E. coli threonine tRNA synthetase (AAC74789.1); Blastp hit to AAC74789.1 (642 aa), 96% identity in aa 1 - 642	1
AE006468	AAL20259.1	protein chain initiation factor IF-3	translation initiation factor IF-3. (SW:IF3_SALTY)	1
AE006468	AAL20260.1	50S ribosomal subunit protein L35	similar to E. coli 50S ribosomal subunit protein A (AAC74787.1); Blastp hit to AAC74787.1 (65 aa), 100% identity in aa 1 - 65	1
AE006468	AAL20261.1	50S ribosomal subunit protein L20	similar to E. coli 50S ribosomal subunit protein L20, and regulator (AAC74786.1); Blastp hit to AAC74786.1 (118 aa), 100% identity in aa 1 - 118	1
AE006468	AAL20262.1	phenylalanine tRNA synthetase, alpha-subunit	similar to E. coli phenylalanine tRNA synthetase, alpha-subunit (AAC74784.1); Blastp hit to AAC74784.1 (327 aa), 97% identity in aa 1 - 327	1
AE006468	AAL20263.1	phenylalanine tRNA synthetase, beta-subunit	phenylalanyl-tRNA synthetase beta chain. (SW:SYFB_SALTY)	1
AE006468	AAL20264.1	integration host factor (IHF), alpha subunit	integration host factor alpha-subunit (IHF-alpha). (SW:IHFA_SALTY)	1
AE006468	AAL20265.1	vitamin B12 transport protein	ABC superfamily (membrane); similar to E. coli vitamin B12 transport permease protein (AAC74781.1); Blastp hit to AAC74781.1 (326 aa), 91% identity in aa 1 - 326	1
AE006468	AAL20266.1	vitamin B12 transport protein	ABC superfamily (binding protein); similar to E. coli vitamin B12 transport (AAC74780.1); Blastp hit to AAC74780.1 (183 aa), 85% identity in aa 1 - 183	1
AE006468	AAL20267.1	vitamin B12 transport protein	ABC superfamily (binding protein); similar to E. coli ATP-binding component of vitamin B12 transport system (AAC74779.1); Blastp hit to AAC74779.1 (249 aa), 80% identity in aa 1 - 247	1
AE006468	AAL20268.1	lipoprotein	similar to E. coli lipoprotein (AAC74778.1); Blastp hit to AAC74778.1 (154 aa), 86% identity in aa 1 - 154	1
AE006468	AAL20269.1	putative diguanylate cyclase/phosphodiesterase domain 1	similar to E. coli orf, hypothetical protein (AAC74777.1); Blastp hit to AAC74777.1 (237 aa), 52% identity in aa 5 - 237	1
AE006468	AAL20270.1	putative cytoplasmic protein	similar to E. coli orf, hypothetical protein (AAC74776.1); Blastp hit to AAC74776.1 (478 aa), 82% identity in aa 1 - 478	1
AE006468	AAL20271.1	putative cytoplasmic protein	similar to E. coli orf, hypothetical protein (AAC74775.1); Blastp hit to AAC74775.1 (63 aa), 60% identity in aa 1 - 63	1
AE006468	AAL20272.1	3-deoxy-D-arabinoheptulosonate-7-phosphate synthase	tryptophan repressible; similar to E. coli 3-deoxy-D-arabinoheptulosonate-7-phosphate synthase (DAHP synthetase, tryptophan repressible) (AAC74774.1); Blastp hit to AAC74774.1 (348 aa), 90% identity in aa 1 - 348	1
AE006468	AAL20273.1	putative inner membrane protein	similar to E. coli orf, hypothetical protein (AAC74773.1); Blastp hit to AAC74773.1 (277 aa), 97% identity in aa 1 - 277	1
AE006468	AAL20274.1	phosphoenolpyruvate synthase	similar to E. coli phosphoenolpyruvate synthase (AAC74772.1); Blastp hit to AAC74772.1 (792 aa), 96% identity in aa 1 - 792	1
AE006468	AAL20275.1	plant pathogenicity factor-like protein	similar to E. coli putative ligase/synthetase (AAC74771.1); Blastp hit to AAC74771.1 (566 aa), 82% identity in aa 19 - 560	1
AE006468	AAL20276.1	putative ferredoxin	similar to E. coli orf, hypothetical protein (AAC74770.1); Blastp hit to AAC74770.1 (97 aa), 80% identity in aa 1 - 97	1
AE006468	AAL20277.1	flavoprotein	similar to E. coli flavoprotein; probably electron transport (AAC74769.1); Blastp hit to AAC74769.1 (429 aa), 80% identity in aa 1 - 429	1
AE006468	AAL20278.1	putative electron transfer flavoprotein	similar to E. coli putative flavoprotein (AAC74768.1); Blastp hit to AAC74768.1 (312 aa), 72% identity in aa 1 - 312	1
AE006468	AAL20279.1	putative electron transfer flavoprotein	similar to E. coli putative transport protein (AAC74767.1); Blastp hit to AAC74767.1 (254 aa), 79% identity in aa 1 - 254	1
AE006468	AAL20280.1	putative transcription regulator, AraC family	similar to E. coli putative ARAC-type regulatory protein (AAC74766.1); Blastp hit to AAC74766.1 (303 aa), 80% identity in aa 1 - 292	1
AE006468	AAL20281.1	putative acyl-CoA dehydrogenase	similar to E. coli putative oxidoreductase (AAC74765.1); Blastp hit to AAC74765.1 (401 aa), 95% identity in aa 19 - 401	1
AE006468	AAL20282.1	putative acetyl-CoA:acetoacetyl-CoA transferase beta subunit	similar to E. coli putative enzyme (AAC74764.1); Blastp hit to AAC74764.1 (531 aa), 93% identity in aa 15 - 531	1
AE006468	AAL20283.1	3-dehydroquinate dehydratase	similar to E. coli 3-dehydroquinate dehydratase (AAC74763.1); Blastp hit to AAC74763.1 (252 aa), 80% identity in aa 1 - 252	1
AE006468	AAL20284.1	putative shikimate 5-dehydrogenase	similar to E. coli putative oxidoreductase (AAC74762.1); Blastp hit to AAC74762.1 (288 aa), 90% identity in aa 1 - 288	1
AE006468	AAL20285.1	putative MFS family transport protein	similar to E. coli putative amino acid/amine transport protein (AAC74761.1); Blastp hit to AAC74761.1 (423 aa), 85% identity in aa 3 - 412	1
AE006468	AAL20286.1	putative MFS family transport protein	similar to E. coli putative transport system permease protein (AAC74760.1); Blastp hit to AAC74760.1 (404 aa), 79% identity in aa 1 - 395	1
AE006468	AAL20287.1	putative cytoplasmic protein	similar to E. coli orf, hypothetical protein (AAC74759.1); Blastp hit to AAC74759.1 (127 aa), 59% identity in aa 10 - 127	1
AE006468	AAL20288.1	putative permease	similar to E. coli orf, hypothetical protein (AAC74758.1); Blastp hit to AAC74758.1 (370 aa), 89% identity in aa 1 - 370	1
AE006468	AAL20289.1	putative oxidase	similar to E. coli putative oxidase (AAC74757.1); Blastp hit to AAC74757.1 (1018 aa), 88% identity in aa 1 - 1017	1
AE006468	AAL20290.1	putative protein PaaI	possibly involved in aromatic compounds catabolism; similar to E. coli orf, hypothetical protein (AAC74756.1); Blastp hit to AAC74756.1 (136 aa), 88% identity in aa 1 - 136	1
AE006468	AAL20291.1	putative cytoplasmic protein	similar to E. coli orf, hypothetical protein (AAC74755.1); Blastp hit to AAC74755.1 (89 aa), 89% identity in aa 24 - 89	1
AE006468	AAL20292.1	putative Na+-dicarboxylate symporter	similar to E. coli part of a kinase (AAC74799.1); Blastp hit to AAC74799.1 (463 aa), 46% identity in aa 6 - 444	1
AE006468	AAL20293.1	putative HesB-like domain protein	similar to E. coli orf, hypothetical protein (AAC74754.1); Blastp hit to AAC74754.1 (122 aa), 84% identity in aa 1 - 122	1
AE006468	AAL20294.1	putative ABC transporter	similar to E. coli orf, hypothetical protein (AAC74753.1); Blastp hit to AAC74753.1 (508 aa), 96% identity in aa 14 - 508	1
AE006468	AAL20295.1	putative transport protein	ABC superfamily (atp_bind); similar to E. coli putative ATP-binding component of a transport system (AAC74752.1); Blastp hit to AAC74752.1 (248 aa), 92% identity in aa 1 - 248	1
AE006468	AAL20296.1	iron-sulfur component of FhuF stability protein	similar to E. coli orf, hypothetical protein (AAC74751.1); Blastp hit to AAC74751.1 (423 aa), 79% identity in aa 1 - 421	1
AE006468	AAL20297.1	selenocysteine lyase	similar to E. coli orf, hypothetical protein (AAC74750.1); Blastp hit to AAC74750.1 (406 aa), 87% identity in aa 1 - 406	1
AE006468	AAL20298.1	putative SufE protein	involved in Fe-S center assembly; similar to E. coli orf, hypothetical protein (AAC74749.1); Blastp hit to AAC74749.1 (138 aa), 87% identity in aa 1 - 138	1
AE006468	AAL20299.1	putative LysM domain protein	similar to E. coli orf, hypothetical protein (AAC74748.1); Blastp hit to AAC74748.1 (334 aa), 85% identity in aa 1 - 334	1
AE006468	AAL20300.1	putative methyl-accepting chemotaxis protein	similar to E. coli murein lipoprotein (AAC74747.1); Blastp hit to AAC74747.1 (78 aa), 88% identity in aa 2 - 71	1
AE006468	AAL20301.1	murein lipoprotein	links outer and inner membranes; similar to E. coli murein lipoprotein (AAC74747.1); Blastp hit to AAC74747.1 (78 aa), 96% identity in aa 1 - 78	1
AE006468	AAL20302.1	pyruvate kinase I	formerly F; fructose stimulated; pyruvate kinase I. (SW:KPY1_SALTY)	1
AE006468	AAL20303.1	putative amino acid permease	amino acid permease YeeF like protein (gi|1526981)	1
AE006468	AAL20304.1	putative hydrolase or acyltransferase	proline iminopeptidase like protein (gi|1526980)	1
AE006468	AAL20305.1	putative cytoplasmic protein	ORF 245 (gi|4456875)	1
AE006468	AAL20306.1	putative regulatory protein, deoR family	ORF 408 (gi|4456874)	1
AE006468	AAL20307.1	tetrathionate reductase complex, subunit A	tetrathionate reductase subunit A (TtrA) (gi|4456873)	1
AE006468	AAL20308.1	tetrathionate reductase complex, subunit C	tetrathionate reductase subunit C (TtrC) (gi|4456872)	1
AE006468	AAL20309.1	tetrathionate reductase complex, subunit B	tetrathionate reductase subunit B (TtrB) (gi|4456871)	1
AE006468	AAL20310.1	tetrathionate reductase complex: sensory transduction histidine kinase	TtrS (gi|4456870)	1
AE006468	AAL20311.1	tetrathionate reductase complex: response regulator	TtrR (gi|4456869)	1
AE006468	AAL20312.1	putative cytoplasmic protein	hypothetical 7.9 Kda protein in ssrB-ttRr intergenic region (ORF70). (SW:YDHZ_SALTY)	1
AE006468	AAL20313.1	putative inner membrane protein	ORF 319 (gi|4456867)	1
AE006468	AAL20314.1	putative regulatory proteins, merR family	ORF 242 (gi|4456866)	1
AE006468	AAL20315.1	secretion system regulator: transcriptional activator	homologous with degU/uvrY/bvgA; SsrB (gi|2765824)	1
AE006468	AAL20316.1	secretion system regulator: Sensor component	SpiR (gi|1498305)	1
AE006468	AAL20317.1	secretion system apparatus protein	SpiC (gi|1498306)	1
AE006468	AAL20318.1	secretion system apparatus protein	SpiA (gi|1498307)	1
AE006468	AAL20319.1	secretion system apparatus protein	SpiB (gi|1498308)	1
AE006468	AAL20320.1	secretion system effector	putative secretory apparatus component (gi|3377860)	1
AE006468	AAL20321.1	secretion system effector	SseA (gi|3377861)	1
AE006468	AAL20322.1	secretion system effector	putative secreted protein (gi|3377862)	1
AE006468	AAL20323.1	secretion system chaparone	putative secretion chaperone (gi|3377863)	1
AE006468	AAL20324.1	secretion system effector	SseC (gi|3377864)	1
AE006468	AAL20325.1	secretion system effector	SseD (gi|3776122)	1
AE006468	AAL20326.1	secretion system effector	SseE (gi|3377866)	1
AE006468	AAL20327.1	secretion system chaparone	SscB (gi|3377867)	1
AE006468	AAL20328.1	secretion system effector	SseF (gi|3377868)	1
AE006468	AAL20329.1	secretion system effector	SseG (gi|3377858)	1
AE006468	AAL20330.1	secretion system apparatus	SsaH (gi|2460267)	1
AE006468	AAL20331.1	secretion system apparatus	SsaH (gi|3776128)	1
AE006468	AAL20332.1	secretion system apparatus	SsaI (gi|3776129)	1
AE006468	AAL20333.1	secretion system apparatus protein	homology with the yscJ/mxiJ/prgK family of lipoproteins; secretion system apparatus lipoprotein SSAJ precursor. (SW:SSAJ_SALTY)	1
AE006468	AAL20334.1	putative cytoplasmic protein		1
AE006468	AAL20335.1	secretion system apparatus protein	secretion system apparatus protein SSAK. (SW:SSAK_SALTY)	1
AE006468	AAL20336.1	secretion system apparatus protein	secretion system apparatus protein SSAL. (SW:SSAL_SALTY)	1
AE006468	AAL20337.1	secretion system apparatus protein	secretion system apparatus protein SSAM. (SW:SSAM_SALTY)	1
AE006468	AAL20338.1	secretion system apparatus protein	homology with the LcrD family of proteins; secretion system apparatus protein SSAV. (SW:SSAV_SALTY)	1
AE006468	AAL20339.1	secretion system apparatus protein	homology with the YscN family of proteins; probable secretion system apparatus ATP synthase SSAN. (SW:SSAN_SALTY)	1
AE006468	AAL20340.1	secretion system apparatus protein	secretion system apparatus protein SSAO. (SW:SSAO_SALTY)	1
AE006468	AAL20341.1	secretion system apparatus protein	secretion system apparatus protein SSAP. (SW:SSAP_SALTY)	1
AE006468	AAL20342.1	secretion system apparatus protein	secretion system apparatus protein SSAQ. (SW:SSAQ_SALTY)	1
AE006468	AAL20343.1	secretion system apparatus protein	homology with YscR of the secretion system of Yersinia; virulence protein yscr (SW:YSCR_SALTY)	1
AE006468	AAL20344.1	secretion system apparatus	homology with YscS of the secretion system of Yersinia; secretion system apparatus protein SSAS. (SW:SSAS_SALTY)	1
AE006468	AAL20345.1	secretion system apparatus protein	homology with YscT of the secretion system of Yersinia; secretion system apparatus protein SSAT. (SW:SSAT_SALTY)	1
AE006468	AAL20346.1	secretion system apparatus protein	homology with YscU of the secretion system of Yersinia; secretion system apparatus protein SSAU. (SW:SSAU_SALTY)	1
AE006468	AAL20347.2	putative MATE family transport protein	similar to E. coli putative transport protein (AAC74735.1); Blastp hit to AAC74735.1 (457 aa), 92% identity in aa 1 - 457	1
AE006468	AAL20348.1	riboflavin synthase, alpha chain	similar to E. coli riboflavin synthase, alpha chain (AAC74734.1); Blastp hit to AAC74734.1 (213 aa), 90% identity in aa 1 - 208	1
AE006468	AAL20349.1	cyclopropane fatty acyl phospholipid synthase	similar to E. coli cyclopropane fatty acyl phospholipid synthase (AAC74733.1); Blastp hit to AAC74733.1 (382 aa), 90% identity in aa 1 - 382	1
AE006468	AAL20350.1	putative MFS family transport protein	similar to E. coli putative transport protein (AAC74732.1); Blastp hit to AAC74732.1 (403 aa), 85% identity in aa 1 - 403	1
AE006468	AAL20351.1	putative LysR family transcriptional regulator	similar to E. coli putative transcriptional regulator LYSR-type (AAC74731.1); Blastp hit to AAC74731.1 (310 aa), 90% identity in aa 1 - 310	1
AE006468	AAL20352.1	transcriptional repressor for pur regulon, glyA, glnB, prsA, speA (GalR/LacI family)	purine nucleotide synthesis repressor. (SW:PURR_SALTY)	1
AE006468	AAL20353.1	iron superoxide dismutase	similar to E. coli superoxide dismutase, iron (AAC74728.1); Blastp hit to AAC74728.1 (193 aa), 94% identity in aa 1 - 193	1
AE006468	AAL20354.1	putative cell wall-associated hydrolase	similar to E. coli putative lipoprotein (AAC74727.1); Blastp hit to AAC74727.1 (271 aa), 72% identity in aa 1 - 271	1
AE006468	AAL20355.1	putative glutaredoxin protein	similar to E. coli orf, hypothetical protein (AAC74726.1); Blastp hit to AAC74726.1 (115 aa), 97% identity in aa 1 - 115	1
AE006468	AAL20356.1	RNase T	degrades tRNA, has exonuclease and ssDNAse activity; similar to E. coli RNase T, degrades tRNA (AAC74724.1); Blastp hit to AAC74724.1 (215 aa), 90% identity in aa 1 - 209	1
AE006468	AAL20357.1	glyoxalase I	lactoylglutathione lyase. (SW:LGUL_SALTY); nickel isomerase	1
AE006468	AAL20358.1	N-ethylmaleimide reductase	similar to E. coli N-ethylmaleimide reductase (AAC74722.1); Blastp hit to AAC74722.1 (365 aa), 92% identity in aa 1 - 365	1
AE006468	AAL20359.1	putative TetR/AcrR family transcriptional repressor	similar to E. coli orf, hypothetical protein (AAC74721.1); Blastp hit to AAC74721.1 (199 aa), 83% identity in aa 1 - 197	1
AE006468	AAL20360.1	putative oxidoreductase	similar to E. coli orf, hypothetical protein (AAC74720.1); Blastp hit to AAC74720.1 (125 aa), 83% identity in aa 47 - 125	1
AE006468	AAL20361.1	putative aldo/keto reductase	similar to E. coli orf, hypothetical protein (AAC74719.1); Blastp hit to AAC74719.1 (298 aa), 89% identity in aa 1 - 298	1
AE006468	AAL20362.1	copper/zinc superoxide dismutase	similar to E. coli superoxide dismutase precursor (Cu-Zn) (AAC74718.1); Blastp hit to AAC74718.1 (173 aa), 82% identity in aa 1 - 173	1
AE006468	AAL20363.1	putative inner membrane protein	similar to E. coli orf, hypothetical protein (AAC74717.1); Blastp hit to AAC74717.1 (670 aa), 84% identity in aa 1 - 669	1
AE006468	AAL20364.1	putative multidrug resistance efflux pump	similar to E. coli putative membrane protein (AAC74716.1); Blastp hit to AAC74716.1 (299 aa), 83% identity in aa 9 - 299	1
AE006468	AAL20365.1	putative inner membrane protein	similar to E. coli orf, hypothetical protein (AAC74715.1); Blastp hit to AAC74715.1 (78 aa), 76% identity in aa 1 - 78	1
AE006468	AAL20366.2	MarR family transcriptional regulator for hemolysin	transcriptional regulator SLYA (salmolysin) (cytolysin SLYA). (SW:SLYA_SALTY)	1
AE006468	AAL20367.1	putative outer membrane lipoprotein	outer membrane lipoprotein SLYB precursor. (SW:SLYB_SALTY)	1
AE006468	AAL20368.1	putative cytoplasmic protein	similar to E. coli orf, hypothetical protein (AAC74712.1); Blastp hit to AAC74712.1 (369 aa), 84% identity in aa 1 - 369	1
AE006468	AAL20369.1	putative outer membrane lipoprotein	similar to E. coli orf, hypothetical protein (AAC74711.1); Blastp hit to AAC74711.1 (82 aa), 90% identity in aa 1 - 82	1
AE006468	AAL20370.1	pyridoxine 5'-phosphate oxidase	similar to E. coli pyridoxinephosphate oxidase (AAC74710.1); Blastp hit to AAC74710.1 (218 aa), 91% identity in aa 1 - 218	1
AE006468	AAL20371.1	tyrosine tRNA synthetase	similar to E. coli tyrosine tRNA synthetase (AAC74709.1); Blastp hit to AAC74709.1 (424 aa), 96% identity in aa 1 - 424	1
AE006468	AAL20372.1	pyridoxal kinase 2	similar to E. coli pyridoxal kinase 2 / pyridoxine kinase (AAC74708.1); Blastp hit to AAC74708.1 (287 aa), 90% identity in aa 2 - 287	1
AE006468	AAL20373.1	glutathionine S-transferase	similar to E. coli glutathionine S-transferase (AAC74707.1); Blastp hit to AAC74707.1 (201 aa), 84% identity in aa 1 - 200	1
AE006468	AAL20374.1	putative POT family peptide transport protein	similar to E. coli putative transport protein (AAC74706.1); Blastp hit to AAC74706.1 (500 aa), 90% identity in aa 1 - 498	1
AE006468	AAL20375.1	endonuclease III	similar to E. coli endonuclease III; specific for apurinic and/or apyrimidinic sites (AAC74705.1); Blastp hit to AAC74705.1 (211 aa), 95% identity in aa 1 - 211; DNA glycosylase/apyrimidinic (AP) lyase	1
AE006468	AAL20376.1	putative membrane NADH-quinone reductase protein	similar to E. coli orf, hypothetical protein (AAC74704.1); Blastp hit to AAC74704.1 (231 aa), 91% identity in aa 1 - 231	1
AE006468	AAL20377.1	putative Na+-transporting NADH:ubiquinone oxidoreductase gamma subunit	similar to E. coli orf, hypothetical protein (AAC74703.1); Blastp hit to AAC74703.1 (206 aa), 84% identity in aa 1 - 206	1
AE006468	AAL20378.1	putative oxidoreductase	similar to E. coli orf, hypothetical protein (AAC74702.1); Blastp hit to AAC74702.1 (352 aa), 87% identity in aa 1 - 352	1
AE006468	AAL20379.1	putative respiratory-chain NADH dehydrogenase	similar to E. coli putative membrane protein (AAC74701.1); Blastp hit to AAC74701.1 (740 aa), 87% identity in aa 1 - 740	1
AE006468	AAL20380.1	putative alternative beta subunit of Na+-transporting NADH:ubiquinone oxidoreductase	similar to E. coli orf, hypothetical protein (AAC74700.1); Blastp hit to AAC74700.1 (192 aa), 89% identity in aa 1 - 192	1
AE006468	AAL20381.1	putative inner membrane oxidoreductase protein	similar to E. coli orf, hypothetical protein (AAC74699.1); Blastp hit to AAC74699.1 (193 aa), 98% identity in aa 1 - 193	1
AE006468	AAL20382.1	putative inner membrane protein	similar to E. coli orf, hypothetical protein (AAC74698.1); Blastp hit to AAC74698.1 (154 aa), 82% identity in aa 9 - 154	1
AE006468	AAL20383.1	putative cytoplasmic protein	similar to E. coli orf, hypothetical protein (AAC74697.1); Blastp hit to AAC74697.1 (71 aa), 88% identity in aa 1 - 71	1
AE006468	AAL20384.2	putative oxidoreductase	similar to E. coli orf, hypothetical protein (AAC74696.1); Blastp hit to AAC74696.1 (359 aa), 91% identity in aa 11 - 359	1
AE006468	AAL20385.1	adenosine deaminase	similar to E. coli adenosine deaminase (AAC74695.1); Blastp hit to AAC74695.1 (333 aa), 90% identity in aa 1 - 331	1
AE006468	AAL20386.1	putative periplasmic protein	similar to E. coli orf, hypothetical protein (AAC74686.1); Blastp hit to AAC74686.1 (502 aa), 79% identity in aa 1 - 502	1
AE006468	AAL20387.1	mannose-6-phosphate isomerase	mannose-6-phosphate isomerase. (SW:MANA_SALTY)	1
AE006468	AAL20388.2	fumarase A	fumarate hydratase class I; aerobic isozyme; (SW:FUMA_SALTY)	1
AE006468	AAL20389.1	fumarase C	fumarate hydratase Class II; similar to E. coli fumarase C= fumarate hydratase Class II; isozyme (AAC74683.1); Blastp hit to AAC74683.1 (467 aa), 91% identity in aa 1 - 467	1
AE006468	AAL20390.1	replication termination protein	DNA replication terminus site-binding protein (TER protein). (SW:TUS_SALTY)	1
AE006468	AAL20391.1	sensory histidine kinase in two-component regulatory system with RstA	similar to E. coli sensor histidine protein kinase (RstA regulator) (AAC74681.1); Blastp hit to AAC74681.1 (433 aa), 82% identity in aa 1 - 433	1
AE006468	AAL20392.1	putative periplasmic protein		1
AE006468	AAL20393.1	outer membrane protein N	non-specific porin; similar to E. coli putative outer membrane protein (AAC74459.1); Blastp hit to AAC74459.1 (377 aa), 81% identity in aa 1 - 377	1
AE006468	AAL20394.1	response regulator in two-component regulatory system with RstB (OmpR family)	similar to E. coli response transcriptional regulatory protein (RstB sensor) (AAC74680.1); Blastp hit to AAC74680.1 (242 aa), 84% identity in aa 4 - 242	1
AE006468	AAL20395.1	putative inner membrane protein	similar to E. coli orf, hypothetical protein (AAC74679.1); Blastp hit to AAC74679.1 (111 aa), 81% identity in aa 1 - 111	1
AE006468	AAL20396.1	putative amino acid transporter	similar to E. coli putative arginine/ornithine antiporter (AAC74677.1); Blastp hit to AAC74677.1 (460 aa), 92% identity in aa 1 - 460	1
AE006468	AAL20397.1	putative periplasmic protein	similar to E. coli orf, hypothetical protein (AAC74676.1); Blastp hit to AAC74676.1 (314 aa), 90% identity in aa 1 - 314	1
AE006468	AAL20398.1	pyridine nucleotide transhydrogenase, alpha subunit	proton pump; similar to E. coli pyridine nucleotide transhydrogenase, alpha subunit (AAC74675.1); Blastp hit to AAC74675.1 (510 aa), 92% identity in aa 1 - 510	1
AE006468	AAL20399.1	pyridine nucleotide transhydrogenase, beta subunit	proton pump; similar to E. coli pyridine nucleotide transhydrogenase, beta subunit (AAC74674.1); Blastp hit to AAC74674.1 (462 aa), 95% identity in aa 1 - 462	1
AE006468	AAL20400.1	putative membrane transport protein	similar to E. coli putative transport protein (AAC74673.1); Blastp hit to AAC74673.1 (344 aa), 88% identity in aa 1 - 343	1
AE006468	AAL20401.1	putative membrane transporter of cations and cationic drugs	similar to E. coli possible chaperone (AAC74672.1); Blastp hit to AAC74672.1 (121 aa), 83% identity in aa 4 - 121	1
AE006468	AAL20402.1	putative membrane transporter of cations and cationic drugs	similar to E. coli possible chaperone (AAC74671.1); Blastp hit to AAC74671.1 (109 aa), 84% identity in aa 3 - 109	1
AE006468	AAL20403.1	putative protease	similar to E. coli orf, hypothetical protein (AAC74670.1); Blastp hit to AAC74670.1 (273 aa), 77% identity in aa 1 - 272	1
AE006468	AAL20404.1	acid shock protein	similar to E. coli acid shock protein (AAC74669.1); Blastp hit to AAC74669.1 (111 aa), 67% identity in aa 2 - 81, 46% identity in aa 30 - 111	1
AE006468	AAL20405.1	putative MFS familty transport protein	similar to E. coli putative transport protein (AAC74668.1); Blastp hit to AAC74668.1 (417 aa), 91% identity in aa 1 - 417	1
AE006468	AAL20406.1	putative LysR family transcriptional regulator	similar to E. coli putative transcriptional regulator LYSR-type (AAC74667.1); Blastp hit to AAC74667.1 (297 aa), 83% identity in aa 1 - 297	1
AE006468	AAL20407.1	transcriptional repressor of ptsG and ptsHI	global repressor of carbohydrate metabolism (pts operon) (NagC/XylR family); similar to E. coli putative NAGC-like transcriptional regulator (AAC74666.1); Blastp hit to AAC74666.1 (406 aa), 90% identity in aa 1 - 406	1
AE006468	AAL20408.1	putative dethiobiotin synthase	similar to E. coli orf, hypothetical protein (AAC74665.1); Blastp hit to AAC74665.1 (235 aa), 93% identity in aa 5 - 233	1
AE006468	AAL20409.1	putative chloride channel protein	similar to E. coli putative chloride channel (AAC74664.1); Blastp hit to AAC74664.1 (438 aa), 78% identity in aa 9 - 437	1
AE006468	AAL20410.1	ABC-type proline/glycine betaine transport system	ATPase component; similar to E. coli putative ATP-binding component of a transport system (AAC75190.1); Blastp hit to AAC75190.1 (308 aa), 41% identity in aa 1 - 297	1
AE006468	AAL20411.1	putative binding-protein-dependent transport system	inner membrane component; similar to E. coli putative transport system permease protein (AAC75189.1); Blastp hit to AAC75189.1 (243 aa), 36% identity in aa 47 - 239	1
AE006468	AAL20412.1	putative periplasmic component	ABC transport system; similar to E. coli putative transport system permease protein (AAC75192.1); Blastp hit to AAC75192.1 (305 aa), 28% identity in aa 9 - 302	1
AE006468	AAL20413.1	ABC-type transport system protein	permease components; similar to E. coli putative transport system permease protein (AAC75189.1); Blastp hit to AAC75189.1 (243 aa), 43% identity in aa 42 - 241	1
AE006468	AAL20414.1	putative component of anaerobic dehydrogenases	similar to E. coli putative oxidoreductase component (AAC74663.1); Blastp hit to AAC74663.1 (207 aa), 76% identity in aa 4 - 207	1
AE006468	AAL20415.1	putative dimethylsulfoxide reductase	similar to E. coli putative DMSO reductase anchor subunit (AAC74662.1); Blastp hit to AAC74662.1 (284 aa), 76% identity in aa 1 - 284	1
AE006468	AAL20416.1	putative dimethyl sulfoxide reductase	similar to E. coli anaerobic dimethyl sulfoxide reductase subunit B (AAC73981.1); Blastp hit to AAC73981.1 (205 aa), 96% identity in aa 1 - 205	1
AE006468	AAL20417.1	putative dimethyl sulfoxide reductase	similar to E. coli putative oxidoreductase, major subunit (AAC74660.1); Blastp hit to AAC74660.1 (808 aa), 91% identity in aa 2 - 807	1
AE006468	AAL20418.1	putative dimethyl sulfoxide reductase, chain A1	similar to E. coli putative oxidoreductase, major subunit (AAC74659.1); Blastp hit to AAC74659.1 (808 aa), 86% identity in aa 1 - 808	1
AE006468	AAL20419.1	putative outer membrane protein	similar to E. coli orf, hypothetical protein (AAC74658.1); Blastp hit to AAC74658.1 (115 aa), 71% identity in aa 14 - 115	1
AE006468	AAL20420.1	putative inner membrane lipoprotein	similar to E. coli orf, hypothetical protein (AAC74657.1); Blastp hit to AAC74657.1 (248 aa), 72% identity in aa 13 - 248	1
AE006468	AAL20421.1	spermidine N1-acetyltransferase	similar to E. coli spermidine N1-acetyltransferase (AAC74656.1); Blastp hit to AAC74656.1 (186 aa), 91% identity in aa 1 - 186	1
AE006468	AAL20422.1	putative periplasmic protein	similar to E. coli orf, hypothetical protein (AAC74655.1); Blastp hit to AAC74655.1 (113 aa), 81% identity in aa 1 - 113	1
AE006468	AAL20423.1	putative inner membrane lipoprotein	similar to E. coli orf, hypothetical protein (AAC74654.1); Blastp hit to AAC74654.1 (108 aa), 88% identity in aa 1 - 108	1
AE006468	AAL20424.1	putative dehydratase	similar to E. coli starvation sensing protein (AAC74653.1); Blastp hit to AAC74653.1 (404 aa), 94% identity in aa 1 - 404	1
AE006468	AAL20425.1	putative dehydrogenase	similar to E. coli starvation sensing protein (AAC74652.1); Blastp hit to AAC74652.1 (339 aa), 75% identity in aa 1 - 339	1
AE006468	AAL20426.1	putative transport protein	similar to E. coli putative transport protein (AAC74616.1); Blastp hit to AAC74616.1 (427 aa), 86% identity in aa 1 - 293	1
AE006468	AAL20427.1	putative mannitol dehydrogenase	similar to E. coli putative oxidoreductase (AAC74615.1); Blastp hit to AAC74615.1 (486 aa), 81% identity in aa 1 - 484	1
AE006468	AAL20428.1	putative cytoplasmic protein	similar to E. coli orf, hypothetical protein (AAC74614.1); Blastp hit to AAC74614.1 (67 aa), 79% identity in aa 1 - 67	1
AE006468	AAL20429.1	putative gntR family regulatory protein	similar to E. coli orf, hypothetical protein (AAC74613.1); Blastp hit to AAC74613.1 (228 aa), 86% identity in aa 1 - 228	1
AE006468	AAL20430.1	putative oxidoreductase	similar to E. coli putative oxidoreductase (AAC74612.1); Blastp hit to AAC74612.1 (248 aa), 88% identity in aa 1 - 247	1
AE006468	AAL20431.1	dipeptidyl carboxypeptidase II	peptidyl-dipeptidase DCP. (SW:DCP_SALTY)	1
AE006468	AAL20432.1	putative cytoplasmic protein	hypothetical protein (gi|6851081)	1
AE006468	AAL20433.1	putative competence-damaged protein	similar to E. coli orf, hypothetical protein (AAC74610.1); Blastp hit to AAC74610.1 (172 aa), 61% identity in aa 1 - 171	1
AE006468	AAL20434.1	putative periplasmic protein	similar to E. coli orf, hypothetical protein (AAC74609.1); Blastp hit to AAC74609.1 (130 aa), 79% identity in aa 1 - 130	1
AE006468	AAL20435.1	putative MFS family transport protein	similar to E. coli putative transport protein (AAC74607.1); Blastp hit to AAC74607.1 (395 aa), 76% identity in aa 1 - 395	1
AE006468	AAL20436.1	putative permease, integral membrane protein	probable cysteine metabolite efflux pump. (SW:EAMA_SALTY)	1
AE006468	AAL20437.1	multiple antibiotic resistance protein	multiple antibiotic resistance protein MARB. (SW:MARB_SALTY)	1
AE006468	AAL20438.1	AraC/XylS family transcriptional activator of defense systems	multiple antibiotic resistance protein MARA. (SW:MARA_SALTY)	1
AE006468	AAL20439.1	transcriptional repressor of marRAB operon	multiple antibiotic resistance protein MARR. (SW:MARR_SALTY)	1
AE006468	AAL20440.1	putative MarC Transporter	multiple antibiotic resistance protein MARC. (SW:MARC_SALTY)	1
AE006468	AAL20441.1	MFS family L-arabinose/isopropyl-beta-D-thiogalactopyranoside export protein	contributes to control of arabinose regulon; similar to E. coli putative resistance / regulatory protein (AAC74601.1); Blastp hit to AAC74601.1 (396 aa), 88% identity in aa 1 - 394	1
AE006468	AAL20442.1	putative LysR family transcriptional regulator	similar to E. coli putative transcriptional regulator LYSR-type (AAC74599.1); Blastp hit to AAC74599.1 (293 aa), 84% identity in aa 1 - 283	1
AE006468	AAL20443.1	putative succinate-semialdehyde dehydrogenase	similar to E. coli putative aldehyde dehydrogenase (AAC74598.1); Blastp hit to AAC74598.1 (470 aa), 81% identity in aa 9 - 470	1
AE006468	AAL20444.1	putative glutaminase	similar to E. coli putative glutaminase (AAC74597.1); Blastp hit to AAC74597.1 (308 aa), 91% identity in aa 1 - 308	1
AE006468	AAL20445.1	putative cytoplasmic protein	similar to E. coli orf, hypothetical protein (AAC74596.1); Blastp hit to AAC74596.1 (119 aa), 80% identity in aa 1 - 118	1
AE006468	AAL20446.1	putative inner membrane protein	similar to E. coli orf, hypothetical protein (AAC74593.1); Blastp hit to AAC74593.1 (321 aa), 84% identity in aa 11 - 321	1
AE006468	AAL20447.1	putative outer membrane protein		1
AE006468	AAL20448.1	putative inner membrane protein	hypothetical protein	1
AE006468	AAL20449.1	putative outer membrane protein	similar to E. coli putative outer membrane protein (AAC74459.1); Blastp hit to AAC74459.1 (377 aa), 61% identity in aa 2 - 377	1
AE006468	AAL20450.1	putative hydrogenase	similar to E. coli may modulate levels of hydrogenease-2 (AAC76027.1); Blastp hit to AAC76027.1 (113 aa), 38% identity in aa 1 - 113	1
AE006468	AAL20451.1	putative dehydrogenase protein		1
AE006468	AAL20452.1	putative hydrogenase	similar to E. coli nickel incorporation into hydrogenase-1 proteins (AAC74062.1); Blastp hit to AAC74062.1 (285 aa), 32% identity in aa 7 - 281	1
AE006468	AAL20453.1	putative hydrogenase	similar to E. coli processing of HyaA and HyaB proteins (AAC74061.1); Blastp hit to AAC74061.1 (132 aa), 36% identity in aa 17 - 115	1
AE006468	AAL20454.1	putative hydrogenase protein		1
AE006468	AAL20455.1	putative hydrogenase maturation protease	similar to E. coli processing of HyaA and HyaB proteins (AAC74060.1); Blastp hit to AAC74060.1 (195 aa), 53% identity in aa 6 - 183	1
AE006468	AAL20456.1	putative Ni/Fe-hydrogenase 1 b-type cytochrome subunit	similar to E. coli probable Ni/Fe-hydrogenase 1 b-type cytochrome subunit (AAC74059.1); Blastp hit to AAC74059.1 (235 aa), 54% identity in aa 1 - 222	1
AE006468	AAL20457.1	putative hydrogenase-1 large subunit	similar to E. coli hydrogenase-1 large subunit (AAC74058.1); Blastp hit to AAC74058.1 (597 aa), 66% identity in aa 1 - 597	1
AE006468	AAL20458.1	putative hydrogenase-1 small subunit	similar to E. coli hydrogenase-1 small subunit (AAC74057.1); Blastp hit to AAC74057.1 (372 aa), 72% identity in aa 1 - 371	1
AE006468	AAL20459.1	putative hydrolase		1
AE006468	AAL20460.1	putative gntR family regulatory protein	similar to E. coli regulator for uxu operon (AAC77280.1); Blastp hit to AAC77280.1 (257 aa), 31% identity in aa 8 - 229	1
AE006468	AAL20461.1	putative zinc-binding dehydrogenase	similar to E. coli starvation sensing protein (AAC74652.1); Blastp hit to AAC74652.1 (339 aa), 32% identity in aa 1 - 337	1
AE006468	AAL20462.1	putative transport protein	similar to E. coli putative transport protein (AAC76161.1); Blastp hit to AAC76161.1 (444 aa), 32% identity in aa 17 - 433, 23% identity in aa 108 - 270	1
AE006468	AAL20463.1	PhoPQ-regulated protein		1
AE006468	AAL20464.1	putative multidrug efflux protein	similar to E. coli putative DEOR-type transcriptional regulator (AAC73932.1); Blastp hit to AAC73932.1 (402 aa), 23% identity in aa 26 - 394	1
AE006468	AAL20465.1	putative monooxygenase	similar to E. coli 3-(3-hydroxyphenyl)propionate hydroxylase (AAC73450.1); Blastp hit to AAC73450.1 (554 aa), 29% identity in aa 15 - 353, 35% identity in aa 494 - 521	1
AE006468	AAL20466.1	putative marR-family transcriptional regulator		1
AE006468	AAL20467.1	putative S-adenosylmethionine:tRNA-ribosyltransferase-isomerase	similar to E. coli synthesis of queuine in tRNA; probably S-adenosylmethionine:tRNA ribosyltransferase-isomerase (AAC73508.1); Blastp hit to AAC73508.1 (356 aa), 28% identity in aa 23 - 343	1
AE006468	AAL20468.1	putative translation initiation inhibitor	similar to E. coli orf, hypothetical protein (AAC77205.1); Blastp hit to AAC77205.1 (131 aa), 82% identity in aa 1 - 129	1
AE006468	AAL20469.1	putative cytoplasmic protein	similar to E. coli orf, hypothetical protein (AAC74636.1); Blastp hit to AAC74636.1 (95 aa), 62% identity in aa 1 - 87	1
AE006468	AAL20470.1	putative cytoplasmic protein		1
AE006468	AAL20471.1	putative cytoplasmic protein		1
AE006468	AAL20472.1	putative coiled-coil protein		1
AE006468	AAL20473.1	putative transcriptional regulator	similar to E. coli repressor of galETK operon (AAC75876.1); Blastp hit to AAC75876.1 (343 aa), 42% identity in aa 1 - 330	1
AE006468	AAL20474.1	putative Na+/H+ antiporter	similar to E. coli transport of dicarboxylates (AAC73722.1); Blastp hit to AAC73722.1 (461 aa), 23% identity in aa 36 - 414	1
AE006468	AAL20475.1	putative aminotransferase	similar to E. coli enzyme that may degrade or block biosynthesis of endogenous mal inducer, probably aminotrasferase (AAC74694.1); Blastp hit to AAC74694.1 (390 aa), 33% identity in aa 3 - 382	1
AE006468	AAL20476.1	putative glycosyl hydrolase	similar to E. coli part of glycogen operon, a glycosyl hydrolase, debranching enzyme (AAC76456.1); Blastp hit to AAC76456.1 (657 aa), 48% identity in aa 3 - 595	1
AE006468	AAL20477.1	putative glycosyl hydrolase	similar to E. coli trehalase 6-P hydrolase (AAC77196.1); Blastp hit to AAC77196.1 (551 aa), 36% identity in aa 41 - 129, 25% identity in aa 149 - 210, 37% identity in aa 356 - 379	1
AE006468	AAL20478.1	putative alpha amylase	similar to E. coli 1,4-alpha-glucan branching enzyme (AAC76457.1); Blastp hit to AAC76457.1 (728 aa), 30% identity in aa 235 - 407, 28% identity in aa 524 - 576	1
AE006468	AAL20479.1	putative outer membrane or secreted lipoprotein		1
AE006468	AAL20480.1	putative periplasmic transport protein	similar to E. coli orf, hypothetical protein (AAC76534.1); Blastp hit to AAC76534.1 (112 aa), 43% identity in aa 5 - 110	1
AE006468	AAL20481.1	putative resistance protein	osmotically inducible; similar to E. coli osmotically inducible protein (AAC74555.1); Blastp hit to AAC74555.1 (143 aa), 92% identity in aa 1 - 143	1
AE006468	AAL20482.1	putative cytoplasmic protein	similar to E. coli orf, hypothetical protein (AAC74554.1); Blastp hit to AAC74554.1 (92 aa), 88% identity in aa 22 - 92	1
AE006468	AAL20483.1	30S ribosomal subunit protein S22	similar to E. coli 30S ribosomal subunit protein S22 (AAC74553.1); Blastp hit to AAC74553.1 (45 aa), 86% identity in aa 1 - 44	1
AE006468	AAL20484.1	NAD-linked malate dehydrogenase	similar to E. coli NAD-linked malate dehydrogenase (malic enzyme) (AAC74552.1); Blastp hit to AAC74552.1 (574 aa), 92% identity in aa 10 - 574	1
AE006468	AAL20485.1	alcohol dehydrogenase	propanol preferring; similar to E. coli alcohol dehydrogenase (AAC74551.1); Blastp hit to AAC74551.1 (346 aa), 92% identity in aa 11 - 345	1
AE006468	AAL20486.1	formate dehydrogenase-N, cytochrome B556(Fdn) gamma subunit	nitrate-inducible; similar to E. coli formate dehydrogenase-N, nitrate-inducible, cytochrome B556(Fdn) gamma subunit (AAD13440.1); Blastp hit to AAD13440.1 (217 aa), 98% identity in aa 1 - 217	1
AE006468	AAL20487.1	formate dehydrogenase-N, Fe-S beta subunit	nitrate-inducible; similar to E. coli formate dehydrogenase-N, nitrate-inducible, iron-sulfur beta subunit (AAD13439.1); Blastp hit to AAD13439.1 (294 aa), 93% identity in aa 1 - 294	1
AE006468	AAL20488.1	putative molybdopterin oxidoreductases	similar to E. coli formate dehydrogenase-N, nitrate-inducible, alpha subunit (AAD13438.1); Blastp hit to AAD13438.1 (1015 aa), 93% identity in aa 1 - 1015; contains selenocysteine tRNA suppressible codon	1
AE006468	AAL20489.1	putative permease	similar to E. coli orf, hypothetical protein (AAD13437.1); Blastp hit to AAD13437.1 (293 aa), 85% identity in aa 20 - 292	1
AE006468	AAL20490.1	new outer membrane protein	predicted bacterial porin; outer membrane porin protein PMPD. (SW:OMPD_SALTY)	1
AE006468	AAL20491.1	putative cytoplasmic protein		1
AE006468	AAL20492.1	methyl viologen resistance protein	methyl viologen resistance protein SMVA. (SW:SMVA_SALTY)	1
AE006468	AAL20493.1	putative transcriptional regulator, TetR family		1
AE006468	AAL20494.1	MFS superfamily nitrate extrusion protein	nitrite extrusion protein 2 (nitrite facilitator 2). (SW:NARU_SALTY)	1
AE006468	AAL20495.1	nitrate reductase 2, alpha subunit	similar to E. coli cryptic nitrate reductase 2, alpha subunit (AAC74550.1); Blastp hit to AAC74550.1 (1246 aa), 90% identity in aa 1 - 1246	1
AE006468	AAL20496.1	nitrate reductase 2, beta subunit	similar to E. coli cryptic nitrate reductase 2, beta subunit (AAC74549.1); Blastp hit to AAC74549.1 (514 aa), 94% identity in aa 1 - 514	1
AE006468	AAL20497.1	nitrate reductase 2, delta subunit	assembly function; similar to E. coli cryptic nitrate reductase 2, delta subunit, assembly function (AAC74548.1); Blastp hit to AAC74548.1 (231 aa), 82% identity in aa 1 - 231	1
AE006468	AAL20498.1	nitrate reductase 2, gamma subunit	similar to E. coli cryptic nitrate reductase 2, gamma subunit (AAC74547.1); Blastp hit to AAC74547.1 (226 aa), 96% identity in aa 1 - 226	1
AE006468	AAL20499.1	putative phenazine biosynthesis protein	hypothetical protein in nhoA 5'region. (SW:YDDE_SALTY)	1
AE006468	AAL20500.1	putative arylamine N-acetyltransferase	N-hydroxyarylamine O-acetyltransferase. (SW:NHOA_SALTY)	1
AE006468	AAL20501.1	putative cytoplasmic protein		1
AE006468	AAL20502.1	APC family, L-asparagine transport protein	L-asparagine permease (L-asparagine transport protein). (SW:ANSP_SALTY)	1
AE006468	AAL20503.1	putative outer membrane lipoprotein	similar to E. coli orf, hypothetical protein (AAC75872.1); Blastp hit to AAC75872.1 (72 aa), 48% identity in aa 1 - 71	1
AE006468	AAL20504.1	putative periplasmic protein	similar to E. coli putative receptor (AAC74534.1); Blastp hit to AAC74534.1 (353 aa), 89% identity in aa 1 - 353	1
AE006468	AAL20505.1	putative outer membrane receptor	similar to E. coli putative outer membrane receptor for iron transport (AAC74533.1); Blastp hit to AAC74533.1 (700 aa), 84% identity in aa 1 - 700	1
AE006468	AAL20506.1	putative gntR family regulatory protein	similar to E. coli orf, hypothetical protein (AAC74532.1); Blastp hit to AAC74532.1 (240 aa), 58% identity in aa 20 - 238	1
AE006468	AAL20507.1	putative NADP-dependent oxidoreductase	similar to E. coli putative oxidoreductase (AAC74531.1); Blastp hit to AAC74531.1 (376 aa), 85% identity in aa 28 - 375	1
AE006468	AAL20508.1	putative acyltransferase	similar to E. coli putative resistance protein (AAC74530.1); Blastp hit to AAC74530.1 (172 aa), 87% identity in aa 1 - 170	1
AE006468	AAL20509.1	putative inner membrane protein	similar to E. coli orf, hypothetical protein (AAC74529.1); Blastp hit to AAC74529.1 (149 aa), 86% identity in aa 1 - 149	1
AE006468	AAL20510.1	putative cytoplasmic protein	similar to E. coli orf, hypothetical protein (AAC74528.1); Blastp hit to AAC74528.1 (77 aa), 85% identity in aa 1 - 77	1
AE006468	AAL20511.1	ssrAB activated gene	SrfA (gi|8347258)	1
AE006468	AAL20512.1	ssrAB activated gene	SrfB (gi|8347259)	1
AE006468	AAL20513.1	ssrAB activated gene	predicted coiled-coil structure; SrfC (gi|8347260)	1
AE006468	AAL20514.1	putative inner membrane protein	similar to E. coli orf, hypothetical protein (AAC74527.1); Blastp hit to AAC74527.1 (82 aa), 72% identity in aa 4 - 82	1
AE006468	AAL20515.1	putative aldehyde dehydrogenase	similar to E. coli putative aldehyde dehydrogenase (AAC74526.1); Blastp hit to AAC74526.1 (474 aa), 83% identity in aa 1 - 474	1
AE006468	AAL20516.1	putative gntR family regulatory protein	similar to E. coli multi modular; putative transcriptional regulator; also putative ATP-binding component of a transport system (AAC74521.1); Blastp hit to AAC74521.1 (468 aa), 87% identity in aa 1 - 468	1
AE006468	AAL20517.1	Periplasmic dipeptidase	D-ala-D-ala digestion in peptidoglycan; D-alanyl-D-alanine dipeptidase PcgL precursor (gi|4585342)	1
AE006468	AAL20518.1	putative inner membrane protein		1
AE006468	AAL20519.1	putative membrane protein	homology with chitinase from Schizosaccharomyces; putative membrane protein UgtL (gi|4585341)	1
AE006468	AAL20520.1	Salmonella translocated effector: translocated by SPI-2	secreted effector SifB (gi|8927437)	1
AE006468	AAL20521.1	putative periplasmic protein	similar to E. coli orf, hypothetical protein (AAC74518.1); Blastp hit to AAC74518.1 (76 aa), 76% identity in aa 1 - 73	1
AE006468	AAL20522.1	putative collagenase	similar to E. coli putative collagenase (AAC74517.1); Blastp hit to AAC74517.1 (667 aa), 92% identity in aa 20 - 667	1
AE006468	AAL20523.1	putative oxidoreductase	similar to E. coli orf, hypothetical protein (AAC74516.1); Blastp hit to AAC74516.1 (178 aa), 72% identity in aa 1 - 177; putative repressor	1
AE006468	AAL20524.1	putative benzoate membrane transport protein	similar to E. coli putative membrane transport protein (AAC74515.1); Blastp hit to AAC74515.1 (478 aa), 76% identity in aa 88 - 469	1
AE006468	AAL20525.1	putative outer membrane lipoprotein	similar to E. coli orf, hypothetical protein (AAC74513.1); Blastp hit to AAC74513.1 (222 aa), 84% identity in aa 1 - 222	1
AE006468	AAL20526.1	putative methyltransferase	tellurite resistance; similar to E. coli tellurite resistance (AAC74512.1); Blastp hit to AAC74512.1 (197 aa), 84% identity in aa 1 - 196	1
AE006468	AAL20527.1	K+-tellurite ethidium and proflavin transport protein	TDT family; similar to E. coli tellurite resistance (AAC74511.1); Blastp hit to AAC74511.1 (330 aa), 88% identity in aa 2 - 329	1
AE006468	AAL20528.1	putative nucleoside-diphosphate-sugar pyrophosphorylases	involved in lipopolysaccharide biosynthesis; similar to E. coli orf, hypothetical protein (AAC74510.1); Blastp hit to AAC74510.1 (326 aa), 66% identity in aa 1 - 326	1
AE006468	AAL20529.1	acetyl transferase	modifies N-terminal serine of 50S ribosomal subunit protein L7/L12; similar to E. coli acetylation of N-terminal serine of 30S ribosomal subunit protein L7; acetyl transferase (AAC74509.1); Blastp hit to AAC74509.1 (179 aa), 67% identity in aa 1 - 178	1
AE006468	AAL20530.1	putative cellulase protein	similar to E. coli putative lyase/synthase (AAC77261.1); Blastp hit to AAC77261.1 (383 aa), 84% identity in aa 11 - 382	1
AE006468	AAL20531.1	putative PTS system, enzymeIIB component	similar to E. coli galactitol-specific enzyme IIB of phosphotransferase system (AAC75154.1); Blastp hit to AAC75154.1 (94 aa), 34% identity in aa 1 - 92	1
AE006468	AAL20532.1	putative PTS system enzyme IIC component	similar to E. coli putative PTS system enzyme IIC component (AAC77260.1); Blastp hit to AAC77260.1 (437 aa), 94% identity in aa 1 - 437	1
AE006468	AAL20533.1	putative nucleoside triphosphatase	similar to E. coli putative nucleoside triphosphatase (AAC77259.1); Blastp hit to AAC77259.1 (268 aa), 92% identity in aa 1 - 268	1
AE006468	AAL20534.1	putative sugar specific PTS enzyme II	similar to E. coli putative PTS system enzyme II A component (AAC77258.1); Blastp hit to AAC77258.1 (143 aa), 73% identity in aa 1 - 139	1
AE006468	AAL20535.1	putative ribulose-phosphate 3-epimerase	similar to E. coli putative epimerase (AAC77257.1); Blastp hit to AAC77257.1 (210 aa), 65% identity in aa 1 - 210	1
AE006468	AAL20536.1	putative DeoR family transcriptional repressor of sgc operon	similar to E. coli putative DEOR-type transcriptional regulator (AAC77256.1); Blastp hit to AAC77256.1 (260 aa), 89% identity in aa 1 - 255	1
AE006468	AAL20537.1	cryptic aminoglycoside resistance gene		1
AE006468	AAL20538.1	putative oxidase	similar to E. coli L-lactate dehydrogenase (AAC76629.1); Blastp hit to AAC76629.1 (396 aa), 38% identity in aa 212 - 384, 33% identity in aa 22 - 175	1
AE006468	AAL20539.1	putative periplasmic protein	similar to E. coli orf, hypothetical protein (AAC74140.1); Blastp hit to AAC74140.1 (191 aa), 33% identity in aa 1 - 190	1
AE006468	AAL20540.1	putative periplasmic glucans biosynthesis protein	similar to E. coli putative glycoprotein (AAC74506.1); Blastp hit to AAC74506.1 (551 aa), 89% identity in aa 1 - 550	1
AE006468	AAL20541.1	putative carboxylesterase		1
AE006468	AAL20542.1	putative cytoplasmic protein	similar to E. coli orf, hypothetical protein (AAC74505.1); Blastp hit to AAC74505.1 (447 aa), 87% identity in aa 1 - 447	1
AE006468	AAL20543.1	putative LysR family transcriptional regulator	similar to E. coli putative transcriptional regulator LYSR-type (AAC74504.1); Blastp hit to AAC74504.1 (354 aa), 83% identity in aa 48 - 353	1
AE006468	AAL20544.2	methyl-accepting chemotaxis protein III	ribose and galactose sensor receptor; similar to E. coli methyl-accepting chemotaxis protein III, ribose sensor receptor (AAC74503.1); Blastp hit to AAC74503.1 (546 aa), 79% identity in aa 6 - 526	1
AE006468	AAL20545.1	alcohol dehydrogenase class III	similar to E. coli alcohol dehydrogenase class III; formaldehyde dehydrogenase, glutathione-dependent (AAC73459.1); Blastp hit to AAC73459.1 (369 aa), 80% identity in aa 1 - 369	1
AE006468	AAL20546.1	putative cytoplasmic protein	similar to E. coli putative alpha helix chain (AAC73460.1); Blastp hit to AAC73460.1 (98 aa), 52% identity in aa 8 - 98	1
AE006468	AAL20547.1	putative dipicolinate reductase	hypothetical protein	1
AE006468	AAL20548.1	putative inner membrane protein		1
AE006468	AAL20549.1	Salmonella translocated effector	regulated by SPI-2; secreted effector J SseJ (gi|9931614)	1
AE006468	AAL20550.1	putative inner membrane protein		1
AE006468	AAL20551.1	putative periplasmic binding protein	similar to E. coli putative periplasmic binding transport protein (AAC74987.1); Blastp hit to AAC74987.1 (266 aa), 25% identity in aa 19 - 232	1
AE006468	AAL20552.1	putative amino acid ABC transporter permease component	similar to E. coli putative transport system permease protein (former yecC) (AAC74985.1); Blastp hit to AAC74985.1 (222 aa), 31% identity in aa 14 - 213	1
AE006468	AAL20553.1	putative ABC-type polar amino acid transport system	ATPase component; similar to E. coli putative ATP-binding component of a transport system (AAC76303.1); Blastp hit to AAC76303.1 (252 aa), 42% identity in aa 11 - 230	1
AE006468	AAL20554.1	putative ABC-type transport system probable membrane spanning protein	similar to E. coli putative transport system permease protein (former yecC) (AAC74985.1); Blastp hit to AAC74985.1 (222 aa), 34% identity in aa 10 - 216	1
AE006468	AAL20555.1	putative inner membrane protein		1
AE006468	AAL20556.1	putative SAM-dependent methyltransferase	similar to E. coli orf, hypothetical protein (AAC73663.1); Blastp hit to AAC73663.1 (143 aa), 55% identity in aa 1 - 140	1
AE006468	AAL20557.1	cytochrome b(561)	similar to E. coli cytochrome b(561) (AAC74500.1); Blastp hit to AAC74500.1 (188 aa), 84% identity in aa 13 - 187	1
AE006468	AAL20558.1	putative inner membrane protein	similar to E. coli orf, hypothetical protein (AAC74496.1); Blastp hit to AAC74496.1 (266 aa), 68% identity in aa 1 - 266	1
AE006468	AAL20559.1	ATP-dependent helicase	similar to E. coli helicase, ATP-dependent (AAC74495.1); Blastp hit to AAC74495.1 (1281 aa), 95% identity in aa 1 - 1280	1
AE006468	AAL20560.1	acyl carrier protein phosphodiesterase	similar to E. coli acyl carrier protein phosphodiesterase (AAC74494.1); Blastp hit to AAC74494.1 (201 aa), 87% identity in aa 1 - 201	1
AE006468	AAL20561.1	putative inner membrane protein		1
AE006468	AAL20562.1	putative periplasmic protein	similar to E. coli orf, hypothetical protein (AAC74465.1); Blastp hit to AAC74465.1 (110 aa), 70% identity in aa 3 - 109	1
AE006468	AAL20563.1	putative outer membrane lipoprotein	similar to E. coli orf, hypothetical protein (AAC74464.1); Blastp hit to AAC74464.1 (61 aa), 73% identity in aa 1 - 61	1
AE006468	AAL20564.1	putative periplasmic protein	similar to E. coli orf, hypothetical protein (AAC74463.1); Blastp hit to AAC74463.1 (879 aa), 78% identity in aa 1 - 878	1
AE006468	AAL20565.1	NAD-dependent fermentative D-lactate dehydrogenase	similar to E. coli fermentative D-lactate dehydrogenase, NAD-dependent (AAC74462.1); Blastp hit to AAC74462.1 (329 aa), 94% identity in aa 1 - 328	1
AE006468	AAL20566.1	heat shock protein hslJ	similar to E. coli heat shock protein hslJ (AAC74461.1); Blastp hit to AAC74461.1 (140 aa), 69% identity in aa 1 - 138	1
AE006468	AAL20567.1	putative cytoplasmic protein		1
AE006468	AAL20568.1	putative reverse transcriptase	hypothetical protein	1
AE006468	AAL20569.1	putative pyruvate-flavodoxin oxidoreductase	similar to E. coli putative oxidoreductase, Fe-S subunit (AAC74460.1); Blastp hit to AAC74460.1 (1174 aa), 92% identity in aa 1 - 1174	1
AE006468	AAL20570.1	putative universal stress protein	similar to E. coli putative filament protein (AAC74458.1); Blastp hit to AAC74458.1 (168 aa), 90% identity in aa 25 - 168	1
AE006468	AAL20571.1	putative membrane transporter of cations	similar to E. coli methylviologen resistance (AAC73644.1); Blastp hit to AAC73644.1 (110 aa), 59% identity in aa 5 - 110	1
AE006468	AAL20572.1	putative ATPase	similar to E. coli orf, hypothetical protein (AAC74426.1); Blastp hit to AAC74426.1 (311 aa), 94% identity in aa 1 - 311	1
AE006468	AAL20573.1	ATP-dependent RNA helicase	stimulated by 23S rRNA; similar to E. coli ATP-dependent RNA helicase (AAC74425.1); Blastp hit to AAC74425.1 (457 aa), 87% identity in aa 1 - 457	1
AE006468	AAL20574.1	putative Zn transport protein	similar to E. coli orf, hypothetical protein (AAC74424.1); Blastp hit to AAC74424.1 (327 aa), 92% identity in aa 1 - 327	1
AE006468	AAL20575.1	putative methyl-accepting chemotaxis protein	similar to E. coli methyl-accepting chemotaxis protein I, serine sensor receptor (AAC77311.1); Blastp hit to AAC77311.1 (551 aa), 39% identity in aa 195 - 519	1
AE006468	AAL20576.1	putative Smr domain protein	similar to E. coli orf, hypothetical protein (AAC74422.1); Blastp hit to AAC74422.1 (187 aa), 86% identity in aa 1 - 187	1
AE006468	AAL20577.1	O-6-alkylguanine-DNA	methylated-DNA--protein-cysteine methyltransferase. (SW:OGT_SALTY); cysteine-protein methyltransferase	1
AE006468	AAL20578.1	transcriptional regulator	regulates aerobic, anaerobic respiration and osmotic balance (CRP family); fumarate and nitrate reduction regulatory protein. (SW:FNR_SALTY)	1
AE006468	AAL20579.1	putative universal stress protein	similar to E. coli orf, hypothetical protein (AAC74415.1); Blastp hit to AAC74415.1 (316 aa), 95% identity in aa 1 - 315	1
AE006468	AAL20580.1	putative inner membrane protein	similar to E. coli orf, hypothetical protein (AAC74414.1); Blastp hit to AAC74414.1 (85 aa), 88% identity in aa 1 - 84	1
AE006468	AAL20581.1	putative integral membrane protein	similar to E. coli orf, hypothetical protein (AAC74412.1); Blastp hit to AAC74412.1 (343 aa), 77% identity in aa 1 - 335	1
AE006468	AAL20582.1	putative transcriptional regulator	similar to E. coli orf, hypothetical protein (AAC74516.1); Blastp hit to AAC74516.1 (178 aa), 28% identity in aa 8 - 169	1
AE006468	AAL20583.1	putative cytoplasmic protein		1
AE006468	AAL20584.1	putative thiol peroxidase	similar to E. coli thiol peroxidase (AAC74406.1); Blastp hit to AAC74406.1 (168 aa), 30% identity in aa 45 - 159	1
AE006468	AAL20585.1	putative outer membrane or exported protein		1
AE006468	AAL20586.1	invasin-like protein; intimin	homology to invasin C of Yersinia; similar to E. coli putative factor (AAC74304.1); Blastp hit to AAC74304.1 (417 aa), 30% identity in aa 38 - 403	1
AE006468	AAL20587.1	putative serine/threonine protein kinase		1
AE006468	AAL20588.1	putative bacterial regulatory helix-turn-helix protein, araC family	similar to E. coli putative ARAC-type regulatory protein (AAC73403.1); Blastp hit to AAC73403.1 (239 aa), 35% identity in aa 12 - 210	1
AE006468	AAL20589.1	putative cytoplasmic protein		1
AE006468	AAL20590.1	putative outer membrane lipoprotein	similar to E. coli orf, hypothetical protein (AAC75872.1); Blastp hit to AAC75872.1 (72 aa), 33% identity in aa 1 - 71	1
AE006468	AAL20591.1	putative AraC family bacterial regulatory helix-turn-helix protein	similar to E. coli orf, hypothetical protein (AAC77208.1); Blastp hit to AAC77208.1 (84 aa), 46% identity in aa 1 - 84	1
AE006468	AAL20592.1	putative short-chain alcohol dehydrogenase	similar to E. coli putative oxidoreductase (AAC77206.1); Blastp hit to AAC77206.1 (237 aa), 80% identity in aa 1 - 237	1
AE006468	AAL20593.1	putative aldo/keto reductase family	similar to E. coli orf, hypothetical protein (AAC76048.1); Blastp hit to AAC76048.1 (236 aa), 41% identity in aa 2 - 224	1
AE006468	AAL20594.1	putative LysR family transcriptional regulator	similar to E. coli putative transcriptional regulator LYSR-type (AAC76546.1); Blastp hit to AAC76546.1 (323 aa), 35% identity in aa 25 - 313	1
AE006468	AAL20595.1	putative 2'-hydroxyisoflavone reductase		1
AE006468	AAL20596.1	periplasmic murein tripeptide transport protein	also negative regulator of mulitple antibiotic resistance; similar to E. coli putative transport periplasmic protein (AAC74411.1); Blastp hit to AAC74411.1 (544 aa), 92% identity in aa 8 - 544	1
AE006468	AAL20597.1	putative carboxypeptidase	similar to E. coli putative carboxypeptidase (AAC74408.1); Blastp hit to AAC74408.1 (262 aa), 90% identity in aa 21 - 262	1
AE006468	AAL20598.1	putative chloromuconate cycloisomerase	similar to E. coli putative muconate cycloisomerase I (AAC74407.1); Blastp hit to AAC74407.1 (335 aa), 85% identity in aa 15 - 335	1
AE006468	AAL20599.1	thiol peroxidase	similar to E. coli thiol peroxidase (AAC74406.1); Blastp hit to AAC74406.1 (168 aa), 88% identity in aa 1 - 168	1
AE006468	AAL20600.1	transcriptional regulator of aromatic amino acid biosynthesis genes (aroF, aroG, tyrA) and aromatic amino acid transport	contains intrinsic ATPase and phosphatase activity (EBP family); transcriptional regulatory protein TYRR. (SW:TYRR_SALTY)	1
AE006468	AAL20601.1	putative inner membrane protein	similar to E. coli orf, hypothetical protein (AAC74404.1); Blastp hit to AAC74404.1 (353 aa), 88% identity in aa 1 - 353	1
AE006468	AAL20602.1	putative ATPase	similar to E. coli putative EC 2.1 enzymes (AAC74403.1); Blastp hit to AAC74403.1 (465 aa), 93% identity in aa 1 - 465	1
AE006468	AAL20603.1	phage shock protein	similar to E. coli phage shock protein (AAC74390.1); Blastp hit to AAC74390.1 (104 aa), 66% identity in aa 1 - 103	1
AE006468	AAL20604.1	phage shock protein	similar to E. coli phage shock protein (AAC74389.1); Blastp hit to AAC74389.1 (73 aa), 87% identity in aa 1 - 72	1
AE006468	AAL20605.1	phage shock protein	regulatory gene; activates expression of psp operon with PspB; similar to E. coli phage shock protein: activates phage shock-protein expression (AAC74388.1); Blastp hit to AAC74388.1 (119 aa), 84% identity in aa 1 - 119	1
AE006468	AAL20606.1	phage shock protein	regulatory gene; activates expression of psp operon with PspC; similar to E. coli phage shock protein (AAC74387.1); Blastp hit to AAC74387.1 (74 aa), 89% identity in aa 1 - 74	1
AE006468	AAL20607.1	phage shock protein	negative regulatory gene for the psp opreon; similar to E. coli phage shock protein, inner membrane protein (AAC74386.1); Blastp hit to AAC74386.1 (222 aa), 91% identity in aa 1 - 222	1
AE006468	AAL20608.1	transcription activator	similar to E. coli psp operon transcriptional activator (AAC74385.1); Blastp hit to AAC74385.1 (330 aa), 86% identity in aa 6 - 330	1
AE006468	AAL20609.1	ABC superfamily peptide transport protein	periplasm; peptide transport periplasmic protein SAPA precursor. (SW:SAPA_SALTY)	1
AE006468	AAL20610.1	ABC superfamily peptide transport protein	membrane; peptide transport system permease protein SAPB. (SW:SAPB_SALTY)	1
AE006468	AAL20611.1	ABC superfamily peptide transport protein	membrane; peptide transport system permease protein SAPC. (SW:SAPC_SALTY)	1
AE006468	AAL20612.1	ABC superfamily peptide transport protein	atp-binding; peptide transport system atp-binding protein SAPD. (SW:SAPD_SALTY)	1
AE006468	AAL20613.1	ABC superfamily peptide transport protein	atp-binding; peptide transport system atp-binding protein SAPF. (SW:SAPF_SALTY)	1
AE006468	AAL20614.1	putative diguanylate cyclase/phosphodiesterase domain 2	similar to E. coli orf, hypothetical protein (AAC74777.1); Blastp hit to AAC74777.1 (237 aa), 29% identity in aa 17 - 189	1
AE006468	AAL20615.1	putative inner membrane protein		1
AE006468	AAL20616.1	putative e6 protein		1
AE006468	AAL20617.1	putative cytoplasmic protein	hypothetical 10.4 Kda protein in fabI/envM 5'region. (SW:YCJE_SALTY)	1
AE006468	AAL20618.1	enoyl-[acyl-carrier-protein] reductase (NADH)	enoyl-[acyl-carrier-protein] reductase [NADH]. (SW:FABI_SALTY)	1
AE006468	AAL20619.1	putative cytoplasmic protein	similar to E. coli putative oxidoreductase (AAC74369.1); Blastp hit to AAC74369.1 (401 aa), 51% identity in aa 27 - 350	1
AE006468	AAL20620.1	RNase II	mRNA degradation; similar to E. coli RNase II, mRNA degradation (AAC74368.1); Blastp hit to AAC74368.1 (644 aa), 90% identity in aa 1 - 644	1
AE006468	AAL20621.1	putative PAS/PAC domain protein	diguanylate cyclase/phosphodiesterase domain 1; Diguanylate cyclase/phosphodiesterase domain 2; similar to E. coli orf, hypothetical protein (AAC74367.1); Blastp hit to AAC74367.1 (661 aa), 79% identity in aa 1 - 657	1
AE006468	AAL20622.1	putative deoR family regulatory protein	similar to E. coli putative DEOR-type transcriptional regulator (AAC74366.1); Blastp hit to AAC74366.1 (249 aa), 82% identity in aa 1 - 247	1
AE006468	AAL20623.1	osmotically inducible lipoprotein	osmotically inducible lipoprotein B. (SW:OSMB_SALTY)	1
AE006468	AAL20624.1	putative translation initiation factor SUI1	protein YCIH. (SW:YCIH_SALTY)	1
AE006468	AAL20625.1	orotidine-5'-phosphate decarboxylase	orotidine 5'-phosphate decarboxylase. (SW:DCOP_SALTY)	1
AE006468	AAL20626.1	putative N-acetylglucosaminyl transferase	similar to E. coli putative heat shock protein (AAC74362.1); Blastp hit to AAC74362.1 (389 aa), 93% identity in aa 1 - 388	1
AE006468	AAL20627.1	putative inner membrane protein	similar to E. coli orf, hypothetical protein (AAC74361.1); Blastp hit to AAC74361.1 (102 aa), 92% identity in aa 1 - 102	1
AE006468	AAL20628.1	phosphatidylglycerophosphate phosphatase B	similar to E. coli non-essential phosphatidylglycerophosphate phosphatase, membrane bound (AAC74360.1); Blastp hit to AAC74360.1 (254 aa), 82% identity in aa 1 - 254	1
AE006468	AAL20629.1	GTP cyclohydrolase II	similar to E. coli GTP cyclohydrolase II (AAC74359.1); Blastp hit to AAC74359.1 (196 aa), 95% identity in aa 1 - 196	1
AE006468	AAL20630.1	aconitate hydratase 1	similar to E. coli aconitate hydrase 1 (AAC74358.1); Blastp hit to AAC74358.1 (891 aa), 92% identity in aa 1 - 890	1
AE006468	AAL20631.1	transcriptional regulator for cysteine regulon	LysR family; cys regulon transcriptional activator. (SW:CYSB_SALTY)	1
AE006468	AAL20632.1	DNA topoisomerase type I, omega protein	similar to E. coli DNA topoisomerase type I, omega protein (AAC74356.1); Blastp hit to AAC74356.1 (865 aa), 96% identity in aa 1 - 865	1
AE006468	AAL20633.1	putative cytoplasmic protein	similar to E. coli orf, hypothetical protein (AAC74355.1); Blastp hit to AAC74355.1 (83 aa), 92% identity in aa 1 - 83	1
AE006468	AAL20634.1	putative peptidase	similar to E. coli putative protease (AAC74354.1); Blastp hit to AAC74354.1 (349 aa), 87% identity in aa 1 - 349	1
AE006468	AAL20635.1	putative oxoacyl-(acyl carrier protein) reductase	similar to E. coli putative oxidoreductase (AAC74353.1); Blastp hit to AAC74353.1 (252 aa), 88% identity in aa 1 - 252	1
AE006468	AAL20636.1	cob(I)alamin and cobinamide adenolsyltransferase	cob(I)alamin adenosyltransferase. (SW:BTUR_SALTY)	1
AE006468	AAL20637.1	putative ribosomal large subunit pseudouridine synthase	similar to E. coli orf, hypothetical protein (AAC74351.1); Blastp hit to AAC74351.1 (291 aa), 97% identity in aa 1 - 291	1
AE006468	AAL20638.1	putative translation factor	similar to E. coli orf, hypothetical protein (AAC74349.1); Blastp hit to AAC74349.1 (218 aa), 93% identity in aa 13 - 218	1
AE006468	AAL20639.1	trpR controlled transcriptional unit in the 5' upstream region of the trp operon	TRPH protein. (SW:TRPH_SALTY)	1
AE006468	AAL20640.1	trp operon leader peptide	trp operon leader peptide. (SW:LPW_SALTY)	1
AE006468	AAL20641.1	anthranilate synthase, component I	anthranilate synthase component I. (SW:TRPE_SALTY)	1
AE006468	AAL20642.1	anthranilate synthase, component II	bifunctional: glutamine amidotransferase and phosphoribosylanthranilate transferase; anthranilate synthase component II ]. (SW:TRPG_SALTY)	1
AE006468	AAL20643.1	N-(5-phosphoribosyl)anthranilate isomerase	bifunctional; tryptophan biosynthesis protein TRPCF [includes: indole-3-glycerolphosphate synthase ]. (SW:TRPC_SALTY); indole-3-glycerolphosphate synthetase	1
AE006468	AAL20644.1	tryptophan synthase, beta protein	tryptophan synthase beta chain. (SW:TRPB_SALTY)	1
AE006468	AAL20645.1	tryptophan synthase, alpha protein	tryptophan synthase alpha chain. (SW:TRPA_SALTY)	1
AE006468	AAL20646.1	putative cytoplasmic protein	similar to E. coli orf, hypothetical protein (AAC74341.1); Blastp hit to AAC74341.1 (78 aa), 88% identity in aa 20 - 78	1
AE006468	AAL20647.1	putative cytoplasmic protein	similar to E. coli putative structural proteins (AAC74340.1); Blastp hit to AAC74340.1 (166 aa), 86% identity in aa 1 - 166	1
AE006468	AAL20648.1	putative cytoplasmic protein	similar to E. coli orf, hypothetical protein (AAC74339.1); Blastp hit to AAC74339.1 (168 aa), 85% identity in aa 1 - 168	1
AE006468	AAL20649.1	putative catalase	putative catalase (gi|7162108)	1
AE006468	AAL20650.1	outer membrane protein W	colicin S4 receptor; putative transporter; similar to E. coli putative outer membrane protein (AAC74338.1); Blastp hit to AAC74338.1 (212 aa), 88% identity in aa 1 - 212	1
AE006468	AAL20651.1	putative ferredoxin	similar to E. coli putative ferredoxin (AAC73391.1); Blastp hit to AAC73391.1 (109 aa), 74% identity in aa 1 - 109	1
AE006468	AAL20652.1	putative inner membrane protein	similar to E. coli orf, hypothetical protein (AAC74337.1); Blastp hit to AAC74337.1 (247 aa), 87% identity in aa 1 - 247	1
AE006468	AAL20653.1	putative intracellular septation protein	similar to E. coli orf, hypothetical protein (AAC74336.1); Blastp hit to AAC74336.1 (179 aa), 93% identity in aa 1 - 179	1
AE006468	AAL20654.1	putative Acyl-CoA hydrolase	putative acyl-coA thioester hydrolase YCIA. (SW:YCIA_SALTY)	1
AE006468	AAL20655.1	TonB	energy transducer; uptake of iron, cyanocobalimin; sensitivity to phages, colicins; TONB protein. (SW:TONB_SALTY)	1
AE006468	AAL20656.1	putative cytoplasmic protein	similar to E. coli orf, hypothetical protein (AAC74333.1); Blastp hit to AAC74333.1 (130 aa), 91% identity in aa 33 - 130	1
AE006468	AAL20657.1	cardiolipin synthase	similar to E. coli cardiolipin synthase, a major membrane phospholipid; novobiocin sensitivity (AAC74331.1); Blastp hit to AAC74331.1 (486 aa), 94% identity in aa 1 - 486	1
AE006468	AAL20658.1	putative cytoplasmic protein	similar to E. coli orf, hypothetical protein (AAC74330.1); Blastp hit to AAC74330.1 (135 aa), 92% identity in aa 27 - 135	1
AE006468	AAL20659.1	putative voltage-gated potassium channel		1
AE006468	AAL20660.1	oligopeptide transport protein	ABC superfamily (atp-binding); oligopeptide transport ATP-binding protein) OPPF. (SW:OPPF_SALTY)	1
AE006468	AAL20661.1	oligopeptide transport protein	ABC superfamily (atp-binding); oligopeptide transport ATP-binding protein OPPD. (SW:OPPD_SALTY)	1
AE006468	AAL20662.1	oligopeptide transport protein	ABC superfamily (membrane); oligopeptide transport system permease protein OPPC. (SW:OPPC_SALTY)	1
AE006468	AAL20663.1	oligopeptide transport protein	ABC superfamily (membrane); oligopeptide transport system permease protein OPPB. (SW:OPPB_SALTY)	1
AE006468	AAL20664.1	oligopeptide transport protein with chaperone properties	ABC superfamily (periplasm); periplasmic oligopeptide-binding protein precursor. (SW:OPPA_SALTY)	1
AE006468	AAL20665.1	putative inner membrane protein	hypothetical protein	1
AE006468	AAL20666.1	putative MarC family integral membrane protein	similar to E. coli putative channel protein (AAC74324.1); Blastp hit to AAC74324.1 (215 aa), 93% identity in aa 1 - 215	1
AE006468	AAL20667.1	iron-dependent alcohol dehydrogenase of the multifunctional alcohol dehydrogenase AdhE	similar to E. coli CoA-linked acetaldehyde dehydrogenase and iron-dependent alcohol dehydrogenase; pyruvate-formate-lyase deactivase (AAC74323.1); Blastp hit to AAC74323.1 (891 aa), 97% identity in aa 1 - 891	1
AE006468	AAL20668.1	thymidine kinase	similar to E. coli thymidine kinase (AAC74320.1); Blastp hit to AAC74320.1 (205 aa), 92% identity in aa 1 - 204	1
AE006468	AAL20669.1	DNA-binding protein HLP-II	HU; BH2; H;, NS; pleiotropic regulator; DNA-binding protein H-NS (histone-like protein HLP-II) (protein H1)(protein B1). (SW:HNS_SALTY)	1
AE006468	AAL20670.1	glucose-1-phosphate uridylyltransferase	similar to E. coli glucose-1-phosphate uridylyltransferase (AAC74318.1); Blastp hit to AAC74318.1 (302 aa), 97% identity in aa 1 - 302	1
AE006468	AAL20671.1	Response regulator in protein turnover	mouse virulence protein; similar to E. coli Hnr protein (AAC74317.1); Blastp hit to AAC74317.1 (337 aa), 90% identity in aa 1 - 337	1
AE006468	AAL20672.1	putative phosphoesterase	similar to E. coli orf, hypothetical protein (AAC74316.1); Blastp hit to AAC74316.1 (314 aa), 83% identity in aa 14 - 314	1
AE006468	AAL20673.1	putative cytoplasmic protein	similar to E. coli orf, hypothetical protein (AAC74315.1); Blastp hit to AAC74315.1 (152 aa), 78% identity in aa 1 - 152	1
AE006468	AAL20674.1	formyltetrahydrofolate hydrolase	similar to E. coli formyltetrahydrofolate deformylase; for purT-dependent FGAR synthesis (AAC74314.1); Blastp hit to AAC74314.1 (280 aa), 96% identity in aa 1 - 280	1
AE006468	AAL20675.1	putative TPR repeat protein	similar to E. coli orf, hypothetical protein (AAC73745.1); Blastp hit to AAC73745.1 (327 aa), 31% identity in aa 16 - 305, 33% identity in aa 29 - 273, 32% identity in aa 19 - 307, 33% identity in aa 47 - 320, 30-1073758628dentity in aa 22 - 312, 29% identity in aa 15 - 312, 34-1073758654dentity in aa 12 - 166	1
AE006468	AAL20676.1	nitrate reductase 1, cytochrome b(NR), gamma subunit	similar to E. coli nitrate reductase 1, cytochrome b(NR), gamma subunit (AAC74311.1); Blastp hit to AAC74311.1 (225 aa), 92% identity in aa 1 - 225	1
AE006468	AAL20677.1	nitrate reductase 1, delta subunit	chaperone required for molybdenum cofactor assembly in nitrate reductase 1; similar to E. coli nitrate reductase 1, delta subunit, assembly function (AAC74310.1); Blastp hit to AAC74310.1 (236 aa), 88% identity in aa 1 - 236	1
AE006468	AAL20678.1	nitrate reductase 1, FeS (beta) subunit	similar to E. coli nitrate reductase 1, beta subunit (AAC74309.1); Blastp hit to AAC74309.1 (512 aa), 92% identity in aa 1 - 511	1
AE006468	AAL20679.1	nitrate reductase 1, alpha subunit	similar to E. coli nitrate reductase 1, alpha subunit (AAC74308.1); Blastp hit to AAC74308.1 (1247 aa), 95% identity in aa 1 - 1247	1
AE006468	AAL20680.1	MFS superfamily nitrite extrusion protein	similar to E. coli nitrite extrusion protein (AAC74307.1); Blastp hit to AAC74307.1 (463 aa), 94% identity in aa 1 - 462	1
AE006468	AAL20681.1	sensory histidine kinase in two component regulatory system with NarL	senses nitrate/nitrite; regulates anaerobic respiration and fermentation; similar to E. coli nitrate/nitrate sensor, histidine protein kinase acts on NarL regulator (AAC74306.1); Blastp hit to AAC74306.1 (598 aa), 86% identity in aa 1 - 598	1
AE006468	AAL20682.1	response regulator in two-component regulatory system with NarX (or NarQ)	regulates anaerobic respiration and fermentation (LuxR/UhpA family); similar to E. coli pleiotrophic regulation of anaerobic respiration: response regulator for nar, frd, dms and tor genes (AAC74305.1); Blastp hit to AAC74305.1 (216 aa), 96% identity in aa 1 - 216	1
AE006468	AAL20683.1	putative invasin	similar to E. coli putative factor (AAC74304.1); Blastp hit to AAC74304.1 (417 aa), 77% identity in aa 1 - 417	1
AE006468	AAL20684.1	putative ACR protein	involved in intracellular sulfur reduction; similar to E. coli orf, hypothetical protein (AAC74303.1); Blastp hit to AAC74303.1 (117 aa), 92% identity in aa 1 - 117	1
AE006468	AAL20685.1	cation transport regulator	similar to E. coli cation transport regulator (AAC74301.1); Blastp hit to AAC74301.1 (76 aa), 84% identity in aa 1 - 75	1
AE006468	AAL20686.1	CaCA family, sodium-calcium/proton antiporter	similar to E. coli sodium-calcium/proton antiporter (AAC74300.1); Blastp hit to AAC74300.1 (366 aa), 93% identity in aa 1 - 366	1
AE006468	AAL20687.1	3-deoxy-D-manno-octulosonic acid 8-P synthetase	similar to E. coli 2-dehydro-3-deoxyphosphooctulonate aldolase (AAC74299.1); Blastp hit to AAC74299.1 (284 aa), 93% identity in aa 1 - 282	1
AE006468	AAL20688.1	putative transcriptional regulator	similar to E. coli orf, hypothetical protein (AAC74298.1); Blastp hit to AAC74298.1 (269 aa), 85% identity in aa 1 - 269	1
AE006468	AAL20689.1	regulator of invasion genes	transcriptional regulator (gi|4887121)	1
AE006468	AAL20690.1	putative protoporphyrinogen oxidase	HEMK protein. (SW:HEMK_SALTY)	1
AE006468	AAL20691.1	peptide chain release factor RF-1	peptide chain release factor 1 (RF-1). (SW:RF1_SALTY)	1
AE006468	AAL20692.1	glutamyl tRNA reductase	glutamyl-tRNA reductase. (SW:HEM1_SALTY)	1
AE006468	AAL20693.1	outer membrane lipoprotein	outer-membrane lipoprotein LOLB precursor. (SW:LOLB_SALTY)	1
AE006468	AAL20694.1	isopentenyl monophosphate kinase	4-diphosphocytidyl-2-C-methyl-D-erythritol kinase. (SW:ISPE_SALTY)	1
AE006468	AAL20695.1	phosphoribosylpyrophosphate synthetase	ribose-phosphate pyrophosphokinase. (SW:KPRS_SALTY)	1
AE006468	AAL20696.1	putative SulP family transport protein	similar to E. coli orf, hypothetical protein (AAC74290.1); Blastp hit to AAC74290.1 (550 aa), 93% identity in aa 1 - 550	1
AE006468	AAL20697.1	putative inner membrane protein	similar to E. coli orf, hypothetical protein (AAC74289.1); Blastp hit to AAC74289.1 (92 aa), 91% identity in aa 1 - 92	1
AE006468	AAL20698.1	peptidyl-tRNA hydrolase	similar to E. coli peptidyl-tRNA hydrolase (AAC74288.1); Blastp hit to AAC74288.1 (194 aa), 91% identity in aa 1 - 194	1
AE006468	AAL20699.1	putative GTP-binding protein	similar to E. coli putative GTP-binding protein (AAC74287.1); Blastp hit to AAC74287.1 (363 aa), 95% identity in aa 1 - 363	1
AE006468	AAL20700.1	putative cytoplasmic protein		1
AE006468	AAL20701.1	hydrogenase-1 small subunit	similar to E. coli hydrogenase-1 small subunit (AAC74057.1); Blastp hit to AAC74057.1 (372 aa), 92% identity in aa 1 - 372	1
AE006468	AAL20702.1	hydrogenase-1 large subunit	similar to E. coli hydrogenase-1 large subunit (AAC74058.1); Blastp hit to AAC74058.1 (597 aa), 91% identity in aa 1 - 597	1
AE006468	AAL20703.1	putative Ni/Fe-hydrogenase 1 b-type cytochrome subunit	similar to E. coli probable Ni/Fe-hydrogenase 1 b-type cytochrome subunit (AAC74059.1); Blastp hit to AAC74059.1 (235 aa), 83% identity in aa 6 - 235	1
AE006468	AAL20704.1	putative hydrogenase maturation protease	similar to E. coli processing of HyaA and HyaB proteins (AAC74060.1); Blastp hit to AAC74060.1 (195 aa), 88% identity in aa 1 - 192	1
AE006468	AAL20705.1	putative thiol-disulfide isomerase and thioredoxin	similar to E. coli processing of HyaA and HyaB proteins (AAC74061.1); Blastp hit to AAC74061.1 (132 aa), 72% identity in aa 1 - 125	1
AE006468	AAL20706.1	putative hydrogenase-1 protein	similar to E. coli nickel incorporation into hydrogenase-1 proteins (AAC74062.1); Blastp hit to AAC74062.1 (285 aa), 75% identity in aa 1 - 279	1
AE006468	AAL20707.1	putative cytochrome oxidase, subunit I	similar to E. coli probable third cytochrome oxidase, subunit I (AAC74063.1); Blastp hit to AAC74063.1 (514 aa), 88% identity in aa 1 - 514	1
AE006468	AAL20708.1	putative cytochrome oxidase, subunit II	similar to E. coli probable third cytochrome oxidase, subunit II (AAC74064.1); Blastp hit to AAC74064.1 (378 aa), 80% identity in aa 1 - 378	1
AE006468	AAL20709.1	putative periplasmic protein		1
AE006468	AAL20710.1	putative homolog of glutamic dehydrogenase	similar to E. coli NADP-specific glutamate dehydrogenase (AAC74831.1); Blastp hit to AAC74831.1 (447 aa), 32% identity in aa 33 - 408	1
AE006468	AAL20711.1	trehalase, periplasmic	similar to E. coli trehalase, periplasmic (AAC74281.1); Blastp hit to AAC74281.1 (565 aa), 82% identity in aa 11 - 553	1
AE006468	AAL20712.1	putative transglycosylase-associated protein	similar to E. coli orf, hypothetical protein (AAC74279.1); Blastp hit to AAC74279.1 (84 aa), 91% identity in aa 1 - 83	1
AE006468	AAL20713.1	putative inner membrane protein	similar to E. coli orf, hypothetical protein (AAC74278.1); Blastp hit to AAC74278.1 (244 aa), 72% identity in aa 1 - 244	1
AE006468	AAL20714.1	membrane-bound lytic murein transglycosylase E	similar to E. coli murein transglycosylase E (AAC74277.1); Blastp hit to AAC74277.1 (241 aa), 90% identity in aa 39 - 241	1
AE006468	AAL20715.1	putative resistance protein MccF	homologs of microcin C7; similar to E. coli orf, hypothetical protein (AAC74276.1); Blastp hit to AAC74276.1 (304 aa), 79% identity in aa 1 - 304	1
AE006468	AAL20716.1	putative CPA1 family Na:H transport protein	similar to E. coli orf, hypothetical protein (AAC74275.1); Blastp hit to AAC74275.1 (536 aa), 92% identity in aa 1 - 535	1
AE006468	AAL20717.1	alanine racemase 2	catabolic; alanine racemase, catabolic. (SW:ALR2_SALTY)	1
AE006468	AAL20718.1	D-amino acid dehydrogenase subunit	similar to E. coli D-amino acid dehydrogenase subunit (AAC74273.1); Blastp hit to AAC74273.1 (432 aa), 90% identity in aa 1 - 432	1
AE006468	AAL20719.1	putative cytoplasmic protein	similar to E. coli putative sporulation protein (AAC74272.1); Blastp hit to AAC74272.1 (510 aa), 96% identity in aa 1 - 510	1
AE006468	AAL20720.1	negative regulator of fad regulon	GntR family; similar to E. coli negative regulator for fad regulon, and positive activator of fabA (AAC74271.1); Blastp hit to AAC74271.1 (239 aa), 97% identity in aa 1 - 239	1
AE006468	AAL20721.1	NhaB family of transport protein	Na+/H+ antiporter; regulator of intracellular pH; similar to E. coli Na+/H+ antiporter, pH independent (AAC74270.1); Blastp hit to AAC74270.1 (513 aa), 92% identity in aa 1 - 513	1
AE006468	AAL20722.1	putative disulfide oxidoreductase	reoxidizes DsbA protein; similar to E. coli reoxidizes DsbA protein following formation of disulfide bond in P-ring of flagella. (AAC74269.1); Blastp hit to AAC74269.1 (176 aa), 85% identity in aa 1 - 176	1
AE006468	AAL20723.1	putative cytoplasmic protein	similar to E. coli orf, hypothetical protein (AAC74867.1); Blastp hit to AAC74867.1 (119 aa), 42% identity in aa 2 - 113	1
AE006468	AAL20724.1	putative cytoplasmic protein	similar to E. coli orf, hypothetical protein (AAC74623.1); Blastp hit to AAC74623.1 (58 aa), 56% identity in aa 2 - 58	1
AE006468	AAL20725.1	putative cytoplasmic protein	hypothetical protein	1
AE006468	AAL20726.1	putative cytoplasmic protein	similar to E. coli orf, hypothetical protein (AAC74265.1); Blastp hit to AAC74265.1 (158 aa), 92% identity in aa 6 - 158	1
AE006468	AAL20727.1	putative fumarylacetoacetate (FAA) hydrolase family protein	similar to E. coli putative isomerase (AAC74264.1); Blastp hit to AAC74264.1 (219 aa), 84% identity in aa 1 - 219	1
AE006468	AAL20728.1	putative cytoplasmic protein	similar to E. coli orf, hypothetical protein (AAC74263.1); Blastp hit to AAC74263.1 (108 aa), 84% identity in aa 6 - 108	1
AE006468	AAL20729.1	cell division inhibitor	activated MinC inhibits FtsZ ring formation; similar to E. coli cell division inhibitor, inhibits ftsZ ring formation (AAC74260.1); Blastp hit to AAC74260.1 (231 aa), 84% identity in aa 1 - 231	1
AE006468	AAL20730.1	cell division inhibitor	a membrane ATPase, activates MinC, directs division apparatus to middle of cell by oscillating from one half to other; similar to E. coli cell division inhibitor, a membrane ATPase, activates minC (AAC74259.1); Blastp hit to AAC74259.1 (270 aa), 97% identity in aa 1 - 270	1
AE006468	AAL20731.1	cell division topological specificity factor	reverses MinC inhibition of FtsZ ring formation; similar to E. coli cell division topological specificity factor, reverses MinC inhibition of ftsZ ring formation (AAC74258.1); Blastp hit to AAC74258.1 (88 aa), 97% identity in aa 1 - 88	1
AE006468	AAL20732.1	RNase D	processes tRNA precursor; similar to E. coli RNase D, processes tRNA precursor (AAC74874.1); Blastp hit to AAC74874.1 (375 aa), 86% identity in aa 1 - 374	1
AE006468	AAL20733.1	acyl-CoA synthetase	long-chain-fatty-acid--CoA ligase; similar to E. coli acyl-CoA synthetase, long-chain-fatty-acid--CoA ligase (AAC74875.1); Blastp hit to AAC74875.1 (561 aa), 93% identity in aa 1 - 561	1
AE006468	AAL20734.1	putative outer membrane protein	similar to E. coli putative outer membrane protein (AAC74876.1); Blastp hit to AAC74876.1 (193 aa), 90% identity in aa 1 - 193	1
AE006468	AAL20735.1	putative molecular chaperone	similar to E. coli orf, hypothetical protein (AAC74877.1); Blastp hit to AAC74877.1 (231 aa), 85% identity in aa 1 - 231	1
AE006468	AAL20736.1	putative DNA helicase	similar to E. coli putative enzyme (AAC74878.1); Blastp hit to AAC74878.1 (636 aa), 95% identity in aa 1 - 635	1
AE006468	AAL20737.1	putative translation initiation inhibitor	similar to E. coli orf, hypothetical protein (AAC74879.1); Blastp hit to AAC74879.1 (130 aa), 92% identity in aa 17 - 130	1
AE006468	AAL20738.1	putative cytoplasmic protein	hypothetical protein in fadD-pabB intergenic region. (SW:YOAH_SALTY)	1
AE006468	AAL20739.1	p-aminobenzoate synthetase, component I	para-aminobenzoate synthase component I. (SW:PABB_SALTY)	1
AE006468	AAL20740.1	putative NTP pyrophosphohydrolase	hypothetical protein in pabB-sdaA intergenic region. (SW:YEAB_SALTY)	1
AE006468	AAL20741.1	L-serine deaminase I/L-threonine deaminase I	similar to E. coli L-serine deaminase (AAC74884.1); Blastp hit to AAC74884.1 (454 aa), 94% identity in aa 1 - 454	1
AE006468	AAL20742.1	putative diguanylate cyclase/phosphodiesterase	similar to E. coli orf, hypothetical protein (AAC74885.1); Blastp hit to AAC74885.1 (542 aa), 75% identity in aa 5 - 540	1
AE006468	AAL20743.2	putative inner membrane protein	similar to E. coli putative transport protein (AAC74886.1); Blastp hit to AAC74886.1 (518 aa), 90% identity in aa 1 - 518	1
AE006468	AAL20744.1	putative cytoplasmic protein		1
AE006468	AAL20745.1	mannose-specific enzyme IIAB	Sugar Specific PTS family; similar to E. coli PTS enzyme IIAB, mannose-specific (AAC74887.1); Blastp hit to AAC74887.1 (323 aa), 95% identity in aa 1 - 323	1
AE006468	AAL20746.1	mannose-specific enzyme IIC	Sugar Specific PTS family; similar to E. coli PTS enzyme IIC, mannose-specific (AAC74888.1); Blastp hit to AAC74888.1 (266 aa), 94% identity in aa 1 - 266	1
AE006468	AAL20747.1	mannose-specific enzyme IID	Sugar Specific PTS family; similar to E. coli PTS enzyme IID, mannose-specific (AAC74889.1); Blastp hit to AAC74889.1 (286 aa), 92% identity in aa 1 - 285	1
AE006468	AAL20748.1	putative inner membrane protein	similar to E. coli orf, hypothetical protein (AAC74890.1); Blastp hit to AAC74890.1 (152 aa), 88% identity in aa 1 - 152	1
AE006468	AAL20749.1	putative YebN family transport protein	similar to E. coli orf, hypothetical protein (AAC74891.1); Blastp hit to AAC74891.1 (206 aa), 90% identity in aa 1 - 206	1
AE006468	AAL20750.1	23S rRNA m1G745 methyltransferase	similar to E. coli putative enzyme (AAC74892.1); Blastp hit to AAC74892.1 (269 aa), 80% identity in aa 1 - 268	1
AE006468	AAL20751.1	putative penicillin-binding protein-3	similar to E. coli septum formation; penicillin-binding protein 3; peptidoglycan synthetase (AAC73195.1); Blastp hit to AAC73195.1 (588 aa), 63% identity in aa 9 - 581	1
AE006468	AAL20752.1	cold shock protein	multicopy suppresses mukB mutants, putative regulator; cold shock-like protein CSPC. (SW:CSPC_SALTY)	1
AE006468	AAL20753.1	putative cytoplasmic protein	similar to E. coli orf, hypothetical protein (AAC74894.1); Blastp hit to AAC74894.1 (47 aa), 93% identity in aa 1 - 47	1
AE006468	AAL20754.1	putative periplasmic or exported protein	similar to E. coli orf, hypothetical protein (AAC74895.1); Blastp hit to AAC74895.1 (95 aa), 73% identity in aa 1 - 95	1
AE006468	AAL20755.1	putative inner membrane protein	similar to E. coli orf, hypothetical protein (AAC74896.1); Blastp hit to AAC74896.1 (47 aa), 85% identity in aa 1 - 47	1
AE006468	AAL20756.1	putative outer membrane or exported		1
AE006468	AAL20757.1	putative IclR family transcriptional repressor	similar to E. coli putative regulator (AAC74897.1); Blastp hit to AAC74897.1 (263 aa), 96% identity in aa 1 - 263	1
AE006468	AAL20758.1	putative transport protein	similar to E. coli putative transport protein (AAC74898.1); Blastp hit to AAC74898.1 (494 aa), 90% identity in aa 38 - 494	1
AE006468	AAL20759.1	heat shock protein	integral membrane protein; similar to E. coli heat shock protein, integral membrane protein (AAC74899.1); Blastp hit to AAC74899.1 (293 aa), 96% identity in aa 1 - 293	1
AE006468	AAL20760.1	carboxy-terminal protease for penicillin-binding protein 3	tail-specific protease. (SW:PRC_SALTY)	1
AE006468	AAL20761.1	activator of proP	similar to E. coli orf, hypothetical protein (AAC74901.1); Blastp hit to AAC74901.1 (39 aa), 94% identity in aa 1 - 39	1
AE006468	AAL20762.1	putative GAF domain-containing protein	similar to E. coli orf, hypothetical protein (AAC74902.1); Blastp hit to AAC74902.1 (183 aa), 83% identity in aa 11 - 183	1
AE006468	AAL20763.1	putative inner membrane protein	similar to E. coli orf, hypothetical protein (AAC74903.1); Blastp hit to AAC74903.1 (427 aa), 85% identity in aa 1 - 427	1
AE006468	AAL20764.1	putative inner membrane protein	similar to E. coli orf, hypothetical protein (AAC74904.1); Blastp hit to AAC74904.1 (879 aa), 90% identity in aa 1 - 879	1
AE006468	AAL20765.1	putative rRNA methyltransferase	similar to E. coli putative nucleolar proteins (AAC74905.1); Blastp hit to AAC74905.1 (481 aa), 85% identity in aa 3 - 481	1
AE006468	AAL20766.1	putative cytoplasmic protein	similar to E. coli orf, hypothetical protein (AAC74906.1); Blastp hit to AAC74906.1 (83 aa), 88% identity in aa 6 - 83	1
AE006468	AAL20767.1	putative inner membrane lipoprotein	similar to E. coli orf, hypothetical protein (AAC74907.1); Blastp hit to AAC74907.1 (91 aa), 87% identity in aa 29 - 91	1
AE006468	AAL20768.1	serine/threonine protein phosphatase	similar to E. coli protein phosphatase 1 modulates phosphoproteins, signals protein misfolding (AAC74908.1); Blastp hit to AAC74908.1 (219 aa), 63% identity in aa 2 - 219	1
AE006468	AAL20769.1	putative inner membrane protein	hypothetical protein	1
AE006468	AAL20770.1	TypeIII-secreted protein effector: invasion-associated protein	SopE2 (gi|9651642)	1
AE006468	AAL20771.1	putative cytoplasmic protein	similar to E. coli orf, hypothetical protein (AAC74245.1); Blastp hit to AAC74245.1 (134 aa), 40% identity in aa 1 - 127	1
AE006468	AAL20772.1	putative acetyltransferase		1
AE006468	AAL20773.1	putative cytoplasmic protein		1
AE006468	AAL20774.1	putative cytoplasmic protein		1
AE006468	AAL20775.1	putative transposase		1
AE006468	AAL20776.1	putative cytoplasmic protein	similar to E. coli prophage e14 integrase (AAC74224.1); Blastp hit to AAC74224.1 (375 aa), 43% identity in aa 253 - 366	1
AE006468	AAL20777.1	PhoPQ-activated protein	predicted integral membrane protein; PAGO protein. (SW:PAGO_SALTY)	1
AE006468	AAL20778.1	putative inner membrane protein		1
AE006468	AAL20779.1	putative inner membrane protein		1
AE006468	AAL20780.1	putative cytoplasmic protein	similar to E. coli inversion of adjacent DNA; at locus of e14 element (AAC74242.1); Blastp hit to AAC74242.1 (184 aa), 78% identity in aa 143 - 180	1
AE006468	AAL20781.1	PhoPQ-activated protein	PagK (gi|2582047)	1
AE006468	AAL20782.1	phage-tail assembly protein-like protein	phage tail assembly protein (gi|2460256)	1
AE006468	AAL20783.1	lytic enzyme		1
AE006468	AAL20784.1	phage-tail assembly protein-like protein	similar to E. coli orf, hypothetical protein (AAC74626.1); Blastp hit to AAC74626.1 (165 aa), 67% identity in aa 6 - 163	1
AE006468	AAL20785.1	hypothetical protein		1
AE006468	AAL20786.1	recE-like protein	similar to E. coli exonuclease VIII, ds DNA exonuclease, 5' --> 3' specific (AAC74432.1); Blastp hit to AAC74432.1 (866 aa), 52% identity in aa 406 - 521, 20% identity in aa 543 - 585	1
AE006468	AAL20787.1	putative phage integrase protein	similar to E. coli prophage e14 integrase (AAC74224.1); Blastp hit to AAC74224.1 (375 aa), 39% identity in aa 78 - 366	1
AE006468	AAL20788.1	putative cytoplasmic protein	hypothetical protein	1
AE006468	AAL20789.1	putative periplasmic or exported protein	similar to E. coli orf, hypothetical protein (AAC74909.1); Blastp hit to AAC74909.1 (113 aa), 82% identity in aa 2 - 113	1
AE006468	AAL20790.1	putative inner membrane protein	similar to E. coli putative resistance protein (AAC74910.1); Blastp hit to AAC74910.1 (290 aa), 64% identity in aa 1 - 290	1
AE006468	AAL20791.1	similar Cu resistance protein CopC	similar to E. coli orf, hypothetical protein (AAC74911.1); Blastp hit to AAC74911.1 (124 aa), 74% identity in aa 1 - 124	1
AE006468	AAL20792.1	DNA polymerase III, theta subunit	similar to E. coli DNA polymerase III, theta subunit (AAC74912.1); Blastp hit to AAC74912.1 (76 aa), 88% identity in aa 1 - 76	1
AE006468	AAL20793.1	putative amidohydrolase	similar to E. coli orf, hypothetical protein (AAC74913.1); Blastp hit to AAC74913.1 (218 aa), 65% identity in aa 1 - 218	1
AE006468	AAL20794.1	DNA exonuclease X	degrades ss and ds DNA with 3'-5' polarity; similar to E. coli orf, hypothetical protein (AAC74914.1); Blastp hit to AAC74914.1 (220 aa), 90% identity in aa 1 - 219	1
AE006468	AAL20795.1	protease II	similar to E. coli protease II (AAC74915.1); Blastp hit to AAC74915.1 (686 aa), 89% identity in aa 1 - 680	1
AE006468	AAL20796.1	putative inner membrane protein	similar to E. coli orf, hypothetical protein (AAC74916.1); Blastp hit to AAC74916.1 (219 aa), 86% identity in aa 1 - 217	1
AE006468	AAL20797.1	putative periplasmic protein	similar to E. coli orf, hypothetical protein (AAC74917.1); Blastp hit to AAC74917.1 (122 aa), 76% identity in aa 5 - 122	1
AE006468	AAL20798.1	DNA damage-inducible gene in SOS regulon, dependent on cyclic AMP and H-NS	similar to E. coli orf, hypothetical protein (AAC74918.1); Blastp hit to AAC74918.1 (96 aa), 79% identity in aa 1 - 96	1
AE006468	AAL20799.1	phosphoribosylglycinamide formyltransferase 2	similar to E. coli phosphoribosylglycinamide formyltransferase 2 (AAC74919.1); Blastp hit to AAC74919.1 (392 aa), 87% identity in aa 1 - 392	1
AE006468	AAL20800.1	2-keto-3-deoxygluconate 6-phosphate aldolase	multifunctional; similar to E. coli 2-keto-3-deoxygluconate 6-phosphate aldolase and 2-keto-4-hydroxyglutarate aldolase (AAC74920.1); Blastp hit to AAC74920.1 (213 aa), 97% identity in aa 1 - 212; oxaloacetate decarboxylase	1
AE006468	AAL20801.1	6-phosphogluconate dehydratase	similar to E. coli 6-phosphogluconate dehydratase (AAC74921.1); Blastp hit to AAC74921.1 (603 aa), 94% identity in aa 1 - 603	1
AE006468	AAL20802.1	glucose-6-phosphate dehydrogenase	similar to E. coli glucose-6-phosphate dehydrogenase (AAC74922.1); Blastp hit to AAC74922.1 (491 aa), 97% identity in aa 1 - 491	1
AE006468	AAL20803.1	putative transcriptional regulator	similar to E. coli orf, hypothetical protein (AAC74923.1); Blastp hit to AAC74923.1 (289 aa), 92% identity in aa 1 - 289	1
AE006468	AAL20804.1	pyruvate kinase II	glucose stimulated; similar to E. coli pyruvate kinase II, glucose stimulated (AAC74924.1); Blastp hit to AAC74924.1 (480 aa), 98% identity in aa 1 - 480	1
AE006468	AAL20805.1	myristoyl transferase in lipid A biosynthesis	suppressor of htrB (lpxL); similar to E. coli suppressor of htrB, heat shock protein (AAC74925.1); Blastp hit to AAC74925.1 (323 aa), 93% identity in aa 1 - 323	1
AE006468	AAL20806.1	putative peptidase	similar to E. coli orf, hypothetical protein (AAC74926.1); Blastp hit to AAC74926.1 (419 aa), 91% identity in aa 1 - 419	1
AE006468	AAL20807.1	ABC superfamily high affinity Zn transport protein	binding protein; similar to E. coli putative adhesin (AAC74927.1); Blastp hit to AAC74927.1 (328 aa), 85% identity in aa 1 - 328	1
AE006468	AAL20808.1	ABC superfamily high affinity Zn transport protein	ATP-binding protein; similar to E. coli putative ATP-binding component of a transport system (AAC74928.1); Blastp hit to AAC74928.1 (251 aa), 95% identity in aa 1 - 251	1
AE006468	AAL20809.1	ABC superfamily high affinity Zn transport protein	ATP-binding protein; similar to E. coli orf, hypothetical protein (AAC74929.1); Blastp hit to AAC74929.1 (261 aa), 96% identity in aa 1 - 261	1
AE006468	AAL20810.1	Holliday junction helicase, subunit B	similar to E. coli Holliday junction helicase subunit A; branch migration; repair (AAC74930.1); Blastp hit to AAC74930.1 (336 aa), 96% identity in aa 1 - 336	1
AE006468	AAL20811.1	Holliday junction helicase subunit A	similar to E. coli Holliday junction helicase subunit B; branch migration; repair (AAC74931.1); Blastp hit to AAC74931.1 (203 aa), 94% identity in aa 1 - 203	1
AE006468	AAL20812.1	putative cytoplasmic protein		1
AE006468	AAL20813.1	putative periplasmic protein	similar to E. coli orf, hypothetical protein (AAC74932.1); Blastp hit to AAC74932.1 (233 aa), 80% identity in aa 37 - 228	1
AE006468	AAL20814.1	Holliday junction nuclease	similar to E. coli Holliday junction nuclease; resolution of structures; repair (AAC74933.1); Blastp hit to AAC74933.1 (173 aa), 97% identity in aa 1 - 173	1
AE006468	AAL20815.1	putative cytoplasmic protein	similar to E. coli orf, hypothetical protein (AAC74934.1); Blastp hit to AAC74934.1 (246 aa), 98% identity in aa 1 - 246	1
AE006468	AAL20816.1	dATP pyrophosphohydrolase	similar to E. coli dATP pyrophosphohydrolase (AAC74935.1); Blastp hit to AAC74935.1 (150 aa), 88% identity in aa 1 - 150	1
AE006468	AAL20817.1	aspartate tRNA synthetase	similar to E. coli aspartate tRNA synthetase (AAC74936.1); Blastp hit to AAC74936.1 (590 aa), 94% identity in aa 1 - 590	1
AE006468	AAL20818.1	putative isochorismatase	similar to E. coli orf, hypothetical protein (AAC74937.1); Blastp hit to AAC74937.1 (199 aa), 80% identity in aa 12 - 199	1
AE006468	AAL20819.1	putative cytoplasmic protein	similar to E. coli orf, hypothetical protein (AAC74938.1); Blastp hit to AAC74938.1 (272 aa), 82% identity in aa 1 - 272	1
AE006468	AAL20820.1	putative inner membrane protein	similar to E. coli orf, hypothetical protein (AAC74939.1); Blastp hit to AAC74939.1 (141 aa), 93% identity in aa 11 - 140	1
AE006468	AAL20821.1	putative SAM-dependent methyltransferase	similar to E. coli orf, hypothetical protein (AAC74940.1); Blastp hit to AAC74940.1 (247 aa), 93% identity in aa 1 - 247	1
AE006468	AAL20822.1	putative enzyme	similar to E. coli putative enzyme (AAC74941.1); Blastp hit to AAC74941.1 (323 aa), 92% identity in aa 1 - 323	1
AE006468	AAL20823.1	copper homeostasis protein	similar to E. coli copper homeostasis protein (AAC74944.1); Blastp hit to AAC74944.1 (146 aa), 80% identity in aa 1 - 146	1
AE006468	AAL20824.1	putative cytoplasmic protein	similar to E. coli orf, hypothetical protein (AAC74945.1); Blastp hit to AAC74945.1 (190 aa), 84% identity in aa 3 - 190	1
AE006468	AAL20825.1	arginine tRNA synthetase	arginyl-tRNA synthetase. (SW:SYR_SALTY)	1
AE006468	AAL20826.1	putative penicillin-binding protein	penicillin-binding protein 2 (PBP-2). (SW:PBP2_SALTY)	1
AE006468	AAL20827.1	putative cytoplasmic protein		1
AE006468	AAL20828.1	flagellar protein	flagellar protein FLHE precursor. (SW:FLHE_SALTY)	1
AE006468	AAL20829.1	flagellar biosynthesis protein	possible export of flagellar proteins; flagellar biosynthesis protein FLHA. (SW:FLHA_SALTY)	1
AE006468	AAL20830.1	putative part of export apparatus for flagellar proteins	flagellar biosynthetic protein FLHB. (SW:FLHB_SALTY)	1
AE006468	AAL20831.1	chemotactic response protein	CheY protein phophatase; chemotaxis protein CHEZ. (SW:CHEZ_SALTY)	1
AE006468	AAL20832.1	chemotaxis regulator protein	transmits chemoreceptor signals to flagelllar motor components; chemotaxis protein CHEY. (SW:CHEY_SALTY)	1
AE006468	AAL20833.1	methyl esterase	response regulator for chemotaxis (cheA sensor); protein-glutamate methylesterase. (SW:CHEB_SALTY)	1
AE006468	AAL20834.1	glutamate methyltransferase	response regulator for chemotaxis; chemotaxis protein methyltransferase. (SW:CHER_SALTY)	1
AE006468	AAL20835.1	methyl accepting chemotaxis protein II	aspartate sensor-receptor; methyl-accepting chemotaxis protein II (MCP-II). (SW:MCP2_SALTY)	1
AE006468	AAL20836.1	purine-binding chemotaxis protein	regulation; chemotaxis protein CHEW. (SW:CHEW_SALTY)	1
AE006468	AAL20837.1	sensory histitine protein kinase	transduces signal between chemo- signal receptors and CheB and CheY; chemotaxis protein CHEA. (SW:CHEA_SALTY)	1
AE006468	AAL20838.1	enables flagellar motor rotation	linking torque machinery to cell wall; chemotaxisMOTB protein. (SW:MOTB_SALTY)	1
AE006468	AAL20839.1	proton conductor component of motor	torque generator; chemotaxis MOTA protein). (SW:MOTA_SALTY)	1
AE006468	AAL20840.1	regulator of flagellar biosynthesis	acts on class 2 operons; flagellar transcriptional activator FLHC. (SW:FLHC_SALTY)	1
AE006468	AAL20841.1	regulator of flagellar biosynthesis	acts on class 2 operons; flagellar transcriptional activator FLHD. (SW:FLHD_SALTY)	1
AE006468	AAL20842.1	putative cytoplasmic protein	hypothetical protein	1
AE006468	AAL20843.1	putative universal stress protein	hypothetical 17.1 Kda protein in flhD-otsA intergenic region. (SW:YECG_SALTY)	1
AE006468	AAL20844.1	trehalose-6-phosphate synthase	similar to E. coli trehalose-6-phosphate synthase (AAC74966.1); Blastp hit to AAC74966.1 (474 aa), 88% identity in aa 1 - 474	1
AE006468	AAL20845.1	trehalose-6-phosphate phophatase, biosynthetic	similar to E. coli trehalose-6-phosphate phophatase, biosynthetic (AAC74967.1); Blastp hit to AAC74967.1 (266 aa), 72% identity in aa 1 - 266	1
AE006468	AAL20846.1	putative intracellular protease/amidase	similar to E. coli 4-methyl-5(beta-hydroxyethyl)-thiazole monophosphate synthesis (AAC73527.1); Blastp hit to AAC73527.1 (198 aa), 30% identity in aa 9 - 183	1
AE006468	AAL20847.1	ferritin-like protein	similar to E. coli ferritin-like protein (AAC74972.1); Blastp hit to AAC74972.1 (167 aa), 76% identity in aa 1 - 167	1
AE006468	AAL20848.1	putative ribose 5-phosphate isomerase		1
AE006468	AAL20849.1	putative outer membrane lipoprotein	similar to E. coli orf, hypothetical protein (AAC74974.1); Blastp hit to AAC74974.1 (107 aa), 61% identity in aa 1 - 104	1
AE006468	AAL20850.1	cytoplasmic ferritin	similar to E. coli cytoplasmic ferritin (an iron storage protein) (AAC74975.1); Blastp hit to AAC74975.1 (165 aa), 92% identity in aa 1 - 165	1
AE006468	AAL20851.1	putative cytoplasmic protein	similar to E. coli orf, hypothetical protein (AAC74976.1); Blastp hit to AAC74976.1 (79 aa), 87% identity in aa 1 - 79	1
AE006468	AAL20852.1	HAAAP family tyrosine-specific transport protein	similar to E. coli tyrosine-specific transport system (AAC74977.1); Blastp hit to AAC74977.1 (403 aa), 88% identity in aa 1 - 403	1
AE006468	AAL20853.1	putative metal-binding protein	similar to the C-terminal domain of SecA; similar to E. coli orf, hypothetical protein (AAC74978.1); Blastp hit to AAC74978.1 (221 aa), 81% identity in aa 1 - 221	1
AE006468	AAL20854.1	putative glucose-6-phosphate dehydrogenase		1
AE006468	AAL20855.1	putative cell wall-associated hydrolase		1
AE006468	AAL20856.1	putative inner membrane protein	hypothetical protein	1
AE006468	AAL20857.1	phosphatidylglycerophosphate synthetase	CDP-1,2-diacyl-sn-glycero-3-phosphate phosphatidyl transferase; similar to E. coli phosphatidylglycerophosphate synthetase = CDP-1,2-diacyl-sn-glycero-3-phosphate phosphatidyl transferase (AAC74979.1); Blastp hit to AAC74979.1 (182 aa), 94% identity in aa 1 - 182	1
AE006468	AAL20858.1	UvrC	forms a DNA excision repair enzyme with UvrAB; excinuclease ABC subunit C. (SW:UVRC_SALTY)	1
AE006468	AAL20859.1	putative LuxR/UhpA family response regulator	similar to E. coli putative 2-component transcriptional regulator (AAC74981.1); Blastp hit to AAC74981.1 (218 aa), 96% identity in aa 1 - 218	1
AE006468	AAL20860.1	putative inner membrane protein	hypothetical protein	1
AE006468	AAL20861.1	putative cytoplasmic protein	similar to E. coli orf, hypothetical protein (AAC74982.1); Blastp hit to AAC74982.1 (74 aa), 87% identity in aa 1 - 74	1
AE006468	AAL20862.1	transcriptional regulator of ftsQAZ gene cluster	LuxR/UhpA family; similar to E. coli transcriptional regulator of ftsQAZ gene cluster (AAC74983.1); Blastp hit to AAC74983.1 (240 aa), 71% identity in aa 1 - 240	1
AE006468	AAL20863.1	putative ABC-type polar amino acid transport system	ATPase component; similar to E. coli putative ATP-binding component of a transport system (AAC74984.1); Blastp hit to AAC74984.1 (250 aa), 92% identity in aa 1 - 250	1
AE006468	AAL20864.1	putative ABC-type amino acid transporter	permease component; similar to E. coli putative transport system permease protein (former yecC) (AAC74985.1); Blastp hit to AAC74985.1 (222 aa), 93% identity in aa 1 - 222	1
AE006468	AAL20865.1	putative 1-cyclopropane-carboxylate deaminase	similar to E. coli putative 1-aminocyclopropane-1-carboxylate deaminase (AAC74986.1); Blastp hit to AAC74986.1 (360 aa), 90% identity in aa 33 - 360	1
AE006468	AAL20866.1	putative periplasmic binding transport protein	similar to E. coli putative periplasmic binding transport protein (AAC74987.1); Blastp hit to AAC74987.1 (266 aa), 92% identity in aa 1 - 266	1
AE006468	AAL20867.1	putative regulator of FliA	FLIZ protein. (SW:FLIZ_SALTY)	1
AE006468	AAL20868.1	sigma F (sigma 28) factor of RNA polymerase	transcription of late flagellar genes (class 3a and 3b operons); RNA polymerase sigma factor for flagellar operon (sigma-f factor)(sigma-27) (sigma-28). (SW:FLIA_SALTY)	1
AE006468	AAL20869.1	transposase for IS200	transposase for insertion sequence element is200 (SW:T200_SALTY)	1
AE006468	AAL20870.1	N-methylation of lysine residues in flagellin	lysine-N-methylase. (SW:FLIB_SALTY)	1
AE006468	AAL20871.1	flagellar biosynthesis; flagellin	filament structural protein; flagellin (phase-1-I flagellin). (SW:FLIC_SALTY)	1
AE006468	AAL20872.1	filament capping protein	flagellar biosynthesis; enables filament assembly; flagellar hook-associated protein 2 (HAP2) (filament CAP protein)(flagellar CAP protein). (SW:FLID_SALTY)	1
AE006468	AAL20873.1	repressor of class 3a and 3b operons (RflA activity)	flagellar biosynthesis; flagellar protein FLIS. (SW:FLIS_SALTY)	1
AE006468	AAL20874.1	putative export chaperone for FliD	flagellar biosynthesis; flagellar protein FLIT. (SW:FLIT_SALTY)	1
AE006468	AAL20875.1	cytoplasmic alpha-amylase	cytoplasmic alpha-amylase. (SW:AMY2_SALTY)	1
AE006468	AAL20876.1	putative outer membrane lipoprotein	hypothetical 15.5 Kda protein in amyA-fliE intergenic region. (SW:YEDD_SALTY)	1
AE006468	AAL20877.1	putative membrane component of transport system	hypothetical 44.2 Kda protein in amyA-fliE intergenic region. (SW:YEDE_SALTY)	1
AE006468	AAL20878.1	putative transcriptional regulator	hypothetical 8.6 Kda protein in amyA-fliE intergenic region (ORF 9). (SW:YEDF_ECOLI)	1
AE006468	AAL20879.1	putative 50S ribosomal protein	hypothetical protein	1
AE006468	AAL20880.1	putative flagellar hook-basal body protein	flagellar hook-basal body complex protein FLIE. (SW:FLIE_SALTY)	1
AE006468	AAL20881.1	basal-body MS (membrane and supramembrane)-ring and collar protein	flagellar biosynthesis; flagellar M-ring protein. (SW:FLIF_SALTY)	1
AE006468	AAL20882.1	flagellar biosynthesis protein	component of motor switching and energizing; flagellar motor switch protein FLIG. (SW:FLIG_SALTY)	1
AE006468	AAL20883.1	flagellar biosynthesis protein	possible export of flagellar proteins; flagellar assembly protein FLIH. (SW:FLIH_SALTY)	1
AE006468	AAL20884.1	flagellum-specific ATP synthase	flagellum-specific ATP synthase. (SW:FLII_SALTY)	1
AE006468	AAL20885.1	flagellar FliJ protein	flagellar FLIJ protein. (SW:FLIJ_SALTY)	1
AE006468	AAL20886.1	flagellar hook-length control protein	flagellar hook-length control protein. (SW:FLIK_SALTY)	1
AE006468	AAL20887.1	flagellar biosynthesis	flagellar FLIL protein. (SW:FLIL_SALTY)	1
AE006468	AAL20888.1	flagellar biosynthesis protein	component of motor switch and energizing; flagellar motor switch protein FLIM. (SW:FLIM_SALTY)	1
AE006468	AAL20889.1	flagellar biosynthesis protein	component of motor switch and energizing; flagellar motor switch protein FLIM. (SW:FLIN_SALTY)	1
AE006468	AAL20890.1	flagellar biosynthesis protein	flagellar protein FLIO. (SW:FLIO_SALTY)	1
AE006468	AAL20891.1	flagellar biosynthesis protein	flagellar biosynthetic protein FLIP. (SW:FLIP_SALTY)	1
AE006468	AAL20892.1	flagellar biosynthesis protein	flagellar biosynthetic protein FLIQ. (SW:FLIQ_SALTY)	1
AE006468	AAL20893.1	putative flagellar biosynthetic protein	flagellar biosynthetic protein FLIR. (SW:FLIR_SALTY)	1
AE006468	AAL20894.1	positive transcriptional regulator of capsular/exo- polysaccharide synthesis (LuxR/UhpA family)	colanic acid capsular biosynthesis activation protein A. (SW:RCSA_SALTY)	1
AE006468	AAL20895.1	putative cytoplasmic protein	similar to E. coli orf, hypothetical protein (AAC75020.1); Blastp hit to AAC75020.1 (80 aa), 92% identity in aa 6 - 80	1
AE006468	AAL20896.1	putative hydrolase of the HAD superfamily	similar to E. coli orf, hypothetical protein (AAC75021.1); Blastp hit to AAC75021.1 (271 aa), 75% identity in aa 1 - 269	1
AE006468	AAL20897.1	putative inner membrane protein	similar to E. coli orf, hypothetical protein (AAC75022.1); Blastp hit to AAC75022.1 (569 aa), 65% identity in aa 6 - 567	1
AE006468	AAL20898.1	putative cytoplasmic protein	similar to E. coli orf, hypothetical protein (AAC75023.1); Blastp hit to AAC75023.1 (60 aa), 83% identity in aa 1 - 59	1
AE006468	AAL20899.1	putative inner membrane protein	similar to E. coli orf, hypothetical protein (AAC75024.1); Blastp hit to AAC75024.1 (305 aa), 85% identity in aa 3 - 305	1
AE006468	AAL20900.1	putative permease	similar to E. coli putative transmembrane subunit (AAC75025.1); Blastp hit to AAC75025.1 (306 aa), 89% identity in aa 1 - 298	1
AE006468	AAL20901.1	DNA mismatch endonuclease	patch repair protein; similar to E. coli DNA mismatch endonuclease, patch repair protein (AAC75026.1); Blastp hit to AAC75026.1 (156 aa), 86% identity in aa 1 - 156	1
AE006468	AAL20902.1	DNA cytosine methylase	similar to E. coli DNA cytosine methylase (AAC75027.1); Blastp hit to AAC75027.1 (472 aa), 83% identity in aa 1 - 472	1
AE006468	AAL20903.1	putative hydrolase	similar to E. coli orf, hypothetical protein (AAC75028.1); Blastp hit to AAC75028.1 (231 aa), 73% identity in aa 1 - 229	1
AE006468	AAL20904.1	putative inner membrane protein	similar to E. coli orf, hypothetical protein (AAC75029.1); Blastp hit to AAC75029.1 (127 aa), 56% identity in aa 32 - 123	1
AE006468	AAL20905.1	putative porin	similar to E. coli putative outer membrane protein (AAC74459.1); Blastp hit to AAC74459.1 (377 aa), 71% identity in aa 1 - 236, 60% identity in aa 174 - 377	1
AE006468	AAL20906.1	putative cold-shock protein	similar to E. coli cold shock-like protein (AAC74625.1); Blastp hit to AAC74625.1 (70 aa), 84% identity in aa 1 - 70	1
AE006468	AAL20907.1	error-prone repair protein	component of DNA polymerase V with UmuD'; UMUC protein. (SW:UMUC_SALTY)	1
AE006468	AAL20908.1	error-prone repair: SOS-response transcriptional repressor	LexA homologs, RecA-mediated autopeptidases; UMUD protein. (SW:UMUD_SALTY)	1
AE006468	AAL20909.1	putative cytoplasmic protein	hypothetical protein	1
AE006468	AAL20910.1	putative inner membrane protein	similar to E. coli orf, hypothetical protein (AAC75041.1); Blastp hit to AAC75041.1 (278 aa), 85% identity in aa 14 - 263	1
AE006468	AAL20911.1	putative endoprotease		1
AE006468	AAL20912.1	putative branched chain amino acid transport protein		1
AE006468	AAL20913.1	putative TPR repeat protein	similar to E. coli orf, hypothetical protein (AAC73745.1); Blastp hit to AAC73745.1 (327 aa), 32% identity in aa 130 - 322, 32% identity in aa 60 - 242, 32% identity in aa 17 - 168, 33% identity in aa 59 - 204, 23-1073758628dentity in aa 23 - 106	1
AE006468	AAL20914.1	putative periplasmic protein		1
AE006468	AAL20915.1	AMP nucleosidase	similar to E. coli AMP nucleosidase (AAC75046.1); Blastp hit to AAC75046.1 (484 aa), 90% identity in aa 1 - 484	1
AE006468	AAL20916.1	putative cytoplasmic protein		1
AE006468	AAL20917.1	putative cytoplasmic protein		1
AE006468	AAL20918.1	putative MATE family transport protein	similar to E. coli orf, hypothetical protein (AAC75048.1); Blastp hit to AAC75048.1 (547 aa), 82% identity in aa 53 - 533	1
AE006468	AAL20919.1	putative periplasmic protein	protein ERKF/SRFK precursor. (SW:ERFK_SALTY)	1
AE006468	AAL20920.1	nicotinate-nucleotide dimethylbenzimidazole-P phosphoribosyl transferase	nicotinate-nucleotide--dimethylbenzimidazole phosphoribosyltransferase. (SW:COBT_SALTY)	1
AE006468	AAL20921.1	cobalamin 5'-phosphate synthase	cobalamin [5'-phosphate] synthase. (SW:COBS_SALTY)	1
AE006468	AAL20922.1	cobinamide kinase	(SW:COBU_SALTY); cobinamide phosphate guanylyltransferase	1
AE006468	AAL20923.1	synthesis of vitamin B12 adenosyl cobalamide precursor	cobyric acid synthase. (SW:CBIP_SALTY)	1
AE006468	AAL20924.1	synthesis of vitamin B12 adenosyl cobalamide precursor	cobalt transport atp-binding protein CBIO. (SW:CBIO_SALTY)	1
AE006468	AAL20925.1	synthesis of vitamin B12 adenosyl cobalamide precursor	cobalt transport protein CBIQ. (SW:CBIQ_SALTY)	1
AE006468	AAL20926.1	synthesis of vitamin B12 adenosyl cobalamide precursor	cobalt transport protein CBIN. (SW:CBIN_SALTY)	1
AE006468	AAL20927.1	synthesis of vitamin B12 adenosyl cobalamide precursor	CBIM protein. (SW:CBIM_SALTY)	1
AE006468	AAL20928.1	synthesis of vitamin B12 adenosyl cobalamide precursor	precorrin-2 C20-methyltransferase. (SW:CBIL_SALTY)	1
AE006468	AAL20929.1	synthesis of vitamin B12 adenosyl cobalamide precursor	cobalt chelatase. (SW:CBIK_SALTY)	1
AE006468	AAL20930.1	synthesis of vitamin B12 adenosyl cobalamide precursor	precorrin-6x reductase. (SW:CBIJ_SALTY)	1
AE006468	AAL20931.1	synthesis of vitamin B12 adenosyl cobalamide precursor	precorrin-3B C17-methyltransferase. (SW:CBIH_SALTY)	1
AE006468	AAL20932.1	synthesis of vitamin B12 adenosyl cobalamide precursor	CBIG protein. (SW:CBIG_SALTY)	1
AE006468	AAL20933.1	synthesis of vitamin B12 adenosyl cobalamide precursor	precorrin-4 C11-methyltransferase. (SW:CBIF_SALTY)	1
AE006468	AAL20934.1	synthesis of vitamin B12 adenosyl cobalamide precursor	precorrin-8W decarboxylase. (SW:CBIT_SALTY)	1
AE006468	AAL20935.1	synthesis of vitamin B12 adenosyl cobalamide precursor	precorrin-6Y C5,15-methyltransferase [decarboxylating]. (SW:CBIE_SALTY)	1
AE006468	AAL20936.1	synthesis of vitamin B12 adenosyl cobalamide precursor	CBID protein. (SW:CBID_SALTY)	1
AE006468	AAL20937.1	synthesis of vitamin B12 adenosyl cobalamide precursor	precorrin-8x methylmutase. (SW:CBIC_SALTY)	1
AE006468	AAL20938.1	synthesis of vitamin B12 adenosyl cobalamide precursor	CBIB protein. (SW:CBIB_SALTY)	1
AE006468	AAL20939.1	synthesis of vitamin B12 adenosyl cobalamide precursor	cobyrinic acid A,C-diamide synthase. (SW:CBIA_SALTY)	1
AE006468	AAL20940.1	propanediol utilization protein	AraC family transcriptional regulation; regulatory protein POCR. (SW:POCR_SALTY)	1
AE006468	AAL20941.1	propanediol utilization protein	propanediol diffusion facilitator; propanediol diffusion facilitator. (SW:PDUF_SALTY)	1
AE006468	AAL20942.1	propanediol utilization protein	polyhedral bodies; propanediol utilization protein PDUA. (SW:PDUA_SALTY)	1
AE006468	AAL20943.1	propanediol utilization protein	polyhedral bodies; propanediol utilization protein PDUB. (SW:PDUB_SALTY)	1
AE006468	AAL20944.1	propanediol utilization dehydratase, large subunit	glycerol dehydratase large subunit. (SW:DHAB_SALTY)	1
AE006468	AAL20945.1	propanediol utilization dehydratase, medium subunit		1
AE006468	AAL20946.1	propanediol utilization dehydratase, small subunit		1
AE006468	AAL20947.1	propanediol utilization diol dehydratase reactivation protein		1
AE006468	AAL20948.1	propanediol utilization diol dehydratase reactivation protein		1
AE006468	AAL20949.1	propanediol utilization protein	polyhedral bodies; similar to E. coli detox protein (AAC75510.1); Blastp hit to AAC75510.1 (111 aa), 64% identity in aa 17 - 101	1
AE006468	AAL20950.1	propanediol utilization protein	polyhedral bodies; similar to E. coli detox protein (AAC75510.1); Blastp hit to AAC75510.1 (111 aa), 35% identity in aa 9 - 92	1
AE006468	AAL20951.1	propanediol utilization protein		1
AE006468	AAL20952.1	propanediol utilization protein		1
AE006468	AAL20953.1	propanediol utilization protein	polyhedral bodies; similar to E. coli detox protein (AAC75509.1); Blastp hit to AAC75509.1 (95 aa), 43% identity in aa 1 - 83	1
AE006468	AAL20954.1	propanediol utilization B12 related protein		1
AE006468	AAL20955.1	propanediol utilization CoA-dependent propionaldehyde dehydrogenase	similar to E. coli ethanolamine utilization; similar to acetaldehyde dehydrogenase (AAC75508.1); Blastp hit to AAC75508.1 (467 aa), 45% identity in aa 1 - 466	1
AE006468	AAL20956.1	propanediol utilization propanol dehydrogenase	similar to E. coli CoA-linked acetaldehyde dehydrogenase and iron-dependent alcohol dehydrogenase; pyruvate-formate-lyase deactivase (AAC74323.1); Blastp hit to AAC74323.1 (891 aa), 40% identity in aa 574 - 860, 35% identity in aa 456 - 556	1
AE006468	AAL20957.1	propanediol utilization protein	polyhedral bodies; similar to E. coli putative membrane protein (AAC74701.1); Blastp hit to AAC74701.1 (740 aa), 33% identity in aa 131 - 448, 37% identity in aa 33 - 93	1
AE006468	AAL20958.1	propanediol utilization protein	polyhedral bodies; similar to E. coli detox protein (AAC75510.1); Blastp hit to AAC75510.1 (111 aa), 41% identity in aa 16 - 93, 31% identity in aa 16 - 90	1
AE006468	AAL20959.1	propanediol utilization protein	polyhedral bodies; propanediol utilization protein PDUU. (SW:PDUU_SALTY)	1
AE006468	AAL20960.1	propanediol utilization protein	propanediol utilization protein PDUV. (SW:PDUV_SALTY)	1
AE006468	AAL20961.1	propanediol utilization propionate kinase	probable propionate kinase. (SW:PDUW_SALTY)	1
AE006468	AAL20962.1	propanediol utilization protein		1
AE006468	AAL20963.1	putative cytoplasmic protein	similar to E. coli putative alpha helix protein (AAC75068.1); Blastp hit to AAC75068.1 (131 aa), 93% identity in aa 23 - 131	1
AE006468	AAL20964.1	putative inner membrane protein	similar to E. coli orf, hypothetical protein (AAC75069.1); Blastp hit to AAC75069.1 (352 aa), 79% identity in aa 1 - 352	1
AE006468	AAL20965.1	DNA gyrase inhibitor	DNA gyrase inhibitory protein homolog. (SW:GYRI_SALTY)	1
AE006468	AAL20966.1	DD-carboxypeptidase	penicillin-binding protein 6b; penicillin-binding protein 6B precursor (D-alanyl-D-alaninecarboxypeptidase). (SW:DACD_SALTY)	1
AE006468	AAL20967.1	hydrogen sulfide production membrane anchoring protein	thiosulfate reductase cytochrome B subunit. (SW:PHSC_SALTY)	1
AE006468	AAL20968.1	hydrogen sulfide production iron-sulfur subunit	electron transfer; thiosulfate reductase electron transport proteinPHSB. (SW:PHSB_SALTY)	1
AE006468	AAL20969.1	hydrogen sulfide production membrane anchoring protein	thiosulfate reductase precursor. (SW:PHSA_SALTY)	1
AE006468	AAL20970.1	secreted effector protein of Salmonella	similar to secreted effector protein of Salmonella dublin; similar to E. coli orf, hypothetical protein (AAC77008.1); Blastp hit to AAC77008.1 (442 aa), 24% identity in aa 194 - 432, 20% identity in aa 59 - 151, 23% identity in aa 34 - 71, 32% identity in aa 19 - 50	1
AE006468	AAL20971.1	exonuclease I	3' --> 5' specific; deoxyribophosphodiesterase; similar to E. coli exonuclease I, 3' --> 5' specific; deoxyribophosphodiesterase (AAC75072.1); Blastp hit to AAC75072.1 (475 aa), 93% identity in aa 8 - 475	1
AE006468	AAL20972.1	putative APC family amino acid transport protein	similar to E. coli putative amino acid/amine transport protein (AAC75075.1); Blastp hit to AAC75075.1 (454 aa), 99% identity in aa 1 - 454	1
AE006468	AAL20973.1	putative LysR family transcriptional regulator	similar to E. coli putative transcriptional regulator LYSR-type (AAC75076.1); Blastp hit to AAC75076.1 (316 aa), 87% identity in aa 8 - 309	1
AE006468	AAL20974.1	putative dehydratase	similar to E. coli putative enzyme of sugar metabolism (AAC75077.1); Blastp hit to AAC75077.1 (274 aa), 89% identity in aa 1 - 274	1
AE006468	AAL20975.1	ATP phosphoribosyltransferase	ATP phosphoribosyltransferase. (SW:HIS1_SALTY)	1
AE006468	AAL20976.1	histidinal dehydrogenase	histidinol dehydrogenase. (SW:HISX_SALTY)	1
AE006468	AAL20977.1	histidinol phosphate aminotransferase	histidinol-phosphate aminotransferase. (SW:HIS8_SALTY)	1
AE006468	AAL20978.1	imidazole glycerol-phosphate dehydratase	bifunctional; histidine biosynthesis bifunctional protein HISB [includes:histidinol-phosphatase ]. (SW:HIS7_SALTY)	1
AE006468	AAL20979.1	glutamine amidotransferase	subunit with HisF; amidotransferase HISH. (SW:HIS5_SALTY)	1
AE006468	AAL20980.1	N-(5'-phospho-L-ribosyl-formimino)-5-amino-1- (5'-phosphoribosyl)-4-imidazolecarboxamide isomerase	phosphoribosylformimino-5-aminoimidazole carboxamide ribotideisomerase. (SW:HIS4_SALTY)	1
AE006468	AAL20981.1	imidazole glycerol phosphate synthase	subunit with HisH; HISF protein (cyclase). (SW:HIS6_SALTY)	1
AE006468	AAL20982.1	phosphoribosyl-AMP cyclohydrolase	bifunctional; histidine biosynthesis bifunctional protein HISIE [includes:phosphoribosyl-amp cyclohydrolase ]. (SW:HIS2_SALTY); phosphoribosyl-ATP pyrophosphatase	1
AE006468	AAL20983.1	regulator of length of O-antigen component of lipopolysaccharide chains	chain length determinant protein (polysaccharide antigen chainregulator). (SW:WZZB_SALTY)	1
AE006468	AAL20984.1	UDP-glucose/GDP-mannose dehydrogenase	UDP-glucose 6-dehydrogenase. (SW:UDG_SALTY)	1
AE006468	AAL20985.1	gluconate-6-phosphate dehydrogenase	decarboxylating; 6-phosphogluconate dehydrogenase, decarboxylating. (SW:6PGD_SALTY)	1
AE006468	AAL20986.1	undecaprenol-phosphate galactosephosphotransferase, and	bifunctional enzyme; LPS side chain defect; undecaprenyl-phosphate galactosephosphotransferase. (SW:RFBP_SALTY); O-antigen transfer protein	1
AE006468	AAL20987.1	phosphomannomutase	LPS side chain defect: phosphomannomutase. (SW:RFBK_SALTY)	1
AE006468	AAL20988.1	mannose-1-phosphate guanylyltransferase	LPS side chain defect: mannose-1-phosphate guanylyltransferase GDP). (SW:RFBM_SALTY)	1
AE006468	AAL20989.1	rhamnosyl transferase	LPS side chain defect: putative rhamnosyltransferase RFBN. (SW:RFBN_SALTY)	1
AE006468	AAL20990.1	mannosyl transferase	LPS side chain defect; RFBU protein. (SW:RFBU_SALTY)	1
AE006468	AAL20991.1	abequosyltransferase	LPS side chain defect; RFBV protein. (SW:RFBV_SALTY)	1
AE006468	AAL20992.1	putative O-antigen transferase	LPS side chain defect; putative O-antigen transporter. (SW:RFBX_SALTY)	1
AE006468	AAL20993.1	CDP-abequose synthase	LPS side chain defect; CDP-abequose synthase. (SW:RFBJ_SALTY)	1
AE006468	AAL20994.1	CDP-6deoxy-D-xylo-4-hexulose-3-dehydrase	LPS side chain defect; lipopolysaccharide biosynthesis protein RFBH. (SW:RFBH_SALTY)	1
AE006468	AAL20995.1	CDP-glucose 4,6-dehydratase	LPS side chain defect; CDP-glucose 4,6-dehydratase. (SW:RFBG_SALTY)	1
AE006468	AAL20996.1	glucose-1-phosphate cytidylyltransferase	LPS side chain defect; glucose-1-phosphate cytidylyltransferase. (SW:RFBF_SALTY)	1
AE006468	AAL20997.1	CDP-6-deoxy-delta3,4-glucoseen reductase	LPS side chain defect; RFBI protein. (SW:RFBI_SALTY)	1
AE006468	AAL20998.1	dTDP-4,deoxyrhamnose 3,5 epimerase	dTDP-4-dehydrorhamnose 3,5-epimerase. (SW:RFBC_SALTY)	1
AE006468	AAL20999.1	dTDP-glucose pyrophosphorylase	glucose-1-phosphate thymidylyltransferase. (SW:RFBA_SALTY)	1
AE006468	AAL21000.1	TDP-rhamnose synthetase	DTDP-4-dehydrorhamnose reductase. (SW:RFBD_SALTY)	1
AE006468	AAL21001.1	dTDP-glucose 4,6 dehydratase	DTDP-glucose 4,6-dehydratase. (SW:RFBB_SALTY)	1
AE006468	AAL21002.1	putative glucose-1-phosphate uridylyltransferase, non-catalytic subunit	UTP--glucose-1-phosphate uridylyltransferase. (SW:GALF_SALTY); UDP-glucose pyrophosphorylase	1
AE006468	AAL21003.1	putative colanic acid biosynthesis protein	colanic acid biosynthesis protein WCAM. (SW:WCAM_SALTY)	1
AE006468	AAL21004.1	putative glycosyl transferase	in colanic acid gene cluster; putative colanic acid biosynthesis glycosyl transferase WCAL. (SW:WCAL_SALTY)	1
AE006468	AAL21005.1	putative galactokinase	in colanic acid gene cluster; similar to E. coli putative galactokinase. (AAC75106.1); Blastp hit to AAC75106.1 (426 aa), 67% identity in aa 1 - 426	1
AE006468	AAL21006.1	putative export protein	in colanic acid gene cluster; similar to E. coli probable export protein (AAC75107.1); Blastp hit to AAC75107.1 (492 aa), 85% identity in aa 1 - 492	1
AE006468	AAL21007.1	putative UDP-glucose lipid carrier transferase	in colanic acid gene cluster; similar to E. coli putative colanic acid biosynthsis UDP-glucose lipid carrier transferase (AAC75108.1); Blastp hit to AAC75108.1 (464 aa), 89% identity in aa 1 - 464; glucose-1-phosphate transferase	1
AE006468	AAL21008.1	phosphomannomutase	in colanic acid gene cluster; phosphomannomutase. (SW:MANB_SALTY)	1
AE006468	AAL21009.1	mannose-1-phosphate	in colanic acid gene cluster; mannose-1-phosphate guanylyltransferase (GDP). (SW:MANC_SALTY)	1
AE006468	AAL21010.1	putative glycosyl transferase	in colanic acid gene cluster; similar to E. coli putative colanic biosynthesis glycosyl transferase (AAC75111.1); Blastp hit to AAC75111.1 (407 aa), 85% identity in aa 1 - 407	1
AE006468	AAL21011.2	GDP-mannose mannosyl hydrolase	in colanic acid gene clustersimilar to E. coli GDP-mannose mannosyl hydrolase (AAC75112.1); Blastp hit to AAC75112.1 (160 aa), 78% identity in aa 15 - 149	1
AE006468	AAL21012.1	bifunctional GDP fucose synthetase	in colanic acid gene cluster; similar to E. coli putative nucleotide di-P-sugar epimerase or dehydratase (AAC75113.1); Blastp hit to AAC75113.1 (321 aa), 90% identity in aa 1 - 321	1
AE006468	AAL21013.1	GDP-D-mannose dehydratase	in colanic acid gene cluster; similar to E. coli GDP-D-mannose dehydratase (AAC75114.1); Blastp hit to AAC75114.1 (373 aa), 96% identity in aa 1 - 373	1
AE006468	AAL21014.1	putative acyltransferase	in colanic acid gene cluster; similar to E. coli putative transferase (AAC75115.1); Blastp hit to AAC75115.1 (182 aa), 87% identity in aa 1 - 180	1
AE006468	AAL21015.1	putative transferase	in colanic acid gene cluster; similar to E. coli putative colanic acid biosynthesis glycosyl transferase (AAC75116.1); Blastp hit to AAC75116.1 (248 aa), 71% identity in aa 1 - 248	1
AE006468	AAL21016.1	putative colanic acid polymerase	similar to E. coli putative colanic acid polymerase (AAC75117.1); Blastp hit to AAC75117.1 (405 aa), 93% identity in aa 1 - 404	1
AE006468	AAL21017.1	putative glycosyl transferase	in colanic acid gene cluster; similar to E. coli putative glycosyl transferase (AAC75118.1); Blastp hit to AAC75118.1 (405 aa), 80% identity in aa 1 - 405	1
AE006468	AAL21018.1	putative acyl transferase	in colanic acid gene cluster; similar to E. coli putative transferase (AAC75119.1); Blastp hit to AAC75119.1 (162 aa), 91% identity in aa 1 - 160	1
AE006468	AAL21019.1	putative glycosyl transferase	in colanic acid gene cluster; similar to E. coli putative regulator (AAC75120.1); Blastp hit to AAC75120.1 (279 aa), 91% identity in aa 3 - 279	1
AE006468	AAL21020.1	putative tyrosine-protein kinase	colanic acid export; similar to E. coli orf, hypothetical protein (AAC75121.1); Blastp hit to AAC75121.1 (732 aa), 87% identity in aa 13 - 732	1
AE006468	AAL21021.1	putative protein-tyrosine-phosphatase	colanic acid export; similar to E. coli probable protein-tyrosine-phosphatase (AAC75122.1); Blastp hit to AAC75122.1 (147 aa), 83% identity in aa 1 - 146	1
AE006468	AAL21022.1	putative polysaccharide export protein	outer membrane; similar to E. coli putative polysaccharide export protein (AAC75123.1); Blastp hit to AAC75123.1 (379 aa), 93% identity in aa 1 - 379	1
AE006468	AAL21023.1	putative inner membrane protein	similar to E. coli putative transport protein (AAC75124.1); Blastp hit to AAC75124.1 (549 aa), 90% identity in aa 23 - 549	1
AE006468	AAL21024.1	suppressor of ompF assembly mutants	similar to E. coli suppressor of ompF assembly mutants (AAC75125.1); Blastp hit to AAC75125.1 (617 aa), 76% identity in aa 1 - 617	1
AE006468	AAL21025.1	dUTPase	similar to E. coli 2'-deoxycytidine 5'-triphosphate deaminase (AAC75126.1); Blastp hit to AAC75126.1 (193 aa), 95% identity in aa 1 - 193	1
AE006468	AAL21026.1	uridine/cytidine kinase	similar to E. coli uridine/cytidine kinase (AAC75127.1); Blastp hit to AAC75127.1 (231 aa), 95% identity in aa 19 - 231	1
AE006468	AAL21027.1	putative PAS/PAC domain protein	Diguanylate cyclase/phosphodiesterase domain 1 and Diguanylate cyclase/phosphodiesterase domain 2 containing; similar to E. coli putative sensor-type protein (AAC75128.1); Blastp hit to AAC75128.1 (1105 aa), 76% identity in aa 540 - 437	1
AE006468	AAL21028.1	3-methyl-adenine DNA glycosylase II	inducible; similar to E. coli 3-methyl-adenine DNA glycosylase II, inducible (AAC75129.1); Blastp hit to AAC75129.1 (282 aa), 74% identity in aa 1 - 279	1
AE006468	AAL21029.1	putative heat shock protein (Hsp70/DnaK)	similar to E. coli putative heat shock protein (AAC75130.1); Blastp hit to AAC75130.1 (471 aa), 88% identity in aa 22 - 471	1
AE006468	AAL21030.1	putative HlyD family secretion protein	similar to E. coli putative membrane protein (AAC75135.1); Blastp hit to AAC75135.1 (464 aa), 82% identity in aa 50 - 464	1
AE006468	AAL21031.1	putative outer membrane receptor	similar to E. coli orf, hypothetical protein (AAC75136.1); Blastp hit to AAC75136.1 (1040 aa), 91% identity in aa 1 - 1040	1
AE006468	AAL21032.1	putative resistance protein	efflux transporter; outer membrane; similar to E. coli orf, hypothetical protein (AAC75137.1); Blastp hit to AAC75137.1 (1025 aa), 91% identity in aa 1 - 1025	1
AE006468	AAL21033.1	putative MFS family transport protein	similar to E. coli putative transport protein (AAC75138.1); Blastp hit to AAC75138.1 (471 aa), 85% identity in aa 1 - 469	1
AE006468	AAL21034.1	sensory kinase in two-component regulatoyr system wtih BaeR	similar to E. coli sensor protein (for BaeR) (AAC75139.1); Blastp hit to AAC75139.1 (467 aa), 88% identity in aa 1 - 467	1
AE006468	AAL21035.1	response regulator in two-component regulatory system with BaeS	OmpR family; similar to E. coli transcriptional response regulatory protein (sensor BaeS) (AAC75140.1); Blastp hit to AAC75140.1 (240 aa), 96% identity in aa 1 - 240	1
AE006468	AAL21036.1	putative cytoplasmic protein		1
AE006468	AAL21037.1	putative inner membrane protein		1
AE006468	AAL21038.1	putative inner membrane protein		1
AE006468	AAL21039.1	putative protease	similar to E. coli orf, hypothetical protein (AAC75142.1); Blastp hit to AAC75142.1 (453 aa), 96% identity in aa 1 - 453	1
AE006468	AAL21040.1	putative cytoplasmic protein		1
AE006468	AAL21041.1	putative cytoplasmic protein		1
AE006468	AAL21042.1	putative inner membrane protein		1
AE006468	AAL21043.1	putative diacylglycerol kinase catalytic domain containing protein	similar to E. coli orf, hypothetical protein (AAC75147.1); Blastp hit to AAC75147.1 (299 aa), 85% identity in aa 1 - 299	1
AE006468	AAL21044.1	3-oxoacyl-[acyl-carrier-protein] synthase I	similar to E. coli orf, hypothetical protein (AAC75158.1); Blastp hit to AAC75158.1 (374 aa), 96% identity in aa 25 - 374	1
AE006468	AAL21045.1	putative MFS family transport protein	similar to E. coli putative nucleoside permease protein (AAC75159.1); Blastp hit to AAC75159.1 (425 aa), 94% identity in aa 1 - 425	1
AE006468	AAL21046.1	putative glycohydrolase	similar to E. coli orf, hypothetical protein (AAC75160.1); Blastp hit to AAC75160.1 (334 aa), 83% identity in aa 1 - 334	1
AE006468	AAL21047.1	putative sugar kinase	similar to E. coli putative kinase (AAC75161.1); Blastp hit to AAC75161.1 (321 aa), 76% identity in aa 1 - 321	1
AE006468	AAL21048.1	putative gntR family regulatory protein	similar to E. coli putative transcriptional regulator (AAC75162.1); Blastp hit to AAC75162.1 (248 aa), 92% identity in aa 1 - 248	1
AE006468	AAL21049.1	hydroxy-phosphomethylpyrimidine kinase (HMP-P kinase)	bifunctional enzyme; phosphomethylpyrimidine kinase. (SW:THID_SALTY); hydroxy-methylpyrimidine kinase (HMP kinase)	1
AE006468	AAL21050.1	hydoxyethylthiazole kinase (THZ kinase)	(SW:THIM_SALTY)	1
AE006468	AAL21051.1	putative periplasmic protein	similar to E. coli orf, hypothetical protein (AAC75168.1); Blastp hit to AAC75168.1 (172 aa), 80% identity in aa 63 - 172	1
AE006468	AAL21052.1	putative outer membrane lipoprotein	similar to E. coli putative type-1 fimbrial protein (AAC75169.1); Blastp hit to AAC75169.1 (344 aa), 50% identity in aa 3 - 344	1
AE006468	AAL21053.1	putative outer membrane protein	similar to E. coli putative outer membrane protein (AAC75170.1); Blastp hit to AAC75170.1 (826 aa), 74% identity in aa 1 - 826	1
AE006468	AAL21054.1	putative periplasmic chaperone protein	similar to E. coli putative chaperone (AAC75171.1); Blastp hit to AAC75171.1 (239 aa), 64% identity in aa 16 - 239	1
AE006468	AAL21055.1	putative fimbrial-like protein	similar to E. coli putative fimbrial-like protein (AAC75172.1); Blastp hit to AAC75172.1 (180 aa), 33% identity in aa 1 - 180	1
AE006468	AAL21056.1	putative outer membrane protein	similar to E. coli orf, hypothetical protein (AAC75173.1); Blastp hit to AAC75173.1 (93 aa), 48% identity in aa 1 - 93	1
AE006468	AAL21057.1	putative ATP-binding protein	similar to E. coli putative ATPase (AAC75174.1); Blastp hit to AAC75174.1 (379 aa), 96% identity in aa 11 - 379	1
AE006468	AAL21058.1	methionine tRNA synthetase	similar to E. coli methionine tRNA synthetase (AAC75175.1); Blastp hit to AAC75175.1 (677 aa), 95% identity in aa 1 - 677	1
AE006468	AAL21059.1	putative lipoprotein	similar to E. coli orf, hypothetical protein (AAC75184.1); Blastp hit to AAC75184.1 (157 aa), 72% identity in aa 5 - 157	1
AE006468	AAL21060.1	putative 16.9 kd lipoprotein precursor		1
AE006468	AAL21061.1	putative cytoplasmic protein	similar to E. coli orf, hypothetical protein (AAC75185.1); Blastp hit to AAC75185.1 (156 aa), 90% identity in aa 1 - 155	1
AE006468	AAL21062.1	putative regulator	similar to E. coli orf, hypothetical protein (AAC75186.1); Blastp hit to AAC75186.1 (244 aa), 94% identity in aa 6 - 244	1
AE006468	AAL21063.1	putative sensor/kinase in regulatory system	similar to E. coli putative 2-component sensor protein (AAC75187.1); Blastp hit to AAC75187.1 (561 aa), 91% identity in aa 1 - 561	1
AE006468	AAL21064.1	putative transcriptional repressor (MerR family)	similar to E. coli putative transcriptional regulator (AAC75188.1); Blastp hit to AAC75188.1 (243 aa), 85% identity in aa 1 - 243	1
AE006468	AAL21065.1	putative inner membrane protein	hypothetical protein	1
AE006468	AAL21066.1	putative ABC-type proline/glycine betaine transport system, permease component	similar to E. coli putative transport system permease protein (AAC75189.1); Blastp hit to AAC75189.1 (243 aa), 84% identity in aa 1 - 243	1
AE006468	AAL21067.1	putative ABC-type proline/glycine betaine transport system, ATPase component	similar to E. coli putative ATP-binding component of a transport system (AAC75190.1); Blastp hit to AAC75190.1 (308 aa), 87% identity in aa 1 - 307	1
AE006468	AAL21068.1	putative ABC-type proline/glycine betaine transport system, permease component	similar to E. coli putative transport system permease protein (AAC75191.1); Blastp hit to AAC75191.1 (385 aa), 76% identity in aa 6 - 385	1
AE006468	AAL21069.1	putative ABC superfamily transport protein (bind_prot)	possibly glycine betaine choline transport for osmoprotection; similar to E. coli putative transport system permease protein (AAC75192.1); Blastp hit to AAC75192.1 (305 aa), 88% identity in aa 1 - 305	1
AE006468	AAL21070.1	periplasmic beta-D-glucoside glucohydrolase	periplasmic beta-glucosidase precursor. (SW:BGLX_SALTY)	1
AE006468	AAL21071.1	NADH independent D-lactate dehydrogenase	similar to E. coli D-lactate dehydrogenase, FAD protein, NADH independent (AAC75194.1); Blastp hit to AAC75194.1 (571 aa), 91% identity in aa 1 - 569	1
AE006468	AAL21072.1	D-alanyl-D-alanine endopeptidase	penicillin-binding protein 7 and penicillin-binding protein 8; similar to E. coli penicillin-binding protein 7 (AAC75195.1); Blastp hit to AAC75195.1 (313 aa), 92% identity in aa 4 - 313	1
AE006468	AAL21073.1	putative transport protein	similar to E. coli orf, hypothetical protein (AAC75196.1); Blastp hit to AAC75196.1 (203 aa), 91% identity in aa 9 - 203	1
AE006468	AAL21074.1	putative DedA family, membrane protein	similar to E. coli orf, hypothetical protein (AAC75197.1); Blastp hit to AAC75197.1 (204 aa), 81% identity in aa 13 - 197	1
AE006468	AAL21075.1	putative oxidoreductase	similar to E. coli putative oxidoreductase (AAC75198.1); Blastp hit to AAC75198.1 (253 aa), 80% identity in aa 1 - 251	1
AE006468	AAL21076.1	putative outer membrane efflux protein	similar to E. coli putative channel/filament proteins (AAC75199.1); Blastp hit to AAC75199.1 (398 aa), 85% identity in aa 1 - 396	1
AE006468	AAL21077.1	putative cytoplasmic protein	hypothetical protein	1
AE006468	AAL21078.1	putative nitrogen regulation protein	similar to E. coli putative regulator protein (AAC75201.1); Blastp hit to AAC75201.1 (315 aa), 89% identity in aa 1 - 312	1
AE006468	AAL21079.1	putative monooxygenase	similar to E. coli 3-(3-hydroxyphenyl)propionate hydroxylase (AAC73450.1); Blastp hit to AAC73450.1 (554 aa), 25% identity in aa 12 - 342	1
AE006468	AAL21080.1	putative glutathione S-transferase	similar to E. coli regulator of transcription; stringent starvation protein A (AAC76261.1); Blastp hit to AAC76261.1 (212 aa), 28% identity in aa 11 - 206	1
AE006468	AAL21081.1	putative flutathione S-transferase	similar to E. coli putative isomerase (AAC74264.1); Blastp hit to AAC74264.1 (219 aa), 38% identity in aa 14 - 211	1
AE006468	AAL21082.1	putative 1,2-dioxygenase protein		1
AE006468	AAL21083.1	putative sugar transporter	similar to E. coli putative transport protein (AAC73456.1); Blastp hit to AAC73456.1 (418 aa), 43% identity in aa 35 - 207, 40% identity in aa 220 - 380, 27% identity in aa 62 - 200	1
AE006468	AAL21084.1	putative LysR family transcriptional regulator	similar to E. coli putative transcriptional regulator LYSR-type (AAC74504.1); Blastp hit to AAC74504.1 (354 aa), 28% identity in aa 54 - 336	1
AE006468	AAL21085.1	putative effector of murein hydrolase LrgA	similar to E. coli orf, hypothetical protein (AAC75202.1); Blastp hit to AAC75202.1 (132 aa), 91% identity in aa 1 - 132	1
AE006468	AAL21086.1	putative transmembrane protein	similar to E. coli putative seritonin transporter (AAC75203.1); Blastp hit to AAC75203.1 (231 aa), 90% identity in aa 1 - 230	1
AE006468	AAL21087.1	cytidine/deoxycytidine deaminase	similar to E. coli cytidine/deoxycytidine deaminase (AAC75204.1); Blastp hit to AAC75204.1 (294 aa), 87% identity in aa 1 - 293	1
AE006468	AAL21088.1	vancomycin sensitivity protein	similar to E. coli vancomycin sensitivity (AAC75205.1); Blastp hit to AAC75205.1 (239 aa), 93% identity in aa 1 - 239	1
AE006468	AAL21089.1	putative inner membrane protein	similar to E. coli orf, hypothetical protein (AAC75206.1); Blastp hit to AAC75206.1 (79 aa), 59% identity in aa 1 - 79	1
AE006468	AAL21090.1	putative NADPH-dependent glutamate synthase beta chain or related oxidoreductase	similar to E. coli putative oxidoreductase (AAC75207.1); Blastp hit to AAC75207.1 (412 aa), 84% identity in aa 1 - 412	1
AE006468	AAL21091.1	putative dihydropyrimidine dehydrogenase	similar to E. coli putative oxidoreductase (AAC75208.1); Blastp hit to AAC75208.1 (413 aa), 93% identity in aa 3 - 413	1
AE006468	AAL21092.1	methyl-galactoside transport protein	ABC superfamily (membrane); galactoside transport system permease protein MGLC. (SW:MGLC_SALTY)	1
AE006468	AAL21093.1	galactose (methyl-galactoside) transport protein	ABC superfamily (atp_bind); galactoside transport ATP-binding protein MGLA. (SW:MGLA_SALTY)	1
AE006468	AAL21094.1	galactose transport protein	ABC superfamily (peri_perm); D-galactose-binding periplasmic protein precursor (GDP) (D-galactose/D-glucose binding protein) (GGBP). (SW:DGAL_SALTY)	1
AE006468	AAL21095.1	GalR/LacI family transcriptional repressor of mgl operon	similar to E. coli mgl repressor, galactose operon inducer (AAC75212.1); Blastp hit to AAC75212.1 (346 aa), 88% identity in aa 1 - 340	1
AE006468	AAL21096.1	putative inner membrane protein	similar to E. coli orf, hypothetical protein (AAC75213.1); Blastp hit to AAC75213.1 (385 aa), 84% identity in aa 1 - 377	1
AE006468	AAL21097.1	GTP cyclohydrolase I	similar to E. coli GTP cyclohydrolase I (AAC75214.1); Blastp hit to AAC75214.1 (222 aa), 96% identity in aa 1 - 221	1
AE006468	AAL21098.2	putative esterase	similar to E. coli putative esterase. (AAC75215.1); Blastp hit to AAC75215.1 (278 aa), 86% identity in aa 1 - 241	1
AE006468	AAL21099.1	putative transcriptional regulator		1
AE006468	AAL21100.1	putative D-serine dehydratase	similar to E. coli L-serine deaminase (AAC74884.1); Blastp hit to AAC74884.1 (454 aa), 48% identity in aa 1 - 452	1
AE006468	AAL21101.1	putative phosphoserine phosphatase	similar to E. coli 3-phosphoserine phosphatase (AAC77341.1); Blastp hit to AAC77341.1 (322 aa), 39% identity in aa 111 - 305	1
AE006468	AAL21102.1	putative regulatory protein	similar to E. coli regulator of uhpT (AAC76690.1); Blastp hit to AAC76690.1 (440 aa), 39% identity in aa 5 - 428	1
AE006468	AAL21103.1	outer membrane porin	receptor for colicin I; requires TonB; similar to E. coli outer membrane receptor for iron-regulated colicin I receptor; porin; requires tonB gene product (AAC75216.1); Blastp hit to AAC75216.1 (663 aa), 88% identity in aa 1 - 663	1
AE006468	AAL21104.1	APC family lysine-specific permease	similar to E. coli lysine-specific permease (AAC75217.1); Blastp hit to AAC75217.1 (489 aa), 94% identity in aa 1 - 489	1
AE006468	AAL21105.1	putative LysR family transcriptional regulator	similar to E. coli putative transcriptional regulator LYSR-type (AAC75218.1); Blastp hit to AAC75218.1 (293 aa), 91% identity in aa 1 - 287	1
AE006468	AAL21106.1	putative inner membrane protein	similar to E. coli orf, hypothetical protein (AAC75219.1); Blastp hit to AAC75219.1 (349 aa), 88% identity in aa 1 - 349	1
AE006468	AAL21107.1	endonuclease IV	similar to E. coli endonuclease IV (AAC75220.1); Blastp hit to AAC75220.1 (285 aa), 88% identity in aa 1 - 285	1
AE006468	AAL21108.1	fructose-specific transport protein	Sugar Specific PTS system; similar to E. coli PTS system, fructose-specific transport protein (AAC75228.1); Blastp hit to AAC75228.1 (563 aa), 92% identity in aa 1 - 563	1
AE006468	AAL21109.1	fructose-1-phosphate kinase	similar to E. coli fructose-1-phosphate kinase (AAC75229.1); Blastp hit to AAC75229.1 (312 aa), 98% identity in aa 1 - 312	1
AE006468	AAL21110.1	phosphoenolpyruvate-dependent sugar phosphotransferase system, EIIA 2	PTS system, fructose-specific IIA/FPRr component (EIIA-FRU) (fructose-permease IIA/HPR component) (phosphotransferase enzyme II, A/HPR component). (SW:PTFA_SALTY)	1
AE006468	AAL21111.1	proton efflux pump	sugar efflux transporter B. (SW:SETB_SALTY)	1
AE006468	AAL21112.1	putative inner membrane protein		1
AE006468	AAL21113.1	putative inner membrane protein	hypothetical protein	1
AE006468	AAL21114.1	putative elongation factor	similar to E. coli putative elongation factor (AAC75232.1); Blastp hit to AAC75232.1 (275 aa), 83% identity in aa 8 - 275	1
AE006468	AAL21115.1	putative cobalamin synthesis protein	similar to E. coli orf, hypothetical protein (AAC75234.1); Blastp hit to AAC75234.1 (328 aa), 87% identity in aa 1 - 328	1
AE006468	AAL21116.1	putative permease	similar to E. coli orf, hypothetical protein (AAC75235.1); Blastp hit to AAC75235.1 (249 aa), 83% identity in aa 20 - 249	1
AE006468	AAL21117.1	putative lipoprotein	suppresses thermosensitivity of prc mutants at low osmolality; similar to E. coli putative lipoprotein (AAC75236.1); Blastp hit to AAC75236.1 (188 aa), 92% identity in aa 1 - 188	1
AE006468	AAL21118.1	putative membrane protein involved in resistance to lambda and N4 phages	similar to E. coli orf, hypothetical protein (AAC75237.1); Blastp hit to AAC75237.1 (518 aa), 70% identity in aa 1 - 518	1
AE006468	AAL21119.1	putative ABC transporter periplasmic binding protein	similar to E. coli orf, hypothetical protein (AAC75238.1); Blastp hit to AAC75238.1 (606 aa), 86% identity in aa 3 - 603	1
AE006468	AAL21120.1	putative ABC-type dipeptide/oligopeptide/nickel transport systems, permease component	similar to E. coli putative transport system permease protein (AAC75239.1); Blastp hit to AAC75239.1 (364 aa), 96% identity in aa 1 - 364	1
AE006468	AAL21121.1	putative ABC-type dipeptide/oligopeptide/nickel transport systems, permease component	similar to E. coli putative transport system permease protein (AAC75240.1); Blastp hit to AAC75240.1 (341 aa), 91% identity in aa 1 - 341	1
AE006468	AAL21122.1	putative ATPase component of ABC-type transport system	contains duplicated ATPase domain; similar to E. coli putative ATP-binding component of a transport system (AAC75241.1); Blastp hit to AAC75241.1 (529 aa), 86% identity in aa 1 - 529	1
AE006468	AAL21123.1	putative cytoplasmic protein	similar to E. coli orf, hypothetical protein (AAC75242.1); Blastp hit to AAC75242.1 (114 aa), 90% identity in aa 1 - 114	1
AE006468	AAL21124.1	bicyclomycin resistance protein	MFS family multidrug transport protein; similar to E. coli bicyclomycin resistance protein; transmembrane protein (AAC75243.1); Blastp hit to AAC75243.1 (396 aa), 93% identity in aa 1 - 396	1
AE006468	AAL21125.1	16S rRNA pseudouridylate 516 synthase	similar to E. coli 16S pseudouridylate 516 synthase (AAC75244.1); Blastp hit to AAC75244.1 (231 aa), 94% identity in aa 1 - 230	1
AE006468	AAL21126.1	putative ATP-dependent helicase	similar to E. coli putative ATP-dependent helicase (AAC75245.1); Blastp hit to AAC75245.1 (586 aa), 95% identity in aa 1 - 586	1
AE006468	AAL21127.1	50S ribosomal subunit protein L25	similar to E. coli 50S ribosomal subunit protein L25 (AAC75246.1); Blastp hit to AAC75246.1 (94 aa), 91% identity in aa 1 - 94	1
AE006468	AAL21128.1	putative inner membrane protein		1
AE006468	AAL21129.1	nucleotide associated protein	present in spermidine nucleoids; similar to E. coli orf, hypothetical protein (AAC75247.1); Blastp hit to AAC75247.1 (335 aa), 96% identity in aa 1 - 334	1
AE006468	AAL21130.1	putative cytoplasmic protein	similar to E. coli orf, hypothetical protein (AAC75248.1); Blastp hit to AAC75248.1 (75 aa), 90% identity in aa 1 - 75	1
AE006468	AAL21131.1	putative hydrolase of alkaline phosphatase superfamily	hypothetical protein in rplY-proL intergenic region. (SW:YEJM_SALTY)	1
AE006468	AAL21132.1	putative peptidase	similar to E. coli SOS mutagenesis; error-prone repair; processed to UmuD'; forms complex with UmuC (AAC74267.1); Blastp hit to AAC74267.1 (139 aa), 38% identity in aa 22 - 139	1
AE006468	AAL21133.1	ssrB-regulated factor	similar to msgA; virulence protein msga (SW:MSGA_SALTY)	1
AE006468	AAL21134.1	acetylation of the O-antigen (LPS)	O-antigen five:	1
AE006468	AAL21135.1	putative cytoplasmic protein	similar to E. coli orf, hypothetical protein (AAC75413.1); Blastp hit to AAC75413.1 (146 aa), 46% identity in aa 5 - 146	1
AE006468	AAL21136.1	putative tail fiber assembly protein		1
AE006468	AAL21137.1	putative phage protein	similar to E. coli orf, hypothetical protein (AAC74238.1); Blastp hit to AAC74238.1 (209 aa), 62% identity in aa 1 - 74	1
AE006468	AAL21138.1	putative phage protein		1
AE006468	AAL21139.1	putative inner membrane protein		1
AE006468	AAL21140.1	putative phage protein		1
AE006468	AAL21141.1	putative phage protein	similar to antiterminator protein Q of phage P5; similar to E. coli orf, hypothetical protein (AAC73652.1); Blastp hit to AAC73652.1 (127 aa), 47% identity in aa 1 - 121	1
AE006468	AAL21142.1	putative cytoplasmic protein	similar to E. coli orf, hypothetical protein (AAC74633.1); Blastp hit to AAC74633.1 (362 aa), 84% identity in aa 251 - 362, 43% identity in aa 14 - 238	1
AE006468	AAL21143.1	Leucine-rich repeat protein	induced by the SPI-2 regulator ssrA/B	1
AE006468	AAL21144.1	putative tail fiber protein of phage	hypothetical protein	1
AE006468	AAL21145.1	putative tail fiber protein of phage	similar to E. coli putative membrane protein (AAC74454.1); Blastp hit to AAC74454.1 (1122 aa), 60% identity in aa 458 - 505, 24% identity in aa 369 - 530	1
AE006468	AAL21146.1	virulence protein MsgA-like protein	virulence protein msga (SW:MSGA_SALTY)	1
AE006468	AAL21147.1	putative outer membrane protein		1
AE006468	AAL21148.1	response regulator in two-component regulatory system with NarQ (or NarX)	similar to E. coli nitrate/nitrite response regulator (sensor NarQ) (AAC75253.1); Blastp hit to AAC75253.1 (215 aa), 88% identity in aa 1 - 215	1
AE006468	AAL21149.1	putative heme lyase subunit	cytochrome c-type biogenesis; similar to E. coli possible subunit of heme lyase (AAC75254.1); Blastp hit to AAC75254.1 (350 aa), 73% identity in aa 1 - 342	1
AE006468	AAL21150.1	heme lyase/disulfide oxidoreductase	cytochrome c-type biogenesis; similar to E. coli disulfide oxidoreductase (in biogenesis of cytochrome c? (AAC75255.1); Blastp hit to AAC75255.1 (185 aa), 87% identity in aa 1 - 185	1
AE006468	AAL21151.1	cytochrome c-type biogenesis protein	similar to E. coli cytochrome c-type biogenesis protein (AAC75256.1); Blastp hit to AAC75256.1 (647 aa), 85% identity in aa 1 - 646	1
AE006468	AAL21152.1	periplasmic heme-dependent peroxidase	cytochrome c-type biogenesis protein; similar to E. coli cytochrome c biogenesis, possible subunit of a heme lyase (AAC75257.1); Blastp hit to AAC75257.1 (159 aa), 82% identity in aa 1 - 159	1
AE006468	AAL21153.1	heme exporter protein C	cytochrome c-type biogenesis protein; similar to E. coli heme exporter protein C (AAC75258.1); Blastp hit to AAC75258.1 (69 aa), 77% identity in aa 1 - 69	1
AE006468	AAL21154.1	heme exporter protein	ABC superfamily (membrane); cytochrome c-type biogenesis protein; similar to E. coli heme exporter protein C (AAC75259.1); Blastp hit to AAC75259.1 (245 aa), 86% identity in aa 1 - 245	1
AE006468	AAL21155.1	ABC superfamily (membrane) heme exporter protein	cytochrome c-type biogenesis protein; similar to E. coli heme exporter protein B, cytochrome c-type biogenesis protein (AAC75260.1); Blastp hit to AAC75260.1 (220 aa), 84% identity in aa 2 - 220	1
AE006468	AAL21156.1	ABC superfamily (membrane) heme exporter protein	cytochrome c-type biogenesis protein; similar to E. coli ATP binding protein of heme exporter A (AAC75261.1); Blastp hit to AAC75261.1 (205 aa), 79% identity in aa 1 - 200	1
AE006468	AAL21157.1	periplasmic nitrate reductase	cytochrome c-type biogenesis protein; similar to E. coli cytochrome c-type protein (AAC75262.1); Blastp hit to AAC75262.1 (200 aa), 88% identity in aa 1 - 200	1
AE006468	AAL21158.1	periplasmic small subunit nitrate reductase of cytochrome C550	complexes with NapA; similar to E. coli cytochrome c-type protein (AAC75263.1); Blastp hit to AAC75263.1 (156 aa), 91% identity in aa 8 - 156	1
AE006468	AAL21159.1	ferredoxin-type protein	electron transfer; similar to E. coli ferredoxin-type protein: electron transfer (AAC75264.1); Blastp hit to AAC75264.1 (287 aa), 88% identity in aa 1 - 280	1
AE006468	AAL21160.1	ferredoxin-type protein	electron transfer; similar to E. coli ferredoxin-type protein: electron transfer (AAC75265.1); Blastp hit to AAC75265.1 (231 aa), 94% identity in aa 1 - 231	1
AE006468	AAL21161.1	periplasmic large subunit nitrate reductase	complexes with NapB; similar to E. coli probable nitrate reductase 3 (AAC75266.1); Blastp hit to AAC75266.1 (828 aa), 94% identity in aa 1 - 828	1
AE006468	AAL21162.1	periplasmic nitrate reductase	similar to E. coli orf, hypothetical protein (AAC75267.1); Blastp hit to AAC75267.1 (87 aa), 81% identity in aa 1 - 87	1
AE006468	AAL21163.1	ferredoxin-type protein	electron transfer; similar to E. coli ferredoxin-type protein: electron transfer (AAC75268.1); Blastp hit to AAC75268.1 (164 aa), 76% identity in aa 3 - 164	1
AE006468	AAL21164.1	ecotin	serine protease inhibitor; similar to E. coli ecotin, a serine protease inhibitor (AAC75269.1); Blastp hit to AAC75269.1 (162 aa), 79% identity in aa 1 - 162	1
AE006468	AAL21165.1	putative ABC-type multidrug/protein/lipid transport system	ATPase component; similar to E. coli putative ATP-binding component of a transport system (AAC75271.1); Blastp hit to AAC75271.1 (547 aa), 90% identity in aa 1 - 547	1
AE006468	AAL21166.1	DNA repair system specific for alkylated DNA	alkylated DNA repair protein ALKB. (SW:ALKB_SALTY)	1
AE006468	AAL21167.1	O6-methylguanine-DNA methyltransferase	bifunctional; ADA regulatory protein (regulatory protein of adaptative response). (SW:ADA_SALTY); AraC/Xyl family transcription activator/repressor	1
AE006468	AAL21168.1	putative thiamine biosynthesis lipoprotein	thiamine biosynthesis lipoprotein APBE precursor. (SW:APBE_SALTY)	1
AE006468	AAL21169.1	outer membrane protein 1b (ib;c)	porin; outer membrane protein C precursor (porin OMPC). (SW:OMPC_SALTY)	1
AE006468	AAL21170.1	putative sensor/kinase in regulatory system	similar to E. coli putative 2-component sensor protein (AAC75276.1); Blastp hit to AAC75276.1 (890 aa), 85% identity in aa 1 - 890	1
AE006468	AAL21171.1	LuxR/UhpA family response regulator in two-component regulatory system with RcsC	positive regulator; similar to E. coli positive response regulator for colanic capsule biosynthesis, (sensor, RcsC) (AAC75277.1); Blastp hit to AAC75277.1 (216 aa), 99% identity in aa 1 - 216	1
AE006468	AAL21172.1	sensory histidine kinase in two-component regulatory system with RcsB	regulates colanic capsule biosynthesis; similar to E. coli sensor for ctr capsule biosynthesis, probable histidine kinase acting on RcsB (AAC75278.1); Blastp hit to AAC75278.1 (933 aa), 89% identity in aa 1 - 931	1
AE006468	AAL21173.1	DNA gyrase, subunit A	type II topoisomerase; similar to E. coli DNA gyrase, subunit A, type II topoisomerase (AAC75291.1); Blastp hit to AAC75291.1 (875 aa), 91% identity in aa 1 - 875	1
AE006468	AAL21174.1	putative dehydratase protein	similar to E. coli starvation sensing protein (AAC74653.1); Blastp hit to AAC74653.1 (404 aa), 30% identity in aa 198 - 384, 36% identity in aa 1 - 120	1
AE006468	AAL21175.1	putative permease	similar to E. coli putative transport protein (AAC75306.1); Blastp hit to AAC75306.1 (442 aa), 30% identity in aa 18 - 428	1
AE006468	AAL21176.1	putative gntR family regulatory protein	similar to E. coli orf, hypothetical protein (AAC74613.1); Blastp hit to AAC74613.1 (228 aa), 25% identity in aa 13 - 217	1
AE006468	AAL21177.1	3-demethylubiquinone-9 3-methyltransferase	3-demethylubiquinone-9 3-methyltransferase. (SW:UBIG_SALTY); 2-octaprenyl-6-hydroxy phenol methylase	1
AE006468	AAL21178.1	ribonucleoside diphosphate reductase 1, alpha subunit	ribonucleoside-diphosphate reductase 1 alpha chain. (SW:RIR1_SALTY)	1
AE006468	AAL21179.1	ribonucleoside-diphosphate reductase 1, beta subunit	ribonucleoside-diphosphate reductase 1 beta chain. (SW:RIR2_SALTY)	1
AE006468	AAL21180.1	putative ferredoxin	similar to E. coli orf, hypothetical protein (AAC75296.1); Blastp hit to AAC75296.1 (84 aa), 96% identity in aa 1 - 84	1
AE006468	AAL21181.1	putative permease	similar to E. coli putative transport (AAC76498.1); Blastp hit to AAC76498.1 (419 aa), 26% identity in aa 31 - 407	1
AE006468	AAL21182.1	putative LysR family transcriptional regulator	similar to E. coli orf, hypothetical protein (AAC75298.1); Blastp hit to AAC75298.1 (68 aa), 80% identity in aa 1 - 66	1
AE006468	AAL21183.1	periplasmic glycerophosphodiester phosphodiesterase	similar to E. coli glycerophosphodiester phosphodiesterase, periplasmic (AAC75299.1); Blastp hit to AAC75299.1 (358 aa), 89% identity in aa 1 - 357	1
AE006468	AAL21184.1	MFS family, sn-glycerol-3-phosphate transport protein	similar to E. coli sn-glycerol-3-phosphate permease (AAC75300.1); Blastp hit to AAC75300.1 (452 aa), 96% identity in aa 1 - 452	1
AE006468	AAL21185.1	sn-glycerol-3-phosphate dehydrogenase (anaerobic), large subunit	similar to E. coli sn-glycerol-3-phosphate dehydrogenase (anaerobic), large subunit (AAC75301.1); Blastp hit to AAC75301.1 (542 aa), 92% identity in aa 1 - 542	1
AE006468	AAL21186.1	sn-glycerol-3-phosphate dehydrogenase (anaerobic), membrane anchor subunit	similar to E. coli sn-glycerol-3-phosphate dehydrogenase (anaerobic), membrane anchor subunit (AAC75302.1); Blastp hit to AAC75302.1 (419 aa), 81% identity in aa 1 - 419	1
AE006468	AAL21187.1	sn-glycerol-3-phosphate dehydrogenase (anaerobic), K-small subunit	similar to E. coli sn-glycerol-3-phosphate dehydrogenase (anaerobic), K-small subunit (AAC75303.1); Blastp hit to AAC75303.1 (396 aa), 94% identity in aa 1 - 395	1
AE006468	AAL21188.1	putative cytoplasmic protein	similar to E. coli putative sulfatase / phosphatase (AAC75329.1); Blastp hit to AAC75329.1 (403 aa), 30% identity in aa 27 - 294, 29% identity in aa 297 - 363	1
AE006468	AAL21189.1	putative cytoplasmic protein	similar to E. coli orf, hypothetical protein (AAC75309.1); Blastp hit to AAC75309.1 (400 aa), 83% identity in aa 342 - 397	1
AE006468	AAL21190.1	putative 2,4-dihydoxyhept-2-ene-1,7-dioic acid aldolase	similar to E. coli orf, hypothetical protein (AAC75305.1); Blastp hit to AAC75305.1 (267 aa), 87% identity in aa 1 - 267	1
AE006468	AAL21191.1	putative MFS family transport protein	similar to E. coli putative transport protein (AAC75306.1); Blastp hit to AAC75306.1 (442 aa), 91% identity in aa 14 - 442	1
AE006468	AAL21192.1	putative galactonate dehydratase	similar to E. coli putative racemase (AAC75307.1); Blastp hit to AAC75307.1 (405 aa), 96% identity in aa 1 - 405	1
AE006468	AAL21193.1	putative transcriptional regulator	similar to E. coli putative regulator (AAC75308.1); Blastp hit to AAC75308.1 (260 aa), 87% identity in aa 1 - 260	1
AE006468	AAL21194.1	putative nucleotide-utilizing enzyme related to molybdopterin-biosynthesis	similar to E. coli orf, hypothetical protein (AAC75309.1); Blastp hit to AAC75309.1 (400 aa), 88% identity in aa 1 - 397	1
AE006468	AAL21195.1	putative inner membrane protein	similar to E. coli orf, hypothetical protein (AAC75310.1); Blastp hit to AAC75310.1 (187 aa), 86% identity in aa 8 - 187	1
AE006468	AAL21196.1	putative NTP pyrophosphohydrolases including oxidative damage repair enzymes	similar to E. coli orf, hypothetical protein (AAC75311.1); Blastp hit to AAC75311.1 (141 aa), 87% identity in aa 1 - 141	1
AE006468	AAL21197.1	aluminum inducible protein	similar to E. coli protein induced by aluminum (AAC75312.1); Blastp hit to AAC75312.1 (200 aa), 68% identity in aa 1 - 198	1
AE006468	AAL21198.1	putative DegT/DnrJ/EryC1/StrS family	similar to E. coli putative enzyme (AAC75313.1); Blastp hit to AAC75313.1 (390 aa), 82% identity in aa 6 - 390	1
AE006468	AAL21199.1	putative glycosyl transferase	similar to E. coli putative sugar transferase (AAC75314.1); Blastp hit to AAC75314.1 (322 aa), 87% identity in aa 1 - 318	1
AE006468	AAL21200.1	putative transformylase	hypothetical 73.6 Kda protein in ais-pmrD intergenic region. (SW:YFBG_SALTY)	1
AE006468	AAL21201.1	putative cytoplasmic protein	similar to E. coli orf, hypothetical protein (AAC75316.1); Blastp hit to AAC75316.1 (296 aa), 73% identity in aa 1 - 295	1
AE006468	AAL21202.1	putative melittin resistance protein	PqaB; affects polymycin B resistance and lipopolysaccharide synthesis; similar to E. coli orf, hypothetical protein (AAC75317.1); Blastp hit to AAC75317.1 (550 aa), 71% identity in aa 1 - 550	1
AE006468	AAL21203.1	putative inner membrane protein	unknown (gi|2921424)	1
AE006468	AAL21204.1	putative inner membrane protein	similar to E. coli putative transport/receptor protein (AAC75318.1); Blastp hit to AAC75318.1 (222 aa), 68% identity in aa 95 - 216	1
AE006468	AAL21205.1	polymyxin resistance protein B	polymyxin b resistance protein PMRD. (SW:PMRD_SALTY)	1
AE006468	AAL21206.1	o-succinylbenzoate-CoA ligase	O-succinylbenzoic acid--coA ligase. (SW:MENE_SALTY)	1
AE006468	AAL21207.1	o-succinylbenzoyl-CoA synthase	similar to E. coli o-succinylbenzoyl-CoA synthase; conversion of chorismate to 2-o-succinylbenzoyl-CoA (AAC75321.1); Blastp hit to AAC75321.1 (320 aa), 88% identity in aa 1 - 320	1
AE006468	AAL21208.1	dihydroxynaphtoic acid synthetase	similar to E. coli dihydroxynaphtoic acid synthetase (AAC75322.1); Blastp hit to AAC75322.1 (285 aa), 96% identity in aa 1 - 285	1
AE006468	AAL21209.1	putative enzyme	similar to E. coli putative enzyme (AAC75323.1); Blastp hit to AAC75323.1 (252 aa), 76% identity in aa 1 - 251	1
AE006468	AAL21210.1	2-oxoglutarate decarboxylase	bifunctional; similar to E. coli 2-oxoglutarate decarboxylase; SHCHC synthase (AAC75324.1); Blastp hit to AAC75324.1 (556 aa), 91% identity in aa 1 - 556	1
AE006468	AAL21211.1	isochorismate synthase	menaquinone biosynthesis; similar to E. coli isochorismate hydroxymutase 2, menaquinone biosynthesis (AAC75325.1); Blastp hit to AAC75325.1 (356 aa), 78% identity in aa 1 - 356	1
AE006468	AAL21212.1	putative inner membrane protein	similar to E. coli orf, hypothetical protein (AAC75326.1); Blastp hit to AAC75326.1 (101 aa), 89% identity in aa 1 - 101	1
AE006468	AAL21213.1	putative acyltransferase	similar to E. coli orf, hypothetical protein (AAC75327.1); Blastp hit to AAC75327.1 (153 aa), 80% identity in aa 1 - 153	1
AE006468	AAL21214.1	putative metal-dependent hydrolase	similar to E. coli orf, hypothetical protein (AAC75328.1); Blastp hit to AAC75328.1 (311 aa), 80% identity in aa 7 - 311	1
AE006468	AAL21215.1	putative chemotaxis signal transduction protein	similar to E. coli positive regulator of CheA protein activity (AAC74957.1); Blastp hit to AAC74957.1 (167 aa), 25% identity in aa 18 - 151	1
AE006468	AAL21216.1	putative von Willebrand factor, vWF type A domain protein	similar to E. coli orf, hypothetical protein (AAC75330.1); Blastp hit to AAC75330.1 (575 aa), 45% identity in aa 22 - 190	1
AE006468	AAL21217.1	NADH dehydrogenase I chain N	similar to E. coli NADH dehydrogenase I chain N (AAC75336.1); Blastp hit to AAC75336.1 (425 aa), 95% identity in aa 1 - 425	1
AE006468	AAL21218.1	NADH dehydrogenase I chain M	similar to E. coli NADH dehydrogenase I chain M (AAC75337.1); Blastp hit to AAC75337.1 (509 aa), 96% identity in aa 1 - 509	1
AE006468	AAL21219.1	NADH dehydrogenase I chain L	similar to E. coli NADH dehydrogenase I chain L (AAC75338.1); Blastp hit to AAC75338.1 (613 aa), 94% identity in aa 1 - 613	1
AE006468	AAL21220.1	NADH dehydrogenase I chain K	similar to E. coli NADH dehydrogenase I chain K (AAC75339.1); Blastp hit to AAC75339.1 (100 aa), 99% identity in aa 1 - 100	1
AE006468	AAL21221.1	NADH dehydrogenase I chain J	similar to E. coli NADH dehydrogenase I chain J (AAC75340.1); Blastp hit to AAC75340.1 (184 aa), 96% identity in aa 1 - 184	1
AE006468	AAL21222.1	NADH dehydrogenase I chain I	similar to E. coli NADH dehydrogenase I chain I (AAC75341.1); Blastp hit to AAC75341.1 (180 aa), 99% identity in aa 1 - 180	1
AE006468	AAL21223.1	NADH dehydrogenase I chain H	nadh dehydrogenase I chain H. (SW:NUOH_SALTY)	1
AE006468	AAL21224.1	NADH dehydrogenase I chain G	nadh dehydrogenase I chain G. (SW:NUOG_SALTY)	1
AE006468	AAL21225.1	NADH dehydrogenase I chain F	nadh dehydrogenase I chain F. (SW:NUOF_SALTY)	1
AE006468	AAL21226.1	NADH dehydrogenase I chain E	nadh dehydrogenaseI i chain E. (SW:NUOE_SALTY)	1
AE006468	AAL21227.1	NADH dehydrogenase I chain C,D	nadh dehydrogenase I chain C/D. (SW:NUCD_SALTY)	1
AE006468	AAL21228.1	NADH dehydrogenase I chain B	similar to E. coli NADH dehydrogenase I chain B (AAC75347.1); Blastp hit to AAC75347.1 (220 aa), 99% identity in aa 1 - 220	1
AE006468	AAL21229.1	NADH dehydrogenase I chain A	similar to E. coli NADH dehydrogenase I chain A (AAC75348.1); Blastp hit to AAC75348.1 (147 aa), 97% identity in aa 1 - 147	1
AE006468	AAL21230.1	putative cytoplasmic protein	hypothetical protein	1
AE006468	AAL21231.1	LysR family NADH dehydrogenase transcriptional repressor	similar to E. coli NADH dehydrogenase transcriptional regulator, LysR family (AAC75349.1); Blastp hit to AAC75349.1 (312 aa), 86% identity in aa 1 - 312	1
AE006468	AAL21232.1	putative aminotransferase (ortho)	putative regulator; similar to E. coli putative aminotransferase (AAC75350.1); Blastp hit to AAC75350.1 (405 aa), 96% identity in aa 1 - 404	1
AE006468	AAL21233.1	putative hydrolase of HD superfamily	similar to E. coli putative alpha helix protein (AAC75351.1); Blastp hit to AAC75351.1 (199 aa), 91% identity in aa 1 - 199	1
AE006468	AAL21234.1	putative response regulator	similar to E. coli putative transport protein (AAC75352.1); Blastp hit to AAC75352.1 (610 aa), 90% identity in aa 1 - 610	1
AE006468	AAL21235.1	putative phosphatase	similar to E. coli putative phosphatase (AAC75353.1); Blastp hit to AAC75353.1 (222 aa), 86% identity in aa 1 - 221	1
AE006468	AAL21236.1	putative cytoplasmic protein	similar to E. coli orf, hypothetical protein (AAC75354.1); Blastp hit to AAC75354.1 (170 aa), 95% identity in aa 7 - 170	1
AE006468	AAL21237.1	putative cytoplasmic protein	similar to E. coli orf, hypothetical protein (AAC75355.1); Blastp hit to AAC75355.1 (151 aa), 95% identity in aa 1 - 151	1
AE006468	AAL21238.1	acetate kinase A	propionate kinase 2; similar to E. coli acetate kinase (AAC75356.1); Blastp hit to AAC75356.1 (400 aa), 97% identity in aa 1 - 400	1
AE006468	AAL21239.1	phosphotransacetylase	similar to E. coli phosphotransacetylase (AAC75357.1); Blastp hit to AAC75357.1 (714 aa), 96% identity in aa 1 - 714	1
AE006468	AAL21240.1	putative integral membrane protein	similar to E. coli putative S-transferase (AAC75358.1); Blastp hit to AAC75358.1 (513 aa), 91% identity in aa 8 - 513	1
AE006468	AAL21241.1	putative transketolase	similar to E. coli 1-deoxyxylulose-5-phosphate synthase; flavoprotein (AAC73523.1); Blastp hit to AAC73523.1 (620 aa), 26% identity in aa 323 - 619	1
AE006468	AAL21242.1	putative transketolase	similar to E. coli transketolase 1 isozyme (AAC75972.1); Blastp hit to AAC75972.1 (663 aa), 33% identity in aa 6 - 267	1
AE006468	AAL21243.1	putative inner membrane protein	similar to E. coli orf, hypothetical protein (AAC77150.1); Blastp hit to AAC77150.1 (484 aa), 27% identity in aa 30 - 483	1
AE006468	AAL21244.1	putative cytoplasmic protein		1
AE006468	AAL21245.1	putative phosphotransferase system	similar to E. coli putative PTS system enzyme II A component (AAC77152.1); Blastp hit to AAC77152.1 (154 aa), 41% identity in aa 12 - 149	1
AE006468	AAL21246.1	putative transcriptional regulator	similar to E. coli regulator of gluconate (gnt) operon (AAC76463.1); Blastp hit to AAC76463.1 (313 aa), 37% identity in aa 8 - 299	1
AE006468	AAL21247.1	putative NTP pyrophosphohydrolase	similar to E. coli putative regulator (AAC75359.1); Blastp hit to AAC75359.1 (180 aa), 92% identity in aa 1 - 180	1
AE006468	AAL21248.1	putative phosphoesterase	similar to E. coli orf, hypothetical protein (AAC75360.1); Blastp hit to AAC75360.1 (184 aa), 85% identity in aa 2 - 183	1
AE006468	AAL21249.1	putative glutathione-S-transferase	similar to E. coli orf, hypothetical protein (AAC75361.1); Blastp hit to AAC75361.1 (214 aa), 80% identity in aa 1 - 214	1
AE006468	AAL21250.1	putative glutathione S-transferase	similar to E. coli putative S-transferase (AAC75362.1); Blastp hit to AAC75362.1 (215 aa), 83% identity in aa 1 - 208	1
AE006468	AAL21251.1	putative sugar nucleotide epimerase	similar to E. coli putative sugar nucleotide epimerase (AAC75364.1); Blastp hit to AAC75364.1 (297 aa), 86% identity in aa 1 - 297	1
AE006468	AAL21252.1	histidine and lysine/arginine/ornithine transport protein	ABC superfamily (atp_bind); histidine transport ATP-binding protein HISP. (SW:HISP_SALTY)	1
AE006468	AAL21253.1	histidine and lysine/arginine/ornithine transport protein	ABC superfamily (membrane); histidine transport system permease protein HISM. (SW:HISM_SALTY)	1
AE006468	AAL21254.1	histidine and lysine/arginine/ornithine transport system	ABC superfamily (membrane); histidine transport system permease protein HISQ. (SW:HISQ_SALTY)	1
AE006468	AAL21255.1	histidine transport protein	ABC superfamily (bind_prot); histidine-binding periplasmic protein precursor (HBP). (SW:HISJ_SALTY)	1
AE006468	AAL21256.1	lysine/arginine/ornithine transport protein	ABC superfamily (bind_prot); lysine-arginine-ornithine-binding periplasmic protein precursor(LAO-binding protein). (SW:ARGT_SALTY)	1
AE006468	AAL21257.1	3-octaprenyl-4-hydroxybenzoate carboxy-lyase	similar to E. coli 3-octaprenyl-4-hydroxybenzoate carboxy-lyase (AAC75371.1); Blastp hit to AAC75371.1 (189 aa), 91% identity in aa 1 - 189	1
AE006468	AAL21258.1	putative amino acid transporter	similar to E. coli putative amino acid/amine transport protein (AAC73363.1); Blastp hit to AAC73363.1 (475 aa), 36% identity in aa 9 - 463	1
AE006468	AAL21259.1	putative cytoplasmic protein	similar to E. coli orf, hypothetical protein (AAC76406.1); Blastp hit to AAC76406.1 (387 aa), 27% identity in aa 33 - 293	1
AE006468	AAL21260.1	putative amino acid transporter	similar to E. coli acid sensitivity protein, putative transporter (AAC74565.1); Blastp hit to AAC74565.1 (511 aa), 25% identity in aa 15 - 479	1
AE006468	AAL21261.1	putative diaminopimelate decarboxylase	similar to E. coli diaminopimelate decarboxylase (AAC75877.1); Blastp hit to AAC75877.1 (420 aa), 27% identity in aa 182 - 419, 26% identity in aa 20 - 289	1
AE006468	AAL21262.1	putative regulatory protein	similar to E. coli response regulator of ato, ornithine decarboxylase antizyme (sensor ATOS) (AAC75280.1); Blastp hit to AAC75280.1 (461 aa), 39% identity in aa 122 - 456	1
AE006468	AAL21263.1	amidophosphoribosyltransferase	PRPP amidotransferase; similar to E. coli amidophosphoribosyltransferase = PRPP amidotransferase (AAC75372.1); Blastp hit to AAC75372.1 (505 aa), 96% identity in aa 1 - 505	1
AE006468	AAL21264.1	membrane protein required for colicin V production	similar to E. coli membrane protein required for colicin V production (AAC75373.1); Blastp hit to AAC75373.1 (162 aa), 96% identity in aa 1 - 161	1
AE006468	AAL21265.1	putative lipoprotein	similar to E. coli putative lipoprotein (AAC75374.1); Blastp hit to AAC75374.1 (211 aa), 82% identity in aa 1 - 211	1
AE006468	AAL21266.1	folylpolyglutamate synthase	multifunctional; contains formylTHF polyglutamate synthase activity; similar to E. coli dihydrofolate:folylpolyglutamate synthetase; dihydrofolate synthetase (AAC75375.1); Blastp hit to AAC75375.1 (422 aa), 87% identity in aa 4 - 422; dihydrofolate synthase	1
AE006468	AAL21267.1	acetylCoA carboxylase, beta subunit	similar to E. coli acetylCoA carboxylase, carboxytransferase component, beta subunit (AAC75376.1); Blastp hit to AAC75376.1 (304 aa), 98% identity in aa 1 - 304	1
AE006468	AAL21268.1	putative DedA family	similar to E. coli orf, hypothetical protein (AAC75377.1); Blastp hit to AAC75377.1 (219 aa), 96% identity in aa 1 - 219	1
AE006468	AAL21269.1	pseudouridylate synthase I	similar to E. coli pseudouridylate synthase I (AAC75378.1); Blastp hit to AAC75378.1 (270 aa), 96% identity in aa 1 - 270	1
AE006468	AAL21270.1	putative aspartate-semialdehyde dehydrogenase	similar to E. coli putative PTS system enzyme II A component (AAC75379.1); Blastp hit to AAC75379.1 (337 aa), 89% identity in aa 1 - 337	1
AE006468	AAL21271.1	erythronate-4-phosphate dehydrogenase	similar to E. coli erythronate-4-phosphate dehydrogenase (AAC75380.1); Blastp hit to AAC75380.1 (378 aa), 88% identity in aa 1 - 377	1
AE006468	AAL21272.1	cell division protein	Couples flagellar P- and L-ring assembly to flagellar morphogenesis; Flk (gi|1930001)	1
AE006468	AAL21273.1	putative transport protein	similar to E. coli putative transport protein (AAC75382.1); Blastp hit to AAC75382.1 (392 aa), 88% identity in aa 1 - 392	1
AE006468	AAL21274.1	putative cytoplasmic protein		1
AE006468	AAL21275.1	putatiave helix-turn-helix regulatory protein	similar to E. coli regulatory factor of maltose metabolism; similar to Ner repressor protein of phage Mu (AAC76220.1); Blastp hit to AAC76220.1 (92 aa), 50% identity in aa 1 - 73	1
AE006468	AAL21276.1	putative cytoplasmic protein		1
AE006468	AAL21277.1	putative periplasmic protein		1
AE006468	AAL21278.1	putative inner membrane protein		1
AE006468	AAL21279.1	3-oxoacyl-[acyl-carrier-protein] synthase I	similar to E. coli 3-oxoacyl-[acyl-carrier-protein] synthase I (AAC75383.1); Blastp hit to AAC75383.1 (406 aa), 96% identity in aa 1 - 404	1
AE006468	AAL21280.1	putative peptidase	similar to E. coli putative peptidase (AAC75384.1); Blastp hit to AAC75384.1 (688 aa), 79% identity in aa 1 - 686	1
AE006468	AAL21281.1	putative cytoplasmic protein	similar to E. coli orf, hypothetical protein (AAC75385.1); Blastp hit to AAC75385.1 (92 aa), 85% identity in aa 1 - 91	1
AE006468	AAL21282.1	putative cytoplasmic protein	similar to E. coli putative transporting ATPase (AAC75386.1); Blastp hit to AAC75386.1 (182 aa), 92% identity in aa 1 - 182	1
AE006468	AAL21283.1	putative permease	similar to E. coli putative structural protein (AAC75387.1); Blastp hit to AAC75387.1 (269 aa), 90% identity in aa 1 - 269	1
AE006468	AAL21284.1	penicillin-insensitive murein DD-endopeptidase	similar to E. coli murein DD-endopeptidase, penicillin-insensitive (AAC75388.1); Blastp hit to AAC75388.1 (274 aa), 89% identity in aa 1 - 274	1
AE006468	AAL21285.1	chorismate synthase	similar to E. coli chorismate synthase (AAC75389.1); Blastp hit to AAC75389.1 (361 aa), 95% identity in aa 1 - 361	1
AE006468	AAL21286.1	putative methylase	similar to E. coli putative adenine-specific methylase (AAC75390.1); Blastp hit to AAC75390.1 (421 aa), 94% identity in aa 112 - 421	1
AE006468	AAL21287.1	putative Smr domain containing protein	similar to E. coli orf, hypothetical protein (AAC75391.1); Blastp hit to AAC75391.1 (183 aa), 93% identity in aa 1 - 183	1
AE006468	AAL21288.1	phosphohistidine phosphatase	similar to E. coli orf, hypothetical protein (AAC75400.1); Blastp hit to AAC75400.1 (161 aa), 89% identity in aa 1 - 161	1
AE006468	AAL21289.1	putative dehydrogenase	similar to E. coli putative enzyme (AAC75401.1); Blastp hit to AAC75401.1 (714 aa), 86% identity in aa 1 - 712	1
AE006468	AAL21290.2	putative acetyl-CoA acetyltransferase	similar to E. coli putative acyltransferase (AAC75402.1); Blastp hit to AAC75402.1 (436 aa), 93% identity in aa 1 - 436	1
AE006468	AAL21291.1	putative cytoplasmic protein	similar to E. coli orf, hypothetical protein (AAC75403.1); Blastp hit to AAC75403.1 (102 aa), 93% identity in aa 9 - 102	1
AE006468	AAL21292.1	transport of long-chain fatty acids	sensitivity to phage T2; similar to E. coli transport of long-chain fatty acids; sensitivity to phage T2 (AAC75404.1); Blastp hit to AAC75404.1 (448 aa), 91% identity in aa 1 - 448	1
AE006468	AAL21293.1	lipoprotein precursor	similar to E. coli lipoprotein precursor (AAC75406.1); Blastp hit to AAC75406.1 (251 aa), 94% identity in aa 1 - 251	1
AE006468	AAL21294.1	putative transport	similar to E. coli putative transport (AAC75407.1); Blastp hit to AAC75407.1 (310 aa), 87% identity in aa 1 - 304	1
AE006468	AAL21295.1	outer membrane protein E	phosphoglycerate transport; outer membrane protease E precursor. (SW:PGTE_SALTY)	1
AE006468	AAL21296.1	activator protein	phosphoglycerate transport; phosphoglycerate transport system transcriptional regulatory protein PGTA. (SW:PGTA_SALTY)	1
AE006468	AAL21297.1	protein for signal transmission	phosphoglycerate transport; phosphoglycerate transport system sensor protein PGTB. (SW:PGTB_SALTY)	1
AE006468	AAL21298.1	protein for signal transmission	phosphoglycerate transport; phosphoglycerate transport regulatory protein PGTC precursor. (SW:PGTC_SALTY)	1
AE006468	AAL21299.1	transporter protein	phosphoglycerate transport; phosphoglycerate transporter protein. (SW:PGTP_SALTY)	1
AE006468	AAL21300.1	putative inner membrane protein	similar to E. coli orf, hypothetical protein (AAC75436.1); Blastp hit to AAC75436.1 (80 aa), 67% identity in aa 1 - 80	1
AE006468	AAL21301.1	cold shock-induced palmitoleoyl transferase	similar to E. coli putative heat shock protein (AAC75437.1); Blastp hit to AAC75437.1 (328 aa), 90% identity in aa 23 - 328	1
AE006468	AAL21302.1	putative aminotransferase	similar to E. coli putative aminotransferase (AAC75438.1); Blastp hit to AAC75438.1 (412 aa), 95% identity in aa 1 - 412	1
AE006468	AAL21303.1	glucokinase	similar to E. coli glucokinase (AAC75447.1); Blastp hit to AAC75447.1 (321 aa), 93% identity in aa 1 - 321	1
AE006468	AAL21304.1	putative chloride channel permease	similar to E. coli orf, hypothetical protein (AAC75448.1); Blastp hit to AAC75448.1 (418 aa), 80% identity in aa 1 - 408	1
AE006468	AAL21305.1	putative thiamine pyrophosphate enzymes	similar to E. coli acetolactate synthase III, valine sensitive, large subunit (AAC73188.1); Blastp hit to AAC73188.1 (604 aa), 24% identity in aa 37 - 505	1
AE006468	AAL21306.1	putative oxidoreductase	similar to E. coli putative reductase (AAC76037.1); Blastp hit to AAC76037.1 (346 aa), 60% identity in aa 1 - 335	1
AE006468	AAL21307.1	putative periplasmic protein	similar to E. coli orf, hypothetical protein (AAC75449.1); Blastp hit to AAC75449.1 (108 aa), 91% identity in aa 1 - 108	1
AE006468	AAL21308.1	manganese/divalent cation transport protein	Nramp family; manganese transport protein MNTH. (SW:MNTH_SALTY)	1
AE006468	AAL21309.1	NUP family nucleoside transport protein	similar to E. coli permease of transport system for 3 nucleosides (AAC75452.1); Blastp hit to AAC75452.1 (400 aa), 98% identity in aa 1 - 400	1
AE006468	AAL21310.1	putative diguanylate cyclase/phosphodiesterase domain 1 containing protein	diguanylate cyclase/phosphodiesterase domain 2; similar to E. coli orf, hypothetical protein (AAC75454.1); Blastp hit to AAC75454.1 (768 aa), 68% identity in aa 45 - 766	1
AE006468	AAL21311.1	putative negative regulator	similar to E. coli orf, hypothetical protein (AAC75455.1); Blastp hit to AAC75455.1 (119 aa), 79% identity in aa 1 - 119	1
AE006468	AAL21312.1	putative negative regulator	similar to E. coli orf, hypothetical protein (AAC75456.1); Blastp hit to AAC75456.1 (130 aa), 70% identity in aa 1 - 129	1
AE006468	AAL21313.1	glutamate tRNA synthetase, catalytic subunit	similar to E. coli glutamate tRNA synthetase, catalytic subunit (AAC75457.1); Blastp hit to AAC75457.1 (471 aa), 95% identity in aa 1 - 471	1
AE006468	AAL21314.1	regulator for XapA	LysR family; similar to E. coli regulator for xapA (AAC75458.1); Blastp hit to AAC75458.1 (294 aa), 80% identity in aa 1 - 293	1
AE006468	AAL21315.1	MFS superfamily xanthosine permease	similar to E. coli xanthosine permease (AAC75459.1); Blastp hit to AAC75459.1 (418 aa), 88% identity in aa 1 - 418	1
AE006468	AAL21316.1	xanthosine phosphorylase	similar to E. coli xanthosine phosphorylase (AAC75460.1); Blastp hit to AAC75460.1 (277 aa), 87% identity in aa 1 - 277; purine nucleoside phosphorylase	1
AE006468	AAL21317.1	putative outer membrane protein	similar to E. coli putative sugar hydrolase (AAC75461.1); Blastp hit to AAC75461.1 (254 aa), 85% identity in aa 1 - 254	1
AE006468	AAL21318.1	putative LysR family transcriptional regulator	similar to E. coli putative transcriptional regulator LYSR-type (AAC75462.1); Blastp hit to AAC75462.1 (308 aa), 79% identity in aa 1 - 308	1
AE006468	AAL21319.2	putative Na+-dependent transporter	similar to E. coli putative cytochrome oxidase (AAC75463.1); Blastp hit to AAC75463.1 (332 aa), 90% identity in aa 1 - 332	1
AE006468	AAL21320.1	putative cytoplasmic protein		1
AE006468	AAL21321.1	DNA ligase	similar to E. coli DNA ligase (AAC75464.1); Blastp hit to AAC75464.1 (671 aa), 92% identity in aa 1 - 671	1
AE006468	AAL21322.1	cell division protein involved in FtsZ ring	cell division protein ZIPA. (SW:ZIPA_SALTY)	1
AE006468	AAL21323.1	required for sulfate transport	CYSZ protein. (SW:CYSZ_SALTY)	1
AE006468	AAL21324.1	subunit of cysteine synthase A and O-acetylserine sulfhydrolase A	cysteine synthase A. (SW:CYSK_SALTY)	1
AE006468	AAL21325.1	phosphohistidinoprotein-hexose phosphotransferase	Hpr protein; PTS family; phosphocarrier protein HPR (histidine-containing protein). (SW:PTHP_ECOLI)	1
AE006468	AAL21326.1	PEP-protein phosphotransferase	Enzyme I; General PTS family; phosphoenolpyruvate-protein phosphotransferase. (SW:PT1_SALTY)	1
AE006468	AAL21327.1	glucose-specific IIA component	PTS family; PTS system; glucose-specific IIA component (EIIA-GLC) (glucose-permease IIA component) (phosphotransferase enzyme II, A component). (SW:PTGA_SALTY)	1
AE006468	AAL21328.1	putative cytoplasmic protein	hypothetical protein	1
AE006468	AAL21329.1	pyridoxal-pyridoxamine kinase	hydroxymethylpyrimidine kinase; pyridoxine kinase. (SW:PDXK_SALTY)	1
AE006468	AAL21330.1	putative gntR family regulatory protein	putative transcriptional regulatory protein PTSJ. (SW:PTSJ_SALTY)	1
AE006468	AAL21331.1	putative GMP synthase	contains glutamine amidotransferase domain; hypothetical 18.7 Kda protein in pdxK-cysM intergenic region. (SW:YFEJ_SALTY)	1
AE006468	AAL21332.2	putative periplasmic protein	hypothetical 13.3 Kda protein in pdxK-cysM intergenic region. (SW:YFEK_SALTY)	1
AE006468	AAL21333.1	putative membrane carboxypeptidase	penicillin-binding protein; hypothetical 20.5 Kda protein in pdxK-cysM intergenic region. (SW:YFEL_SALTY)	1
AE006468	AAL21334.1	cysteine synthase B	O-acetylserine sulfhydrolase B; cysteine synthase B. (SW:CYSM_SALTY)	1
AE006468	AAL21335.1	sulfate permease A protein	chromate resistance; ABC superfamily (atp_bind); sulfate transport atp-binding protein CYSA. (SW:CYSA_SALTY)	1
AE006468	AAL21336.1	thiosulfate permease W protein	ABC superfamily (membrane); similar to E. coli sulfate transport system permease W protein (AAC75476.1); Blastp hit to AAC75476.1 (149 aa), 99% identity in aa 1 - 149	1
AE006468	AAL21337.1	thiosulfate transport protein	ABC superfamily (membrane); similar to E. coli sulfate, thiosulfate transport system permease T protein (AAC75477.1); Blastp hit to AAC75477.1 (277 aa), 95% identity in aa 1 - 277	1
AE006468	AAL21338.1	thiosulfate transport protein	ABC superfamily (bind_prot); thiosulfate-binding protein precursor. (SW:CYSP_SALTY)	1
AE006468	AAL21339.1	putative oxidoreductase	similar to E. coli putative oxidoreductase (AAC75479.1); Blastp hit to AAC75479.1 (285 aa), 92% identity in aa 23 - 285	1
AE006468	AAL21340.1	putative iron-dependent peroxidase	similar to E. coli orf, hypothetical protein (AAC75484.1); Blastp hit to AAC75484.1 (308 aa), 94% identity in aa 10 - 308	1
AE006468	AAL21341.1	putative outer membrane lipoprotein	similar to E. coli orf, hypothetical protein (AAC75485.1); Blastp hit to AAC75485.1 (191 aa), 80% identity in aa 1 - 191	1
AE006468	AAL21342.1	putative inner membrane protein	similar to E. coli orf, hypothetical protein (AAC75486.1); Blastp hit to AAC75486.1 (151 aa), 73% identity in aa 3 - 151	1
AE006468	AAL21343.1	putative acetyltransferase	similar to E. coli orf, hypothetical protein (AAC75487.1); Blastp hit to AAC75487.1 (178 aa), 85% identity in aa 1 - 178	1
AE006468	AAL21344.1	N-acetylmuramoyl-l-alanine amidase I	probable N-acetylmuramoyl-L-alanine amidase AMIA precursor. (SW:AMIA_SALTY)	1
AE006468	AAL21345.1	coproporphyrinogen III oxidase	coproporphyrinogen III oxidase, aerobic. (SW:HEM6_SALTY)	1
AE006468	AAL21346.1	putative inner membrane protein	hypothetical protein in eutR-hemF intergenic region (ORF33). (SW:YPFK_SALTY)	1
AE006468	AAL21347.1	putative cytoplasmic protein	hypothetical 30.0 Kda protein in eutR-hemF intergenic region (ORF79). (SW:YPFL_SALTY)	1
AE006468	AAL21348.1	putative regulator ethanolamine operon	AraC/XylS family; ethanolamine operon regulatory protein. (SW:EUTR_SALTY)	1
AE006468	AAL21349.1	putative carboxysome structural protein	ethanolamine utilization; ethanolamine utilization protein EUTK precursor. (SW:EUTK_SALTY)	1
AE006468	AAL21350.1	putative carboxysome structural protein	ethanolamine utilization; ethanolamine utilization protein EUTL. (SW:EUTL_SALTY)	1
AE006468	AAL21351.1	ethanolamine ammonia-lyase, light chain	ethanolamine ammonia-lyase light chain. (SW:EUTC_SALTY)	1
AE006468	AAL21352.1	ethanolamine ammonia-lyase, heavy chain	ethanolamine ammonia-lyase heavy chain. (SW:EUTB_SALTY)	1
AE006468	AAL21353.1	CPPZ-55 prophage protein	chaperonin in ethanolamine utilization; ethanolamine utilization protein EUTA. (SW:EUTA_SALTY)	1
AE006468	AAL21354.1	putative transport protein	ethanolamine utilization; ethanolamine utilization protein EUTH . (SW:EUTH_SALTY)	1
AE006468	AAL21355.1	putative transport protein in ethanolamine utilization	ethanolamine utilization protein EUTG. (SW:EUTG_SALTY)	1
AE006468	AAL21356.1	putative heatshock protein (Hsp70)	ethanolamine utilization protein EUTJ. (SW:EUTJ_SALTY)	1
AE006468	AAL21357.1	putative aldehyde oxidoreductase in ethanolamine utilization	ethanolamine utilization protein EUTE. (SW:EUTE_SALTY)	1
AE006468	AAL21358.1	putative detox protein in ethanolamine utilization	ethanolamine utilization protein EUTN. (SW:EUTN_SALTY)	1
AE006468	AAL21359.1	putative detox protein in ethanolamine utilization	ethanolamine utilization protein EUTM precursor. (SW:EUTM_SALTY)	1
AE006468	AAL21360.1	putative phosphotransacetylase in ethanolamine utilization	ethanolamine utilization protein EUTD. (SW:EUTD_SALTY)	1
AE006468	AAL21361.1	putative ethanolamine utilization cobalamin adenosyltransferase	ethanolamine utilization cobalamin adenosyltransferase. (SW:EUTT_SALTY)	1
AE006468	AAL21362.1	putative ethanolamine utilization protein	ethanolamine utilization protein EUTQ. (SW:EUTQ_SALTY)	1
AE006468	AAL21363.1	putative ethanolamine utilization protein	ethanolamine utilization protein EUTP. (SW:EUTP_SALTY)	1
AE006468	AAL21364.1	putative ethanol utilization carboxysome structural protein	ethanolamine utilization protein EUTS. (SW:EUTS_SALTY)	1
AE006468	AAL21365.1	transposase for IS200	transposase for insertion sequence element is200 (SW:T200_SALTY)	1
AE006468	AAL21366.1	putative transferase	NADP-dependent malic enzyme. (SW:MAO2_SALTY)	1
AE006468	AAL21367.1	transaldolase A	similar to E. coli transaldolase A (AAC75517.1); Blastp hit to AAC75517.1 (316 aa), 89% identity in aa 1 - 316	1
AE006468	AAL21368.1	transketolase 2 isozyme	similar to E. coli transketolase 2 isozyme (AAC75518.1); Blastp hit to AAC75518.1 (667 aa), 92% identity in aa 1 - 666	1
AE006468	AAL21369.1	putative cytoplasmic protein	hypothetical protein	1
AE006468	AAL21370.1	putative periplasmic protein	similar to E. coli orf, hypothetical protein (AAC75519.1); Blastp hit to AAC75519.1 (347 aa), 77% identity in aa 1 - 347	1
AE006468	AAL21371.1	putative pyrophosphohydrolase	similar to E. coli orf, hypothetical protein (AAC75520.1); Blastp hit to AAC75520.1 (191 aa), 87% identity in aa 1 - 191	1
AE006468	AAL21372.1	putative beta-lactamase class C	similar to E. coli putative beta-lactamase (AAC75483.1); Blastp hit to AAC75483.1 (463 aa), 72% identity in aa 30 - 461	1
AE006468	AAL21373.1	putative oxidoreductase	similar to E. coli putative oxidoreductase, Fe-S subunit (AAC75521.1); Blastp hit to AAC75521.1 (659 aa), 85% identity in aa 1 - 651	1
AE006468	AAL21374.1	sensory histidine kinase in two-component regulatory system with NarP (NarL)	similar to E. coli sensor for nitrate reductase system, protein histidine kinase (acts on NarP and narL) (AAC75522.1); Blastp hit to AAC75522.1 (566 aa), 88% identity in aa 3 - 565	1
AE006468	AAL21375.1	RND family aminoglycoside/multidrug efflux pump	similar to E. coli sensitivity to acriflavine, integral membrane protein, possible efflux pump (AAC75523.1); Blastp hit to AAC75523.1 (1037 aa), 94% identity in aa 1 - 1037	1
AE006468	AAL21376.1	putative glutaredoxin family protein	similar to E. coli orf, hypothetical protein (AAC75524.1); Blastp hit to AAC75524.1 (118 aa), 80% identity in aa 1 - 118	1
AE006468	AAL21377.1	N-succinyl-diaminopimelate deacylase	similar to E. coli N-succinyl-diaminopimelate deacylase (AAC75525.1); Blastp hit to AAC75525.1 (375 aa), 94% identity in aa 1 - 375	1
AE006468	AAL21378.1	putative inner membrane protein		1
AE006468	AAL21379.1	putative acetyltransferase	similar to E. coli orf, hypothetical protein (AAC75527.1); Blastp hit to AAC75527.1 (671 aa), 71% identity in aa 1 - 662	1
AE006468	AAL21380.1	putative inner membrane protein	similar to E. coli orf, hypothetical protein (AAC75528.1); Blastp hit to AAC75528.1 (287 aa), 92% identity in aa 1 - 286	1
AE006468	AAL21381.1	phosphoribosylaminoimidazole-succinocarboxamide synthetase	SAICAR synthetase; similar to E. coli phosphoribosylaminoimidazole-succinocarboxamide synthetase = SAICAR synthetase (AAC75529.1); Blastp hit to AAC75529.1 (237 aa), 94% identity in aa 1 - 237	1
AE006468	AAL21382.1	lipoprotein-34	similar to E. coli lipoprotein-34 (AAC75530.1); Blastp hit to AAC75530.1 (345 aa), 92% identity in aa 2 - 345	1
AE006468	AAL21383.1	dihydrodipicolinate synthase	similar to E. coli dihydrodipicolinate synthase (AAC75531.1); Blastp hit to AAC75531.1 (292 aa), 91% identity in aa 1 - 292	1
AE006468	AAL21384.1	transcriptional repressor of gcv operon	similar to E. coli transcriptional regulation of gcv operon (AAC75532.1); Blastp hit to AAC75532.1 (212 aa), 88% identity in aa 1 - 212	1
AE006468	AAL21385.1	thioredoxin dependent thiol peroxidase	similar to E. coli bacterioferritin comigratory protein (AAC75533.1); Blastp hit to AAC75533.1 (156 aa), 98% identity in aa 1 - 156	1
AE006468	AAL21386.1	putative glycerate kinase	similar to E. coli orf, hypothetical protein (AAC73616.1); Blastp hit to AAC73616.1 (381 aa), 52% identity in aa 191 - 298	1
AE006468	AAL21387.1	putative PerM family permease	similar to E. coli putative permease (AAC75546.1); Blastp hit to AAC75546.1 (353 aa), 94% identity in aa 1 - 350	1
AE006468	AAL21388.1	putative inner membrane or exported	similar to E. coli orf, hypothetical protein (AAC75547.1); Blastp hit to AAC75547.1 (487 aa), 92% identity in aa 1 - 487	1
AE006468	AAL21389.1	putative arsenate reductase	similar to E. coli putative oxidoreductase (AAC75548.1); Blastp hit to AAC75548.1 (119 aa), 83% identity in aa 1 - 119	1
AE006468	AAL21390.1	putative ATPase involved in DNA replication initiation	similar to E. coli putative DNA replication factor (AAC75549.1); Blastp hit to AAC75549.1 (248 aa), 98% identity in aa 12 - 248	1
AE006468	AAL21391.1	NCS2 family uracil transport protein	similar to E. coli uracil transport (AAC75550.1); Blastp hit to AAC75550.1 (429 aa), 94% identity in aa 1 - 425	1
AE006468	AAL21392.1	uracil phosphoribosyltransferase	similar to E. coli uracil phosphoribosyltransferase (AAC75551.1); Blastp hit to AAC75551.1 (217 aa), 99% identity in aa 10 - 217	1
AE006468	AAL21393.1	phosphoribosylaminoimidazole synthetase	AIR synthetase; similar to E. coli phosphoribosylaminoimidazole synthetase = AIR synthetase (AAC75552.1); Blastp hit to AAC75552.1 (345 aa), 91% identity in aa 1 - 345	1
AE006468	AAL21394.1	polyphosphate kinase	component of RNA degradosome; similar to E. coli phosphoribosylglycinamide formyltransferase 1 (AAC75553.1); Blastp hit to AAC75553.1 (212 aa), 87% identity in aa 1 - 212	1
AE006468	AAL21395.1	polyphosphate kinase	component of RNA degradosome; similar to E. coli polyphosphate kinase (AAC75554.1); Blastp hit to AAC75554.1 (688 aa), 96% identity in aa 1 - 688	1
AE006468	AAL21396.1	exopolyphosphatase	similar to E. coli exopolyphosphatase (AAC75555.1); Blastp hit to AAC75555.1 (513 aa), 92% identity in aa 1 - 513	1
AE006468	AAL21397.1	putative diguanylate cyclase	similar to E. coli putative cytochrome C-type biogenesis protein (AAC75556.1); Blastp hit to AAC75556.1 (747 aa), 73% identity in aa 1 - 733	1
AE006468	AAL21398.1	putative cytoplasmic protein	hypothetical protein	1
AE006468	AAL21399.1	putative inner membrane protein	hypothetical protein	1
AE006468	AAL21400.1	putative inner membrane protein	similar to E. coli orf, hypothetical protein (AAC75557.1); Blastp hit to AAC75557.1 (63 aa), 82% identity in aa 1 - 63	1
AE006468	AAL21401.1	putative inner membrane protein		1
AE006468	AAL21402.1	putative cytoplasmic protein	hypothetical protein	1
AE006468	AAL21403.1	putative IS3-like transposase	similar to E. coli IS3 putative transposase (AAC75150.1); Blastp hit to AAC75150.1 (288 aa), 54% identity in aa 146 - 242	1
AE006468	AAL21404.1	GMP synthetase	similar to E. coli GMP synthetase (glutamine-hydrolyzing) (AAC75560.1); Blastp hit to AAC75560.1 (525 aa), 98% identity in aa 1 - 525	1
AE006468	AAL21405.1	IMP dehydrogenase	similar to E. coli IMP dehydrogenase (AAC75561.1); Blastp hit to AAC75561.1 (488 aa), 98% identity in aa 1 - 488	1
AE006468	AAL21406.1	exonuclease VII, large subunit	similar to E. coli exonuclease VII, large subunit (AAC75562.1); Blastp hit to AAC75562.1 (456 aa), 87% identity in aa 1 - 447	1
AE006468	AAL21407.1	C-terminal region of AIDA-like protein	IcsA; subspecies I specific; Peyer's patch colonization and shedding factor; ShdA (gi|5107805)	1
AE006468	AAL21408.1	putative outer membrane protein	RatB (gi|5107806)	1
AE006468	AAL21409.1	putative outer membrane protein	RatA (gi|4583529)	1
AE006468	AAL21410.1	putative outer membrane protein	SinI (gi|4583530)	1
AE006468	AAL21411.1	SinH	similar to Escherichia coli intimin and Yersinia pestis invasin proteins; (gi|4583531)	1
AE006468	AAL21412.1	putative cytoplasmic protein	similar to E. coli orf, hypothetical protein (AAC75563.1); Blastp hit to AAC75563.1 (83 aa), 63% identity in aa 13 - 83	1
AE006468	AAL21413.1	putative GTP-binding protein	similar to E. coli putative GTP-binding factor (AAC75564.1); Blastp hit to AAC75564.1 (503 aa), 97% identity in aa 14 - 503	1
AE006468	AAL21414.1	putative serine/threonine protein kinase	similar to E. coli putative dehydrogenase (AAC75565.1); Blastp hit to AAC75565.1 (392 aa), 91% identity in aa 1 - 392	1
AE006468	AAL21415.1	putative inner membrane protein	similar to E. coli orf, hypothetical protein (AAC75566.1); Blastp hit to AAC75566.1 (206 aa), 88% identity in aa 1 - 206	1
AE006468	AAL21416.1	histidine tRNA synthetase	histidyl-tRNA synthetase. (SW:SYH_SALTY)	1
AE006468	AAL21417.1	putative protein	involved in density-dependent regulation of peptidoglycan biosynthesis; similar to E. coli orf, hypothetical protein (AAC75568.1); Blastp hit to AAC75568.1 (372 aa), 98% identity in aa 1 - 372	1
AE006468	AAL21418.1	putative membrane protein	similar to E. coli putative membrane protein (AAC75569.1); Blastp hit to AAC75569.1 (337 aa), 83% identity in aa 1 - 337	1
AE006468	AAL21419.1	putative Fe-S-cluster redox enzyme	similar to E. coli orf, hypothetical protein (AAC75570.1); Blastp hit to AAC75570.1 (384 aa), 95% identity in aa 1 - 384	1
AE006468	AAL21420.1	nucleoside diphosphate kinase	similar to E. coli nucleoside diphosphate kinase (AAC75571.1); Blastp hit to AAC75571.1 (143 aa), 96% identity in aa 1 - 143	1
AE006468	AAL21421.1	putative polyferredoxin	similar to E. coli hydrogenase 4 Fe-S subunit (AAC75541.1); Blastp hit to AAC75541.1 (181 aa), 36% identity in aa 33 - 124, 40% identity in aa 42 - 90	1
AE006468	AAL21422.2	putative dimethylsulfoxide reductase	similar to E. coli anaerobic dimethyl sulfoxide reductase subunit C (AAC73982.1); Blastp hit to AAC73982.1 (287 aa), 32% identity in aa 6 - 277	1
AE006468	AAL21423.1	putative anaerobic dimethylsulfoxide reductase	similar to E. coli anaerobic dimethyl sulfoxide reductase subunit B (AAC73981.1); Blastp hit to AAC73981.1 (205 aa), 56% identity in aa 4 - 193	1
AE006468	AAL21424.1	putative anaerobic dimethylsulfoxide reductase	similar to E. coli putative oxidoreductase, major subunit (AAC74660.1); Blastp hit to AAC74660.1 (808 aa), 42% identity in aa 15 - 807	1
AE006468	AAL21425.1	transglycosylase of penicillin-binding protein 1c	similar to E. coli putative peptidoglycan enzyme (AAC75572.1); Blastp hit to AAC75572.1 (770 aa), 82% identity in aa 7 - 767	1
AE006468	AAL21426.1	putative inner membrane lipoprotein	similar to E. coli orf, hypothetical protein (AAC75573.1); Blastp hit to AAC75573.1 (1653 aa), 81% identity in aa 1 - 1653	1
AE006468	AAL21427.1	putative sulfurtransferase	similar to E. coli putative thiosulfate sulfurtransferase (AAC75574.1); Blastp hit to AAC75574.1 (334 aa), 80% identity in aa 54 - 332	1
AE006468	AAL21428.1	putative cytoplasmic protein		1
AE006468	AAL21429.1	enhances serine sensitivity	similar to E. coli enhanced serine sensitivity (AAC75575.1); Blastp hit to AAC75575.1 (261 aa), 90% identity in aa 1 - 261	1
AE006468	AAL21430.1	putative aminopeptidase	similar to E. coli putative peptidase (AAC75576.1); Blastp hit to AAC75576.1 (456 aa), 91% identity in aa 30 - 456	1
AE006468	AAL21431.1	hypothetical protein	believed to be involved in assembly of Fe-S clusters; similar to E. coli orf, hypothetical protein (AAC75577.1); Blastp hit to AAC75577.1 (66 aa), 92% identity in aa 1 - 66	1
AE006468	AAL21432.1	[2FE-2S] ferredoxin	electron carrer protein; believed to be involved in assembly of Fe-S clusters; similar to E. coli [2FE-2S] ferredoxin, electron carrer protein (AAC75578.1); Blastp hit to AAC75578.1 (111 aa), 94% identity in aa 1 - 111	1
AE006468	AAL21433.1	chaperone protein	member of Hsp70 protein family; believed to be involved in assembly of Fe-S clusters; similar to E. coli heat shock protein, chaperone, member of Hsp70 protein family (AAC75579.1); Blastp hit to AAC75579.1 (616 aa), 94% identity in aa 1 - 616	1
AE006468	AAL21434.1	co-chaperone protein Hsc20	believed to be involved in assembly of Fe-S clusters; similar to E. coli orf, hypothetical protein (AAC75580.1); Blastp hit to AAC75580.1 (171 aa), 91% identity in aa 1 - 171	1
AE006468	AAL21435.1	putative regulator	similar to E. coli putative regulator (AAC75581.1); Blastp hit to AAC75581.1 (107 aa), 97% identity in aa 1 - 107	1
AE006468	AAL21436.1	NifU homolog	involved in Fe-S cluster formation; similar to E. coli orf, hypothetical protein (AAC75582.1); Blastp hit to AAC75582.1 (128 aa), 98% identity in aa 1 - 128	1
AE006468	AAL21437.1	putative aminotransferase class-V	similar to E. coli putative aminotransferase (AAC75583.1); Blastp hit to AAC75583.1 (412 aa), 97% identity in aa 9 - 412	1
AE006468	AAL21438.1	hypothetical protein	believed to be involved in assembly of Fe-S clusters; similar to E. coli orf, hypothetical protein (AAC75584.1); Blastp hit to AAC75584.1 (162 aa), 96% identity in aa 1 - 162	1
AE006468	AAL21439.1	putative rRNA methylase	similar to E. coli putative ATP synthase beta subunit (AAC75585.1); Blastp hit to AAC75585.1 (246 aa), 97% identity in aa 1 - 242	1
AE006468	AAL21440.1	inositol monophosphatase	similar to E. coli enhances synthesis of sigma32 in mutant; extragenic suppressor, may modulate RNAse III lethal action (AAC75586.1); Blastp hit to AAC75586.1 (267 aa), 97% identity in aa 1 - 267	1
AE006468	AAL21441.1	putative hydrolase	similar to E. coli putative enzyme (3.4.-) (AAC75587.1); Blastp hit to AAC75587.1 (293 aa), 66% identity in aa 10 - 290	1
AE006468	AAL21442.1	anaerobic sulfide reductase	anaerobic sulfite reductase subunit A (anaerobic sulfite reductaseiron-sulfur subunit). (SW:ASRA_SALTY)	1
AE006468	AAL21443.1	anaerobic sulfide reductase	anaerobic sulfite reductase subunit B. (SW:ASRB_SALTY)	1
AE006468	AAL21444.1	anaerobic sulfide reductase	anaerobic sulfite reductase subunit C. (SW:ASRC_SALTY)	1
AE006468	AAL21445.1	putative inner membrane protein		1
AE006468	AAL21446.1	putative periplasmic or exported protein		1
AE006468	AAL21447.1	stationary phase inducible protein	similar to E. coli orf, hypothetical protein (AAC75588.1); Blastp hit to AAC75588.1 (433 aa), 71% identity in aa 8 - 432	1
AE006468	AAL21448.1	putative MFS family transport protein	similar to E. coli MFS (major facilitator superfamily) transporter (AAC75589.1); Blastp hit to AAC75589.1 (379 aa), 88% identity in aa 1 - 376	1
AE006468	AAL21449.1	serine hydroxymethyltransferase	serine hydroxymethyltransferase. (SW:GLYA_SALTY)	1
AE006468	AAL21450.1	dihydropteridine reductase 2	contains nitric oxide dioxygenase activity; flavohemoprotein; hemoglobin-like protein; flavohemoglobin)(dihydropteridine reductase. (SW:HMPA_SALTY)	1
AE006468	AAL21451.1	transcriptional activator of cad operon	OmpR family; similar to E. coli transcriptional activator of cad operon (AAC77094.1); Blastp hit to AAC77094.1 (512 aa), 58% identity in aa 1 - 512	1
AE006468	AAL21452.1	APC family lysine/cadaverine transport protein	similar to E. coli transport of lysine/cadaverine (AAC77093.1); Blastp hit to AAC77093.1 (444 aa), 90% identity in aa 1 - 440	1
AE006468	AAL21453.1	lysine decarboxylase 1	lysine decarboxylase, inducible. (SW:DCLY_SALTY)	1
AE006468	AAL21454.1	putative POT family, di-/tripeptide transport protein	similar to E. coli putative peptide transporter (AAC77091.1); Blastp hit to AAC77091.1 (485 aa), 80% identity in aa 1 - 484	1
AE006468	AAL21455.1	regulatory protein (P-II) for nitrogen assimilation by glutamine synthetase (ATase)	similar to E. coli regulatory protein P-II for glutamine synthetase (AAC75606.1); Blastp hit to AAC75606.1 (112 aa), 100% identity in aa 1 - 112	1
AE006468	AAL21456.1	putative transcriptional regulator of two-component regulator protein	EBP family; similar to E. coli putative 2-component transcriptional regulator (AAC75607.1); Blastp hit to AAC75607.1 (444 aa), 95% identity in aa 1 - 444	1
AE006468	AAL21457.1	putative transcriptional regulator of two-component regulator protein (EBP familiiy)	EBP family; similar to E. coli putative alpha helix protein (AAC75608.1); Blastp hit to AAC75608.1 (237 aa), 63% identity in aa 1 - 234	1
AE006468	AAL21458.1	putative sensory kinase in regulatory system	similar to E. coli putative 2-component sensor protein (AAC75609.1); Blastp hit to AAC75609.1 (496 aa), 87% identity in aa 19 - 496	1
AE006468	AAL21459.1	phosphoribosylformylglycinamidine synthetase	phosphoribosylformylglycinamidine synthase. (SW:PURL_SALTY)	1
AE006468	AAL21460.1	putative periplasmic protein	hypothetical protein	1
AE006468	AAL21461.1	putative periplasmic amino acid binding protein	similar to E. coli putative periplasmic binding transport protein (AAC75611.1); Blastp hit to AAC75611.1 (472 aa), 85% identity in aa 1 - 470	1
AE006468	AAL21462.1	putative cytosine/adenosine deaminase	similar to E. coli putative deaminase (AAC75612.1); Blastp hit to AAC75612.1 (178 aa), 89% identity in aa 1 - 173	1
AE006468	AAL21463.1	putatative phosphoserine phosphatase	similar to E. coli orf, hypothetical protein (AAC75613.1); Blastp hit to AAC75613.1 (190 aa), 91% identity in aa 1 - 190	1
AE006468	AAL21464.1	putative phosphotransferase system IIB components	similar to E. coli putative PTS enzyme II (AAC75482.1); Blastp hit to AAC75482.1 (474 aa), 38% identity in aa 6 - 467	1
AE006468	AAL21465.1	putative aminotransferase	similar to E. coli putative regulator (AAC75481.1); Blastp hit to AAC75481.1 (298 aa), 54% identity in aa 1 - 296	1
AE006468	AAL21466.1	putative ABC superfamily transport protein	membrane; similar to E. coli orf, hypothetical protein (AAC75614.1); Blastp hit to AAC75614.1 (306 aa), 83% identity in aa 25 - 306	1
AE006468	AAL21467.1	putative ketopantoate reductase	similar to E. coli involved in thiamin biosynthesis, alternative pyrimidine biosynthesis (AAC73528.1); Blastp hit to AAC73528.1 (303 aa), 26% identity in aa 1 - 291	1
AE006468	AAL21468.1	putative permease	similar to E. coli putative resistance protein (AAC76571.1); Blastp hit to AAC76571.1 (402 aa), 28% identity in aa 10 - 399	1
AE006468	AAL21469.1	putative LysR family transcriptional regulator	similar to E. coli cyn operon positive regulator (AAC73441.1); Blastp hit to AAC73441.1 (299 aa), 30% identity in aa 4 - 229	1
AE006468	AAL21470.1	putative ferredoxin	similar to E. coli orf, hypothetical protein (AAC75615.1); Blastp hit to AAC75615.1 (86 aa), 94% identity in aa 1 - 86	1
AE006468	AAL21471.1	holo-[acyl-carrier-protein] synthase, subunit	CoA:apo-[acyl-carrier-protein] pantetheinephosphotransferase, phosphopanthetheinyltransferase; similar to E. coli CoA:apo-[acyl-carrier-protein] pantetheinephosphotransferase (AAC75616.1); Blastp hit to AAC75616.1 (126 aa), 94% identity in aa 1 - 126	1
AE006468	AAL21472.1	carries out condensation and ring closure step after PdxA in pyridoxine biosynthesis	similar to E. coli pyridoxine biosynthesis (AAC75617.1); Blastp hit to AAC75617.1 (243 aa), 93% identity in aa 1 - 243	1
AE006468	AAL21473.1	gap repair gene	DNA repair protein RECO (recombination protein O). (SW:RECO_SALTY)	1
AE006468	AAL21474.1	GTPase	believed to be involved in coordination of cell cycle, energy metabolism, cell division; GTP-binding protein ERA. (SW:ERA_SALTY)	1
AE006468	AAL21475.1	RNase III, ds RNA	ribonuclease III. (SW:RNC_SALTY)	1
AE006468	AAL21476.1	leader peptidase (signal peptidase I), serine protease	signal peptidase I. (SW:LEP_SALTY)	1
AE006468	AAL21477.1	GTP-binding elongation factor	similar to E. coli GTP-binding elongation factor, may be inner membrane protein (AAC75622.1); Blastp hit to AAC75622.1 (599 aa), 96% identity in aa 1 - 599	1
AE006468	AAL21478.1	Gifsy-1 prophage leucine-rich repeat protein		1
AE006468	AAL21479.1	Gifsy-1 prophage protein	similar to transposase	1
AE006468	AAL21480.1	Gifsy-1 prophage protein	homolog of pagK	1
AE006468	AAL21481.1	Gifsy-1 prophage protein	similar to phage tail assembly protein; phage tail assembly protein (gi|2460256)	1
AE006468	AAL21482.1	Gifsy-1 prophage protein	similar to phage tail assembly protein; phage tail assembly protein (gi|2460256)	1
AE006468	AAL21483.1	Gifsy-1 prophage protein	similar to tail fiber-like protein; similar to E. coli putative membrane protein (AAC74454.1); Blastp hit to AAC74454.1 (1122 aa), 49% identity in aa 3 - 515, 56% identity in aa 878 - 1084, 42% identity in aa 1008 - 1122, 33% identity in aa 354 - 568, 26-1073758628dentity in aa 116 - 345, 26% identity in aa 961 - 1111, 26-1073758654dentity in aa 940 - 1106, 25% identity in aa 766 - 828, 26% identity in aa 778 - 841	1
AE006468	AAL21484.2	Gifsy-1 prophage protein	similar to host specificity protein-J in phage lambda	1
AE006468	AAL21485.1	Gifsy-1 prophage protein	similar to tail assembly protein I in phage lambda	1
AE006468	AAL21486.1	Gifsy-1 prophage protein	similar to tail assembly protein K in phage lambda	1
AE006468	AAL21487.1	Gifsy-1 prophage protein	similar to phage tail component L	1
AE006468	AAL21488.1	Gifsy-1 prophage protein	similar to phage tail component M; lambda phage M tail component homolog (gi|2232363)	1
AE006468	AAL21489.1	Gifsy-1 prophage protein	similar to phage tail component H; lambda phage H tail component homolog (gi|2232364)	1
AE006468	AAL21490.1	Gifsy-1 prophage protein	similar to minor tail protein	1
AE006468	AAL21491.1	Gifsy-1 prophage protein	similar to minor tail protein	1
AE006468	AAL21492.1	Gifsy-1 prophage protein	similar to major tail protein	1
AE006468	AAL21493.1	Gifsy-1 prophage protein		1
AE006468	AAL21494.1	Gifsy-1 prophage protein	similar to E. coli putative virulence protein (AAC74514.1); Blastp hit to AAC74514.1 (402 aa), 36% identity in aa 1 - 384	1
AE006468	AAL21495.1	Gifsy-1 prophage	similar to minor tail protein Z	1
AE006468	AAL21496.1	Gifsy-1 prophage protein	similar to minor capsid protein FII of phage N15	1
AE006468	AAL21497.1	Gifsy-1 prophage protein	similar to DNA packaging protein gp9 of phage N14	1
AE006468	AAL21498.1	Gifsy-1 prophage protein	similar to head protein gp7 of phage 21	1
AE006468	AAL21499.1	Gifsy-1 prophage protein	similar to head protein gpshp of phage 21	1
AE006468	AAL21500.1	Gifsy-1 prophage protein	similar to head-tail preconnector gp5 of phage 21; similar to E. coli putative protease (AAC74354.1); Blastp hit to AAC74354.1 (349 aa), 27% identity in aa 124 - 300	1
AE006468	AAL21501.1	Gifsy-1 prophage protein	similar to head-tail preconnector gp4 of phage 21	1
AE006468	AAL21502.1	Gifsy-1 prophage protein	similar to head to tail joining protein	1
AE006468	AAL21503.1	Gifsy-1 prophage protein	similar to terminase large chain gp2 of N15; similar to E. coli orf, hypothetical protein (AAC73662.1); Blastp hit to AAC73662.1 (247 aa), 53% identity in aa 7 - 132	1
AE006468	AAL21504.2	Gifsy-1 prophage protein	similar to DNA packaging protein Nu1 of phage 21; similar to E. coli homolog of Qin prophage packaging protein NU1 (AAC74621.1); Blastp hit to AAC74621.1 (189 aa), 58% identity in aa 1 - 162	1
AE006468	AAL21505.1	Gifsy-1 prophage protein	similar to E. coli orf, hypothetical protein (AAC74262.1); Blastp hit to AAC74262.1 (133 aa), 80% identity in aa 1 - 133	1
AE006468	AAL21506.1	Gifsy-1 prophage protein	similar to E. coli bacteriophage lambda endopeptidase homolog (AAC73657.1); Blastp hit to AAC73657.1 (153 aa), 46% identity in aa 8 - 153	1
AE006468	AAL21507.1	Gifsy-1 prophage protein	similar to morphogenesis protein of phage B103; similar to E. coli bacteriophage lambda lysozyme homolog (AAC73656.1); Blastp hit to AAC73656.1 (165 aa), 39% identity in aa 35 - 161	1
AE006468	AAL21508.1	Gifsy-1 prophage protein		1
AE006468	AAL21509.1	Gifsy-1 prophage protein		1
AE006468	AAL21510.1	Gifsy-1 prophage	similar to antirepressor protein of phage P22	1
AE006468	AAL21511.1	Gifsy-1 prophage protein	similar to antiterminator Q	1
AE006468	AAL21512.1	Gifsy-1 prophage protein		1
AE006468	AAL21513.1	Gifsy-1 prophage protein		1
AE006468	AAL21514.1	Gifsy-1 prophage protein		1
AE006468	AAL21515.1	Gifsy-1 prophage protein	hypothetical protein 13 (gi|7467262)	1
AE006468	AAL21516.1	Gifsy-1 prophage protein	hypothetical protein 11 (gi|7467261)	1
AE006468	AAL21517.1	Gifsy-1 prophage protein	hypothetical protein 11 (gi|7467260)	1
AE006468	AAL21518.1	Gifsy-1 prophage protein	hypothetical protein (gi|7467246)	1
AE006468	AAL21519.1	Gifsy-1 prophage protein	similar to dnaC homolog in S. typhimurium; dnaC protein homolog (gi|7443681)	1
AE006468	AAL21520.1	Gifsy-1 prophage protein	similar to replication protein 15; probable replication protein (gi|7467283)	1
AE006468	AAL21521.1	Gifsy-1 prophage protein	similar to cI protein in phage N; probable regulatory protein (gi|7467282)	1
AE006468	AAL21522.1	Gifsy-1 prophage protein	probable regulatory protein (gi|7467281)	1
AE006468	AAL21523.1	Gifsy-1 prophage protein	hypothetical protein 2 (gi|7467263)	1
AE006468	AAL21524.1	Gifsy-1 prophage protein	hypothetical protein 4 (gi|7467265)	1
AE006468	AAL21525.1	Gifsy-1 prophage protein	hypothetical protein 4 (gi|7467264)	1
AE006468	AAL21526.1	Gifsy-1 prophage protein	exodeoxyribonuclease VIII homolog (gi|7467238)	1
AE006468	AAL21527.1	Gifsy-1 prophage protein	similar to enterohemolysin 1 in E. coli; hypothetical protein AAC26069.1 (gi|7467267)	1
AE006468	AAL21528.1	putative cytoplasmic protein	hypothetical protein	1
AE006468	AAL21529.1	Gifsy-1 prophage protein	similar to excisionase in phage phi-80; probable excisionase (gi|7467278)	1
AE006468	AAL21530.1	Gifsy-1 prophage protein	similar to integrase in phage; probable integrase (gi|7467280)	1
AE006468	AAL21531.1	regulator of sigma E (sigma 24) factor	similar to E. coli sigma-E factor, negative regulatory protein (AAC75623.1); Blastp hit to AAC75623.1 (159 aa), 81% identity in aa 1 - 159	1
AE006468	AAL21532.1	anti sigma E (sigma 24) factor, negative regulator	similar to E. coli regulates activity of sigma-E factor (AAC75624.1); Blastp hit to AAC75624.1 (318 aa), 89% identity in aa 1 - 318	1
AE006468	AAL21533.1	anti sigma E (sigma 24) factor, negative regulator	similar to E. coli sigma-E factor, negative regulatory protein (AAC75625.1); Blastp hit to AAC75625.1 (216 aa), 91% identity in aa 1 - 216	1
AE006468	AAL21534.1	sigma E (sigma 24) factor of RNA polymerase	response to periplasmic stress; RNA polymerase sigma-e factor (sigma-24). (SW:RPOE_SALTY)	1
AE006468	AAL21535.1	quinolinate synthetase, B protein	similar to E. coli quinolinate synthetase, B protein (AAC75627.1); Blastp hit to AAC75627.1 (540 aa), 89% identity in aa 1 - 540	1
AE006468	AAL21536.1	putative transferase	similar to E. coli putative enzyme (AAC75628.1); Blastp hit to AAC75628.1 (285 aa), 84% identity in aa 41 - 285	1
AE006468	AAL21537.1	ATP-dependent RNA helicase	similar to E. coli ATP-dependent RNA helicase (AAC75629.1); Blastp hit to AAC75629.1 (444 aa), 93% identity in aa 1 - 444	1
AE006468	AAL21538.1	putative LysR family transcriptional regulator	similar to E. coli putative transcriptional regulator LYSR-type (AAC75630.1); Blastp hit to AAC75630.1 (308 aa), 78% identity in aa 16 - 305	1
AE006468	AAL21539.1	putative transport protein	similar to E. coli orf, hypothetical protein (AAC75631.1); Blastp hit to AAC75631.1 (195 aa), 83% identity in aa 1 - 195	1
AE006468	AAL21540.1	putative formate acetyltransferase	similar to E. coli putative formate acetyltransferase (AAC75632.1); Blastp hit to AAC75632.1 (127 aa), 96% identity in aa 1 - 127	1
AE006468	AAL21541.1	uracil-DNA-glycosylase	similar to E. coli uracil-DNA-glycosylase (AAC75633.1); Blastp hit to AAC75633.1 (229 aa), 90% identity in aa 1 - 229	1
AE006468	AAL21542.1	putative tRNA/rRNA methyltransferase	similar to E. coli orf, hypothetical protein (AAC75634.1); Blastp hit to AAC75634.1 (345 aa), 87% identity in aa 1 - 345	1
AE006468	AAL21543.1	thioredoxin 2, redox factor	similar to E. coli putative thioredoxin-like protein (AAC75635.1); Blastp hit to AAC75635.1 (139 aa), 94% identity in aa 1 - 139	1
AE006468	AAL21544.1	putative cytoplasmic protein	similar to E. coli orf, hypothetical protein (AAC75636.1); Blastp hit to AAC75636.1 (240 aa), 88% identity in aa 9 - 234	1
AE006468	AAL21545.1	putative acetyl-CoA synthetase	similar to E. coli orf, hypothetical protein (AAC75637.1); Blastp hit to AAC75637.1 (886 aa), 92% identity in aa 1 - 886	1
AE006468	AAL21546.1	phosphatidylserine synthase	CDP-diacylglycerol-serine O-phosphatidyltransferase; similar to E. coli phosphatidylserine synthase; phospholipid synthesis (AAC75638.1); Blastp hit to AAC75638.1 (452 aa), 93% identity in aa 2 - 452	1
AE006468	AAL21547.1	putative outer membrane lipoprotein	similar to E. coli orf, hypothetical protein (AAC75639.1); Blastp hit to AAC75639.1 (90 aa), 80% identity in aa 1 - 90	1
AE006468	AAL21548.1	MFS family alpha-ketoglutarate permease	similar to E. coli alpha-ketoglutarate permease (AAC75640.1); Blastp hit to AAC75640.1 (432 aa), 88% identity in aa 1 - 432	1
AE006468	AAL21549.1	putative cytoplasmic protein		1
AE006468	AAL21550.1	ATP-dependent protease	Hsp 100; part of novel multi-chaperone system with DnaK, DnaJ, and GrpE; similar to E. coli heat shock protein (AAC75641.1); Blastp hit to AAC75641.1 (857 aa), 96% identity in aa 1 - 857	1
AE006468	AAL21551.1	putative inner membrane protein	similar to E. coli orf, hypothetical protein (AAC75642.1); Blastp hit to AAC75642.1 (243 aa), 87% identity in aa 1 - 243	1
AE006468	AAL21552.1	pseudouridine synthase	pseudouridines 1911, 1915, 1917 in 23S RNA; similar to E. coli suppressor of ftsH mutation (AAC75643.1); Blastp hit to AAC75643.1 (326 aa), 93% identity in aa 1 - 326	1
AE006468	AAL21553.1	putative lipoprotein	similar to E. coli orf, hypothetical protein (AAC75644.1); Blastp hit to AAC75644.1 (245 aa), 96% identity in aa 1 - 245	1
AE006468	AAL21554.1	ribosome associated factor	stabilizes ribosomes against dissociation; similar to E. coli putative yhbH sigma 54 modulator (AAC75646.1); Blastp hit to AAC75646.1 (113 aa), 91% identity in aa 1 - 112	1
AE006468	AAL21555.1	hypothetical protein		1
AE006468	AAL21556.1	chorismate mutase P	bifuctional; similar to E. coli chorismate mutase-P and prephenate dehydratase (AAC75648.1); Blastp hit to AAC75648.1 (386 aa), 90% identity in aa 1 - 385	1
AE006468	AAL21557.1	putative cytoplasmic protein		1
AE006468	AAL21558.1	chorismate mutase T	bifuctional; similar to E. coli chorismate mutase-T and prephenate dehydrogenase (AAC75649.1); Blastp hit to AAC75649.1 (373 aa), 95% identity in aa 1 - 372	1
AE006468	AAL21559.1	3-deoxy-D-arabinoheptulosonate-7-phosphate synthase	DAHP synthetase; tyrosine repressible; phospho-2-dehydro-3-deoxyheptonate aldolase, tyr-sensitive. (SW:AROF_SALTY)	1
AE006468	AAL21560.1	putative periplasmic protein	similar to E. coli orf, hypothetical protein (AAC75652.1); Blastp hit to AAC75652.1 (172 aa), 66% identity in aa 1 - 169	1
AE006468	AAL21561.1	putative diguanylate cyclase/phosphodiesterase	similar to E. coli orf, hypothetical protein (AAC75653.1); Blastp hit to AAC75653.1 (408 aa), 75% identity in aa 2 - 405	1
AE006468	AAL21562.1	50S ribosomal subunit protein L19	50S ribosomal protein L19. (SW:RL19_SALTY)	1
AE006468	AAL21563.1	tRNA (guanine-7-)-methyltransferase	tRNA (guanine-N1)-methyltransferase. (SW:TRMD_SALTY)	1
AE006468	AAL21564.1	16S rRNA processing protein	16S rrnA processing protein RIMM. (SW:RIMM_SALTY)	1
AE006468	AAL21565.1	30S ribosomal subunit protein S16	30S ribosomal protein S16. (SW:RS16_SALTY)	1
AE006468	AAL21566.1	4.5S-RNP protein	GTP binding export factor; part of signal recognition particle with 4.5 RNA; similar to E. coli GTP-binding export factor binds to signal sequence, GTP and RNA (AAC75659.1); Blastp hit to AAC75659.1 (453 aa), 98% identity in aa 1 - 453	1
AE006468	AAL21567.1	putative cytochrome c-type biogenesis protein	heme exporter protein C; CorE (gi|4877800)	1
AE006468	AAL21568.1	putative membrane protein	similar to E. coli putative transport protein (AAC75662.1); Blastp hit to AAC75662.1 (227 aa), 94% identity in aa 1 - 227	1
AE006468	AAL21569.1	putative cytoplasmic protein		1
AE006468	AAL21570.1	molecular chaparone	heat shock protein; similar to E. coli phage lambda replication; host DNA synthesis; heat shock protein; protein repair (AAC75663.1); Blastp hit to AAC75663.1 (197 aa), 92% identity in aa 1 - 196	1
AE006468	AAL21571.1	putative cytoplasmic protein		1
AE006468	AAL21572.1	putative kinase	similar to E. coli orf, hypothetical protein (AAC75664.1); Blastp hit to AAC75664.1 (292 aa), 96% identity in aa 1 - 292	1
AE006468	AAL21573.1	protein used in recombination and DNA repair	similar to E. coli protein used in recombination and DNA repair (AAC75665.1); Blastp hit to AAC75665.1 (553 aa), 91% identity in aa 1 - 553	1
AE006468	AAL21574.1	small membrane protein A	similar to E. coli small membrane protein A (AAC75666.1); Blastp hit to AAC75666.1 (50 aa), 93% identity in aa 1 - 48	1
AE006468	AAL21575.1	putative cytoplasmic protein	similar to E. coli orf, hypothetical protein (AAC75667.1); Blastp hit to AAC75667.1 (102 aa), 87% identity in aa 7 - 102	1
AE006468	AAL21576.1	putative oligoketide cyclase/lipid transport protein	similar to E. coli orf, hypothetical protein (AAC75668.1); Blastp hit to AAC75668.1 (158 aa), 88% identity in aa 1 - 157	1
AE006468	AAL21577.1	small protein B	putative tmRNA-binding protein; SSRA-binding protein. (SW:SSRP_SALTY)	1
AE006468	AAL21578.1	putative outer membrane efflux protein	similar to E. coli putative resistance protein (AAC73673.1); Blastp hit to AAC73673.1 (457 aa), 24% identity in aa 67 - 450	1
AE006468	AAL21579.1	putative ABC transporter transmembrane region	similar to E. coli ATP-binding transport protein; multicopy suppressor of htrB (AAC74000.1); Blastp hit to AAC74000.1 (582 aa), 26% identity in aa 20 - 557	1
AE006468	AAL21580.1	putative HlyD family secretion protein		1
AE006468	AAL21581.1	Fels-2 prophage protein	similar to late control gene B in phage; similar to E. coli prophage P2 ogr protein (AAC75143.1); Blastp hit to AAC75143.1 (72 aa), 52% identity in aa 1 - 67	1
AE006468	AAL21582.1	Fels-2 prophage protein	similar to late control gene in phage	1
AE006468	AAL21583.1	Fels-2 prophage protein	similar to genes in phage phiCTX	1
AE006468	AAL21584.1	Fels-2 prophage protein	similar to orfG protein in phage 186; unknown (gi|2852351)	1
AE006468	AAL21585.1	Fels-2 prophage protein	similar to gpE in phage P2	1
AE006468	AAL21586.1	Fels-2 prophage protein	similar to genes in P2-like phages; unknown (gi|2852350)	1
AE006468	AAL21587.1	Fels-2 prophage protein	similar to genes in P2-like phages; unknown (gi|2852349)	1
AE006468	AAL21588.1	Fels-2 prophage protein	similar to tail sheath proteins in phage P2	1
AE006468	AAL21589.1	Fels-2 prophage protein	similar to te-specific recombinases; DNA invertase Pin homolog; similar to E. coli inversion of adjacent DNA; at locus of e14 element (AAC74242.1); Blastp hit to AAC74242.1 (184 aa), 88% identity in aa 3 - 180	1
AE006468	AAL21590.1	Fels-2 prophage protein	similar to invertase (pin) in phage E14; unknown (gi|2852344)	1
AE006468	AAL21591.1	Fels-2 prophage protein	similar to genes in P2-like phages; unknown (gi|2852345)	1
AE006468	AAL21592.1	Fels-2 prophage protein		1
AE006468	AAL21593.1	Fels-2 prophage protein	similar to tail fiber protein in phage P2	1
AE006468	AAL21594.1	Fels-2 prophage protein	similar to tail fiber protein (gpH) in phage P2	1
AE006468	AAL21595.1	Fels-2 prophage protein	similar to tail fiber protein (gpI) in phage P2	1
AE006468	AAL21596.1	Fels-2 prophage protein	similar to gpJ; base plate of tail in phage P2	1
AE006468	AAL21597.1	Fels-2 prophage protein	similar to gpV; base plate of tail in phage P2	1
AE006468	AAL21598.1	Fels-2 prophage protein	similar to gpS for completion of tail in phage P2	1
AE006468	AAL21599.1	Fels-2 prophage protein	similar to gpR for completion of tail in phage P2	1
AE006468	AAL21600.1	Fels-2 prophage protein	similar to protein from phage CTX	1
AE006468	AAL21601.1	Fels-2 prophage protein	similar to lysis protein (lysB) in phage P2	1
AE006468	AAL21602.1	Fels-2 prophage protein	probable prophage lysozyme; similar to E. coli bacteriophage lambda lysozyme homolog (AAC73656.1); Blastp hit to AAC73656.1 (165 aa), 36% identity in aa 35 - 163	1
AE006468	AAL21603.1	Fels-2 prophage protein	phage-holin analog protein	1
AE006468	AAL21604.1	Fels-2 prophage protein	similar to gpX in phage P2	1
AE006468	AAL21605.1	Fels-2 prophage protein	similar to gpQ in phage 186	1
AE006468	AAL21606.1	Fels-2 prophage protein	similar to gpR in phage 186	1
AE006468	AAL21607.1	Fels-2 prophage protein	similar to gpN; major capsid in phage P2	1
AE006468	AAL21608.1	Fels-2 prophage protein	similar to gpO; capsid scaffold in phage P2	1
AE006468	AAL21609.1	Fels-2 prophage protein	similar to gpP; ATP charging in phage P2	1
AE006468	AAL21610.1	Fels-2 prophage protein	similar to gpQ; portal vector protein in phage P2	1
AE006468	AAL21611.1	Fels-2 prophage protein	hypothetical protein	1
AE006468	AAL21612.1	Fels-2 prophage protein	hypothetical protein	1
AE006468	AAL21613.1	Fels-2 prophage protein	similar to protein in phage 186, and to retron in E coli; similar to E. coli damage-inducible protein I (AAC74145.1); Blastp hit to AAC74145.1 (81 aa), 29% identity in aa 1 - 77	1
AE006468	AAL21614.1	Fels-2 prophage protein	hypothetical protein	1
AE006468	AAL21615.1	Fels-2 prophage protein	similar to retron in E coli	1
AE006468	AAL21616.1	Fels-2 prophage protein	similar to retron in E coli; similar to E. coli DNA adenine methylase (AAC76412.1); Blastp hit to AAC76412.1 (278 aa), 46% identity in aa 8 - 266	1
AE006468	AAL21617.1	Fels-2 prophage protein	similar to protein in phage 186; similar to E. coli orf, hypothetical protein (AAC73890.1); Blastp hit to AAC73890.1 (88 aa), 42% identity in aa 9 - 76	1
AE006468	AAL21618.1	Fels-2 prophage protein	similar to protein in phage 186	1
AE006468	AAL21619.1	Fels-2 prophage protein	similar to E. coli retron Ec67	1
AE006468	AAL21620.1	Fels-2 prophage protein	hypothetical protein	1
AE006468	AAL21621.1	Fels-2 prophage protein	hypothetical protein	1
AE006468	AAL21622.1	Fels-2 prophage protein	similar to retron in E coli and to protein cII of phages	1
AE006468	AAL21623.1	Fels-2 prophage protein	similar to protein in phage	1
AE006468	AAL21624.1	Fels-2 prophage protein	similar to E. coli retron	1
AE006468	AAL21625.1	Fels-2 prophage protein	similar to int protein in phage 186; similar to E. coli prophage DLP12 integrase (AAC73638.1); Blastp hit to AAC73638.1 (387 aa), 41% identity in aa 302 - 363, 24% identity in aa 66 - 280, 35% identity in aa 19 - 50	1
AE006468	AAL21626.1	Fels-2 prophage protein	similar to int protein in phage CP4-57; similar to E. coli prophage CP4-57 integrase (AAC75670.1); Blastp hit to AAC75670.1 (413 aa), 47% identity in aa 1 - 341	1
AE006468	AAL21627.1	putative periplasmic protein		1
AE006468	AAL21628.1	putative cytoplasmic protein		1
AE006468	AAL21629.1	putative cytoplasmic protein		1
AE006468	AAL21630.1	putative cytoplasmic protein		1
AE006468	AAL21631.1	putative inner membrane protein		1
AE006468	AAL21632.1	putative excinuclease ATPase subunit		1
AE006468	AAL21633.1	putative cytoplasmic protein		1
AE006468	AAL21634.1	putative transcriptional regulator		1
AE006468	AAL21635.1	putative cytoplasmic protein	similar to E. coli regulatory factor of maltose metabolism; similar to Ner repressor protein of phage Mu (AAC76220.1); Blastp hit to AAC76220.1 (92 aa), 65% identity in aa 7 - 69	1
AE006468	AAL21636.1	putative PTS system glucitol/sorbitol-specific enzyme II	similar to E. coli PTS system, glucitol/sorbitol-specific IIC component, one of two (AAC75744.1); Blastp hit to AAC75744.1 (187 aa), 40% identity in aa 9 - 162	1
AE006468	AAL21637.1	putative PTS enzyme III glucitol	similar to E. coli PTS system, glucitol/sorbitol-specific enzyme IIA component (AAC75746.1); Blastp hit to AAC75746.1 (123 aa), 41% identity in aa 3 - 107	1
AE006468	AAL21638.1	putative PTS enzyme III glucitol	similar to E. coli PTS system, glucitol/sorbitol-specific IIB component and second of two IIC components (AAC75745.1); Blastp hit to AAC75745.1 (319 aa), 45% identity in aa 1 - 314	1
AE006468	AAL21639.1	putative dehydrogenase	similar to E. coli putative dehydrogenase (AAC74397.1); Blastp hit to AAC74397.1 (351 aa), 30% identity in aa 10 - 151, 28% identity in aa 312 - 346	1
AE006468	AAL21640.1	putative hexulose 6 phosphate synthase		1
AE006468	AAL21641.1	putative hexulose 6 phosphate synthase	similar to E. coli probable hexulose-6-phosphate synthase (AAC77153.1); Blastp hit to AAC77153.1 (216 aa), 33% identity in aa 6 - 213	1
AE006468	AAL21642.1	putative sugar phosphate aminotransferase	similar to E. coli orf, hypothetical protein (AAC75480.1); Blastp hit to AAC75480.1 (285 aa), 32% identity in aa 113 - 227	1
AE006468	AAL21643.1	putative cytoplasmic protein		1
AE006468	AAL21644.1	putative phosphotransferase system IIC component	similar to E. coli PTS system, glucose-specific IIBC component (AAC74185.1); Blastp hit to AAC74185.1 (477 aa), 44% identity in aa 44 - 477, 42% identity in aa 4 - 93	1
AE006468	AAL21645.1	putative dipeptide/oligopeptide/nickel ABC-type transport systems, periplasmic component	similar to E. coli putative transport protein (AAC73180.1); Blastp hit to AAC73180.1 (551 aa), 27% identity in aa 19 - 545	1
AE006468	AAL21646.1	putative integrase		1
AE006468	AAL21647.1	putative inner membrane protein		1
AE006468	AAL21648.1	putative inner membrane protein		1
AE006468	AAL21649.1	putative integrase	similar to E. coli prophage CP4-57 integrase (AAC75670.1); Blastp hit to AAC75670.1 (413 aa), 47% identity in aa 1 - 185	1
AE006468	AAL21650.1	putative integrase core domain protein		1
AE006468	AAL21651.1	putative transposase		1
AE006468	AAL21652.1	putative cytoplasmic protein		1
AE006468	AAL21653.1	putative superfamily I DNA and RNA helicase		1
AE006468	AAL21654.1	putative transposase	similar to E. coli orf, hypothetical protein (AAC75149.1); Blastp hit to AAC75149.1 (102 aa), 85% identity in aa 4 - 102	1
AE006468	AAL21655.1	putative transposase	similar to E. coli IS3 putative transposase (AAC75150.1); Blastp hit to AAC75150.1 (288 aa), 84% identity in aa 1 - 288	1
AE006468	AAL21656.1	repressor of fliC	flagellar synthesis; repressor of phase-1 flagellin gene. (SW:FLJA_SALTY)	1
AE006468	AAL21657.1	filament structural protein	phase 2 flagellin; flagellar synthesis; phase-2 flagellin. (SW:FLJB_SALTY)	1
AE006468	AAL21658.1	H inversion protein	regulation of flagellar gene expression by site-specific inversion of DNA; DNA-invertase hin. (SW:HIN_SALTY)	1
AE006468	AAL21659.1	putative glycosyl transferase	related to UDP-glucuronosyltransferase	1
AE006468	AAL21660.1	putative ATP binding cassette (ABC) transporter	similar to E. coli ATP-binding transport protein; multicopy suppressor of htrB (AAC74000.1); Blastp hit to AAC74000.1 (582 aa), 26% identity in aa 14 - 582, 29% identity in aa 34 - 565	1
AE006468	AAL21661.1	enterochelin esterase-like protein (Fes)	similar to E. coli enterochelin esterase (AAC73686.1); Blastp hit to AAC73686.1 (374 aa), 31% identity in aa 3 - 362	1
AE006468	AAL21662.1	putative hydrolase of the alpha/beta superfamily		1
AE006468	AAL21663.1	TonB-dependent siderophore receptor protein	similar to E. coli outer membrane receptor for ferric enterobactin (enterochelin) and colicins B and D (AAC73685.1); Blastp hit to AAC73685.1 (746 aa), 52% identity in aa 3 - 728, 44% identity in aa 245 - 746	1
AE006468	AAL21664.1	putative inner membrane protein	hypothetical protein	1
AE006468	AAL21665.1	pipB-like protein	putative pentapeptide repeats (8 copies); similar to E. coli orf, hypothetical protein (AAC77036.1); Blastp hit to AAC77036.1 (430 aa), 25% identity in aa 148 - 306, 26% identity in aa 145 - 259, 22% identity in aa 152 - 348, 23% identity in aa 238 - 412	1
AE006468	AAL21666.1	virK-like protein	similar to virK in Shigella; virulence gene; similar to E. coli putative enzyme (AAC73964.1); Blastp hit to AAC73964.1 (330 aa), 39% identity in aa 47 - 329	1
AE006468	AAL21667.1	putative transcription activator		1
AE006468	AAL21668.1	putative nickel transporter		1
AE006468	AAL21669.1	tricarboxylic transport regulatory protein	similar to E. coli putative 2-component sensor protein (AAC76062.1); Blastp hit to AAC76062.1 (449 aa), 30% identity in aa 160 - 447, 29% identity in aa 1 - 56	1
AE006468	AAL21670.1	tricarboxylic transport regulatory protein	transcriptional regulatory protein TCTD. (SW:TCTD_SALTY)	1
AE006468	AAL21671.1	tricarboxylic transport protein		1
AE006468	AAL21672.1	tricarboxylic transport protein		1
AE006468	AAL21673.1	tricarboxylic transport protein		1
AE006468	AAL21674.1	putative cytoplasmic protein	similar to E. coli orf, hypothetical protein (AAC75706.1); Blastp hit to AAC75706.1 (360 aa), 86% identity in aa 34 - 360	1
AE006468	AAL21675.1	putative sarcosine oxidase-like protein	similar to E. coli orf, hypothetical protein (AAC75707.1); Blastp hit to AAC75707.1 (444 aa), 88% identity in aa 23 - 444	1
AE006468	AAL21676.1	NADP-dependent succinate-semialdehyde dehydrogenase I	similar to E. coli succinate-semialdehyde dehydrogenase, NADP-dependent activity (AAC75708.1); Blastp hit to AAC75708.1 (482 aa), 90% identity in aa 1 - 482	1
AE006468	AAL21677.1	4-aminobutyrate aminotransferase	similar to E. coli 4-aminobutyrate aminotransferase activity (AAC75709.1); Blastp hit to AAC75709.1 (426 aa), 88% identity in aa 1 - 426	1
AE006468	AAL21678.1	RpoS dependent gamma-aminobutyrate transport protein	APC family; similar to E. coli transport permease protein of gamma-aminobutyrate (AAC75710.1); Blastp hit to AAC75710.1 (466 aa), 92% identity in aa 1 - 466	1
AE006468	AAL21679.1	putative GntR family transcriptional repressor	similar to E. coli putative transcriptional regulator (AAC75711.1); Blastp hit to AAC75711.1 (226 aa), 87% identity in aa 10 - 225	1
AE006468	AAL21680.1	putative LysM domain protein	similar to E. coli orf, hypothetical protein (AAC75712.1); Blastp hit to AAC75712.1 (149 aa), 93% identity in aa 1 - 149	1
AE006468	AAL21681.1	putative YqaE family transport protein	similar to E. coli orf, hypothetical protein (AAC75713.1); Blastp hit to AAC75713.1 (52 aa), 94% identity in aa 1 - 51	1
AE006468	AAL21682.1	putative arsR family regulatory protein	similar to E. coli orf, hypothetical protein (AAC75714.1); Blastp hit to AAC75714.1 (99 aa), 89% identity in aa 1 - 99	1
AE006468	AAL21683.1	putative rhodanese-related sulfurtransferase	similar to E. coli orf, hypothetical protein (AAC75715.1); Blastp hit to AAC75715.1 (174 aa), 75% identity in aa 1 - 173	1
AE006468	AAL21684.1	DNA-binding protein with chaperone activity	DNA-binding protein STPA. (SW:STPA_SALTY)	1
AE006468	AAL21685.1	putative inner membrane protein	similar to E. coli orf, hypothetical protein (AAC75717.1); Blastp hit to AAC75717.1 (149 aa), 87% identity in aa 1 - 149	1
AE006468	AAL21686.1	putative cytoplasmic protein	similar to E. coli orf, hypothetical protein (AAC75718.1); Blastp hit to AAC75718.1 (114 aa), 88% identity in aa 1 - 112	1
AE006468	AAL21687.1	putative inner membrane protein	similar to E. coli orf, hypothetical protein (AAC75719.1); Blastp hit to AAC75719.1 (113 aa), 86% identity in aa 1 - 112	1
AE006468	AAL21688.1	putative gntR family regulatory protein	similar to E. coli putative regulator (AAC77296.1); Blastp hit to AAC77296.1 (470 aa), 31% identity in aa 119 - 437, 27% identity in aa 1 - 224	1
AE006468	AAL21689.1	putative cytoplasmic protein	similar to E. coli orf, hypothetical protein (AAC74823.1); Blastp hit to AAC74823.1 (182 aa), 35% identity in aa 54 - 167	1
AE006468	AAL21690.1	glutaredoxin-like protein	hydrogen donor; glutaredoxin-like protein NRDH. (SW:NRDH_SALTY)	1
AE006468	AAL21691.1	stimulates ribonucleotide reduction	NRDI protein. (SW:NRDI_SALTY)	1
AE006468	AAL21692.1	ribonucleoside diphosphate reductase 2, alpha subunit	ribonucleoside-diphosphate reductase 2 alpha chain. (SW:RIR3_SALTY)	1
AE006468	AAL21693.1	ribonucleoside-diphosphate reductase 2, beta subunit	ribonucleoside-diphosphate reductase 2 beta chain. (SW:RIR4_SALTY)	1
AE006468	AAL21694.1	glycine/betaine/proline transport protein	ABC superfamily (atp_bind); glycine betaine/l-proline transport ATP-binding protein PROV. (SW:PROV_SALTY)	1
AE006468	AAL21695.1	glycine/betaine/proline transport protein	ABC superfamily (membrane); glycine betaine/L-proline transport system permease protein PROW. (SW:PROW_SALTY)	1
AE006468	AAL21696.1	glycine/betaine/proline transport protein	ABC superfamily (bind_prot), ; similar to E. coli high-affinity transport system for glycine betaine and proline (AAC75726.1); Blastp hit to AAC75726.1 (330 aa), 83% identity in aa 1 - 330	1
AE006468	AAL21697.1	putative inner membrane protein	similar to E. coli putative transport protein (AAC75728.1); Blastp hit to AAC75728.1 (305 aa), 92% identity in aa 1 - 305	1
AE006468	AAL21698.1	transcriptional repressor of emrAB operon	MarR family; similar to E. coli regulator of plasmid mcrB operon (microcin B17 synthesis) (AAC75731.1); Blastp hit to AAC75731.1 (176 aa), 93% identity in aa 1 - 175	1
AE006468	AAL21699.1	multidrug resistance secretion protein	similar to E. coli multidrug resistance secretion protein (AAC75732.1); Blastp hit to AAC75732.1 (390 aa), 89% identity in aa 1 - 390	1
AE006468	AAL21700.1	putative MFS superfamily multidrug transport protein	similar to E. coli multidrug resistance; probably membrane translocase (AAC75733.1); Blastp hit to AAC75733.1 (512 aa), 95% identity in aa 1 - 512	1
AE006468	AAL21701.1	putative glycoporin		1
AE006468	AAL21702.1	quorum sensing protein	produces autoinducer; acyl-homoserine lactone-signaling molecules; similar to E. coli orf, hypothetical protein (AAC75734.1); Blastp hit to AAC75734.1 (171 aa), 94% identity in aa 1 - 171	1
AE006468	AAL21703.1	gamma-glutamate-cysteine ligase	glutamate--cysteine ligase. (SW:GSH1_SALTY)	1
AE006468	AAL21704.1	putative inner membrane protein	similar to E. coli orf, hypothetical protein (AAC75736.1); Blastp hit to AAC75736.1 (142 aa), 90% identity in aa 1 - 141	1
AE006468	AAL21705.1	putative phosphoglucomutase	similar to E. coli putative phosphatase (AAC75737.1); Blastp hit to AAC75737.1 (188 aa), 87% identity in aa 1 - 188	1
AE006468	AAL21706.1	carbon storage regulator	carbon storage regulator (SW:CSRA_ECOLI)	1
AE006468	AAL21707.1	alanyl-tRNA synthetase	similar to E. coli alanyl-tRNA synthetase (AAC75739.1); Blastp hit to AAC75739.1 (876 aa), 95% identity in aa 1 - 876	1
AE006468	AAL21708.1	regulator	similar to E. coli regulator, OraA protein (AAC75740.1); Blastp hit to AAC75740.1 (166 aa), 87% identity in aa 1 - 166	1
AE006468	AAL21709.1	DNA strand exchange and recombination protein	contains proteinase and nuclease activity; similar to E. coli DNA strand exchange and renaturation, DNA-dependent ATPase, DNA- and ATP-dependent coprotease (AAC75741.1); Blastp hit to AAC75741.1 (353 aa), 97% identity in aa 1 - 353	1
AE006468	AAL21710.1	putative cytoplasmic protein	similar to E. coli orf, hypothetical protein (AAC75742.1); Blastp hit to AAC75742.1 (165 aa), 92% identity in aa 1 - 165	1
AE006468	AAL21711.1	membrane-bound lytic murein transglycosylase B	similar to E. coli membrane-bound lytic murein transglycosylase B (AAC75743.1); Blastp hit to AAC75743.1 (361 aa), 92% identity in aa 1 - 361	1
AE006468	AAL21712.1	PTS family glucitol/sorbitol-specific enzyme IIC component	one of two IIC components; similar to E. coli PTS system, glucitol/sorbitol-specific IIC component, one of two (AAC75744.1); Blastp hit to AAC75744.1 (187 aa), 96% identity in aa 1 - 187	1
AE006468	AAL21713.1	PTS family, glucitol/sorbitol-specific IIB component	one of two IIC components; similar to E. coli PTS system, glucitol/sorbitol-specific IIB component and second of two IIC components (AAC75745.1); Blastp hit to AAC75745.1 (319 aa), 92% identity in aa 1 - 319	1
AE006468	AAL21714.1	PTS family glucitol/sorbitol-specific protein	similar to E. coli PTS system, glucitol/sorbitol-specific enzyme IIA component (AAC75746.1); Blastp hit to AAC75746.1 (123 aa), 82% identity in aa 1 - 118	1
AE006468	AAL21715.1	glucitol (sorbitol)-6-phosphate dehydrogenase	similar to E. coli glucitol (sorbitol)-6-phosphate dehydrogenase (AAC75747.1); Blastp hit to AAC75747.1 (259 aa), 97% identity in aa 1 - 259	1
AE006468	AAL21716.1	putative glucitol (srl) operon regulatory protein	similar to E. coli glucitol operon activator (AAC75748.1); Blastp hit to AAC75748.1 (119 aa), 83% identity in aa 1 - 119	1
AE006468	AAL21717.1	transcriptional repressor for glucitol operon	DeoR family; similar to E. coli regulator for gut (srl), glucitol operon (AAC75749.1); Blastp hit to AAC75749.1 (257 aa), 94% identity in aa 1 - 257	1
AE006468	AAL21718.1	putative polysialic acid capsule expression protein	similar to E. coli orf, hypothetical protein (AAC75750.1); Blastp hit to AAC75750.1 (308 aa), 92% identity in aa 1 - 308	1
AE006468	AAL21719.1	putative EBP family regulator	similar to E. coli putative 2-component transcriptional regulator (AAC75751.1); Blastp hit to AAC75751.1 (529 aa), 88% identity in aa 26 - 529	1
AE006468	AAL21720.1	putative flavoprotein	similar to E. coli putative flavodoxin (AAC75752.1); Blastp hit to AAC75752.1 (479 aa), 92% identity in aa 1 - 479	1
AE006468	AAL21721.1	putative oxidoreductase	similar to E. coli putative oxidoreductase (AAC75753.1); Blastp hit to AAC75753.1 (377 aa), 85% identity in aa 1 - 375	1
AE006468	AAL21722.1	hydrogenase maturation protein	similar to E. coli transcriptional regulatory protein (AAC75754.1); Blastp hit to AAC75754.1 (750 aa), 84% identity in aa 1 - 744	1
AE006468	AAL21723.1	electron transport protein (FeS center) from formate to hydrogen	similar to E. coli involved in electron transport from formate to hydrogen, Fe-S centers (AAC75755.1); Blastp hit to AAC75755.1 (175 aa), 95% identity in aa 1 - 173	1
AE006468	AAL21724.1	putative periplasmic or exported protein		1
AE006468	AAL21725.1	protease involved in processing C-terminal end of HycE	similar to E. coli protease involved in processing C-terminal end of the large subunit of hydrogenase 3 (AAC75759.1); Blastp hit to AAC75759.1 (156 aa), 91% identity in aa 1 - 155	1
AE006468	AAL21726.1	protein for processing of HycE	part of the FHL complex; similar to E. coli processing of large subunit (HycE) of hydrogenase 3 (part of the FHL complex) (AAC75760.1); Blastp hit to AAC75760.1 (136 aa), 91% identity in aa 1 - 136	1
AE006468	AAL21727.1	hydrogenase activity	similar to E. coli hydrogenase activity (AAC75761.1); Blastp hit to AAC75761.1 (255 aa), 96% identity in aa 1 - 255	1
AE006468	AAL21728.1	hydrogenase 3	similar to E. coli probable iron-sulfur protein of hydrogenase 3 (part of FHL complex) (AAC75762.1); Blastp hit to AAC75762.1 (180 aa), 96% identity in aa 1 - 178; putative quinone oxidoreductase	1
AE006468	AAL21729.1	hydrogenase 3, large subunit	part of FHL complex; similar to E. coli large subunit of hydrogenase 3 (part of FHL complex) (AAC75763.1); Blastp hit to AAC75763.1 (569 aa), 97% identity in aa 1 - 569	1
AE006468	AAL21730.1	hydrogenase 3, membrane subunit	part of FHL complex; similar to E. coli membrane-spanning protein of hydrogenase 3 (part of FHL complex) (AAC75764.1); Blastp hit to AAC75764.1 (307 aa), 90% identity in aa 1 - 307	1
AE006468	AAL21731.2	hydrogenase 3, membrane subunit	part of FHL complex; similar to E. coli membrane-spanning protein of hydrogenase 3 (part of FHL complex) (AAC75765.1); Blastp hit to AAC75765.1 (608 aa), 88% identity in aa 1 - 608	1
AE006468	AAL21732.1	hydrogenase-3, iron-sulfur subunit	part of FHL complex; similar to E. coli probable small subunit of hydrogenase-3, iron-sulfur protein (part of formate hydrogenlyase (FHL) complex) (AAC75766.1); Blastp hit to AAC75766.1 (203 aa), 95% identity in aa 1 - 202	1
AE006468	AAL21733.1	transcriptional repressor of hyc and hyp operons	similar to E. coli transcriptional repression of hyc and hyp operons (AAC75767.1); Blastp hit to AAC75767.1 (153 aa), 88% identity in aa 1 - 152	1
AE006468	AAL21734.1	guanine-nucleotide binding protein in formate-hydrogenlyase system	functions as nickel donor for HycE of hydrogenlyase 3; similar to E. coli pleiotrophic effects on 3 hydrogenase isozymes (AAC75768.1); Blastp hit to AAC75768.1 (116 aa), 86% identity in aa 1 - 115	1
AE006468	AAL21735.1	hydrogenase-3 accessory protein	assembly of metallocenter; similar to E. coli guanine-nucleotide binding protein, functions as nickel donor for large subunit of hydrogenase 3 (AAC75769.1); Blastp hit to AAC75769.1 (290 aa), 94% identity in aa 1 - 290	1
AE006468	AAL21736.1	putative hydrogenase expression/formation protein	similar to E. coli pleiotrophic effects on 3 hydrogenase isozymes (AAC75770.1); Blastp hit to AAC75770.1 (90 aa), 96% identity in aa 1 - 90	1
AE006468	AAL21737.2	putative hydrogenase expression/formation protein	similar to E. coli pleiotrophic effects on 3 hydrogenase isozymes (AAC75771.1); Blastp hit to AAC75771.1 (373 aa), 94% identity in aa 1 - 372	1
AE006468	AAL21738.1	putative hydrogenase expression/formation protein	similar to E. coli plays structural role in maturation of all 3 hydrogenases (AAC75772.1); Blastp hit to AAC75772.1 (322 aa), 91% identity in aa 1 - 322	1
AE006468	AAL21739.1	formate hydrogen-lyase transcriptional activator for fdhF, hyc and hyp operons	EBP family; formate hydrogenlyase transcriptional activator. (SW:FHLA_SALTY)	1
AE006468	AAL21740.1	putative cytoplasmic protein	similar to E. coli orf, hypothetical protein (AAC75774.1); Blastp hit to AAC75774.1 (117 aa), 86% identity in aa 1 - 114	1
AE006468	AAL21741.1	fur regulated Salmonella iron transporter	SitA (gi|5231094)	1
AE006468	AAL21742.1	fur regulated Salmonella iron transporter	SitB (gi|5231095)	1
AE006468	AAL21743.1	fur regulated Salmonella iron transporter	SitC (gi|5231096)	1
AE006468	AAL21744.1	fur regulated Salmonella iron transporter	SitD (gi|5231097)	1
AE006468	AAL21745.1	putative inner membrane protein		1
AE006468	AAL21746.1	transcriptional regulator	transcriptional regulator SprB (gi|5007028)	1
AE006468	AAL21747.1	araC family bacterial regulatory helix-turn-helix protein	HilC (gi|4455106)	1
AE006468	AAL21748.1	putative cytoplasmic protein		1
AE006468	AAL21749.1	putative flagellar biosynthesis/type III secretory pathway protein	oxygen-regulated invasion protein ORGA. (SW:ORGA_SALTY)	1
AE006468	AAL21750.1	putative inner membrane protein	oxygen-regulated invasion protein ORGA. (SW:ORGA_SALTY)	1
AE006468	AAL21751.1	cell invasion protein	lipoprotein; may link inner and outer membranes; PRGK protein precursor. (SW:PRGK_SALTY)	1
AE006468	AAL21752.1	cytoplasmic cell invasion protein	PRGJ protein. (SW:PRGJ_SALTY)	1
AE006468	AAL21753.1	cytoplasmic cell invasion protein	PRGI protein. (SW:PRGI_SALTY)	1
AE006468	AAL21754.1	cell invasion protein	PRGH protein. (SW:PRGH_SALTY)	1
AE006468	AAL21755.1	regulatory helix-turn-helix proteins, araC family	HilD (gi|4455108)	1
AE006468	AAL21756.1	invasion genes transcription activator	invasion protein IAGA (protein HILA). (SW:IAGA_SALTY)	1
AE006468	AAL21757.1	cell invasion protein	invasion protein IAGB precursor. (SW:IAGB_SALTY)	1
AE006468	AAL21758.1	protein tyrosine phosphate	protein tyrosine phosphatase SptP (gi|1519054)	1
AE006468	AAL21759.1	chaparone related to virulence	SicP (gi|3283218)	1
AE006468	AAL21760.1	putative cytoplasmic protein	hypothetical protein	1
AE006468	AAL21761.1	putative acyl carrier protein	acyl carrier protein (gi|1172129)	1
AE006468	AAL21762.1	cell invasion protein	SipA (gi|1172128)	1
AE006468	AAL21763.1	cell invasion protein	sspD protein (gi|7443300)	1
AE006468	AAL21764.1	cell invasion protein	sspC protein (gi|7443298)	1
AE006468	AAL21765.1	cell invasion protein	SipB (gi|975295)	1
AE006468	AAL21766.1	surface presentation of antigens	secretory proteins; surface presentation of antigens protein SPAT. (SW:SPAT_SALTY)	1
AE006468	AAL21767.1	surface presentation of antigens	secretory proteins; surface presentation of antigens protein SPAS. (SW:SPAS_SALTY)	1
AE006468	AAL21768.1	surface presentation of antigens	secretory proteins; surface presentation of antigens protein SPAR. (SW:SPAR_SALTY)	1
AE006468	AAL21769.1	surface presentation of antigens	secretory proteins; surface presentation of antigens protein SPAQ. (SW:SPAQ_SALTY)	1
AE006468	AAL21770.1	surface presentation of antigens	secretory proteins; surface presentation of antigens protein SPAP. (SW:SPAP_SALTY)	1
AE006468	AAL21771.1	surface presentation of antigens	secretory proteins; surface presentation of antigens protein SPAO. (SW:SPAO_SALTY)	1
AE006468	AAL21772.1	surface presentation of antigens	secretory proteins; surface presentation of antigens protein SPAN. (SW:SPAN_SALTY)	1
AE006468	AAL21773.1	surface presentation of antigens	secretory proteins; surface presentation of antigens protein SPAM. (SW:SPAM_SALTY)	1
AE006468	AAL21774.1	surface presentation of antigens	secretory proteins; probable ATP synthase SPAL. (SW:SPAL_SALTY)	1
AE006468	AAL21775.1	surface presentation of antigens	secretory proteins; surface presentation of antigens protein SPAK. (SW:SPAK_SALTY)	1
AE006468	AAL21776.1	invasion protein	invasion protein INVA. (SW:INVA_SALTY)	1
AE006468	AAL21777.1	invasion protein	invasion protein ONVE. (SW:INVE_SALTY)	1
AE006468	AAL21778.1	outer membrane invasion protein	INVG protein precursor. (SW:INVG_SALTY)	1
AE006468	AAL21779.1	invasion protein	invasion protein INVF. (SW:INVF_SALTY)	1
AE006468	AAL21780.1	invasion protein	invasion protein INVH precursor. (SW:INVH_SALTY)	1
AE006468	AAL21781.1	putative cytoplasmic protein		1
AE006468	AAL21782.1	putative cytoplasmic protein		1
AE006468	AAL21783.1	putative cytoplasmic protein		1
AE006468	AAL21784.1	putative ABC-type transport system		1
AE006468	AAL21785.1	putative acetyltransferase		1
AE006468	AAL21786.1	putative cytoplasmic protein		1
AE006468	AAL21787.1	serine/threonine specific protein phosphatase 2	similar to E. coli protein phosphatase 2 (AAC75776.1); Blastp hit to AAC75776.1 (218 aa), 60% identity in aa 1 - 218	1
AE006468	AAL21788.1	putative cytoplasmic protein		1
AE006468	AAL21789.1	methyl-directed mismatch repair	recognizes exocyclic adducts of guanosine; DNA mismatch repair protein MUTS. (SW:MUTS_SALTY)	1
AE006468	AAL21790.1	putative cytoplasmic protein		1
AE006468	AAL21791.1	putative permease	similar to E. coli multidrug resistance; probably membrane translocase (AAC75733.1); Blastp hit to AAC75733.1 (512 aa), 29% identity in aa 15 - 201, 30% identity in aa 284 - 319	1
AE006468	AAL21792.1	putative LysR family transcriptional regulator	similar to E. coli putative transcriptional regulator LYSR-type (AAC73313.1); Blastp hit to AAC73313.1 (304 aa), 32% identity in aa 6 - 289	1
AE006468	AAL21793.1	putative permease	similar to E. coli putative transport protein (AAC75782.1); Blastp hit to AAC75782.1 (454 aa), 33% identity in aa 11 - 446	1
AE006468	AAL21794.1	putative nucleoside-diphosphate-sugar epimerase	similar to E. coli UDP-galactose-4-epimerase (AAC73846.1); Blastp hit to AAC73846.1 (338 aa), 25% identity in aa 1 - 162	1
AE006468	AAL21795.1	putative endonuclease	similar to E. coli orf, hypothetical protein (AAC75781.1); Blastp hit to AAC75781.1 (258 aa), 79% identity in aa 1 - 258	1
AE006468	AAL21796.1	putative fuculose phosphate aldolase	similar to E. coli putative epimerase/aldolase (AAC75780.1); Blastp hit to AAC75780.1 (212 aa), 85% identity in aa 1 - 211	1
AE006468	AAL21797.1	putative tRNA synthase	similar to E. coli orf, hypothetical protein (AAC75779.1); Blastp hit to AAC75779.1 (388 aa), 79% identity in aa 1 - 384	1
AE006468	AAL21798.1	3-hydroxyisobutyrate dehydrogenase	similar to E. coli putative dehydrogenase (AAC75778.1); Blastp hit to AAC75778.1 (302 aa), 82% identity in aa 1 - 299	1
AE006468	AAL21799.1	putative regulatory protein, deoR family	similar to E. coli putative DEOR-type transcriptional regulator (AAC75777.1); Blastp hit to AAC75777.1 (265 aa), 86% identity in aa 11 - 263	1
AE006468	AAL21800.1	putative transcriptional regulator	similar to E. coli transcriptional regulator for cryptic hemolysin (AAC74714.1); Blastp hit to AAC74714.1 (146 aa), 27% identity in aa 1 - 135	1
AE006468	AAL21801.1	putative flavoprotein	similar to E. coli 3-octaprenyl-4-hydroxybenzoate carboxy-lyase (AAC75371.1); Blastp hit to AAC75371.1 (189 aa), 55% identity in aa 3 - 188	1
AE006468	AAL21802.1	putative 3-polyprenyl-4-hydroxybenzoate decarboxylase	similar to E. coli putative oxidoreductase (AAC76846.1); Blastp hit to AAC76846.1 (497 aa), 28% identity in aa 4 - 489	1
AE006468	AAL21803.1	putative cytoplasmic protein		1
AE006468	AAL21804.1	sigma S (sigma 38) factor of RNA polymerase	major sigmafactor during stationary phase; RNA polymerase sigma factor RPOS (sigma-38). (SW:RPOS_SALTY)	1
AE006468	AAL21805.1	lipoprotein	lipoprotein NLPD. (SW:NLPD_SALTY)	1
AE006468	AAL21806.1	L-isoaspartate protein carboxylmethyltransferase type II	similar to E. coli L-isoaspartate protein carboxylmethyltransferase type II (AAC75785.1); Blastp hit to AAC75785.1 (208 aa), 94% identity in aa 1 - 208	1
AE006468	AAL21807.1	survival protein, protein damage control	similar to E. coli survival protein (AAC75786.1); Blastp hit to AAC75786.1 (253 aa), 91% identity in aa 1 - 253	1
AE006468	AAL21808.1	putative hydrogenase subunit	similar to E. coli putative hydrogenase subunit (AAC75787.1); Blastp hit to AAC75787.1 (349 aa), 89% identity in aa 1 - 349	1
AE006468	AAL21809.1	2C-methyl-d-erythritol-2,4-cyclodiphosphate synthase	similar to E. coli orf, hypothetical protein (AAC75788.1); Blastp hit to AAC75788.1 (159 aa), 98% identity in aa 1 - 159	1
AE006468	AAL21810.1	4-phosphocytidyl-2C-methyl-D-erythritol synthase	similar to E. coli orf, hypothetical protein (AAC75789.1); Blastp hit to AAC75789.1 (236 aa), 91% identity in aa 1 - 234	1
AE006468	AAL21811.1	putative Septum formation initiator	similar to E. coli orf, hypothetical protein (AAC75790.1); Blastp hit to AAC75790.1 (103 aa), 91% identity in aa 1 - 103	1
AE006468	AAL21812.1	putative inner membrane protein	similar to E. coli putative cytochrome oxidase subunit (AAC75791.1); Blastp hit to AAC75791.1 (107 aa), 66% identity in aa 1 - 107	1
AE006468	AAL21813.1	adenosine 5'-phosphosulfate kinase	similar to E. coli adenosine 5'-phosphosulfate kinase (AAC75792.1); Blastp hit to AAC75792.1 (201 aa), 85% identity in aa 1 - 201	1
AE006468	AAL21814.1	ATP-sulfurylase, subunit 1	similar to E. coli ATP-sulfurylase (ATP:sulfate adenylyltransferase), subunit 1, probably a GTPase (AAC75793.1); Blastp hit to AAC75793.1 (475 aa), 87% identity in aa 1 - 475	1
AE006468	AAL21815.1	ATP-sulfurylase, subunit 1	similar to E. coli ATP:sulfurylase (ATP:sulfate adenylyltransferase), subunit 2 (AAC75794.1); Blastp hit to AAC75794.1 (302 aa), 97% identity in aa 1 - 302	1
AE006468	AAL21816.1	aminopeptidase in alkaline phosphatase isozyme conversion	similar to E. coli alkaline phosphatase isozyme conversion, aminopeptidase (AAC75795.1); Blastp hit to AAC75795.1 (345 aa), 85% identity in aa 1 - 344	1
AE006468	AAL21817.1	putative inner membrane protein	similar to E. coli orf, hypothetical protein (AAC75796.1); Blastp hit to AAC75796.1 (116 aa), 84% identity in aa 23 - 116	1
AE006468	AAL21818.1	putative cytoplasmic protein	similar to E. coli orf, hypothetical protein (AAC75797.1); Blastp hit to AAC75797.1 (305 aa), 85% identity in aa 1 - 303	1
AE006468	AAL21819.1	putative cytoplasmic protein	similar to E. coli orf, hypothetical protein (AAC75798.1); Blastp hit to AAC75798.1 (199 aa), 28% identity in aa 3 - 198	1
AE006468	AAL21820.1	putative cytoplasmic protein	similar to E. coli orf, hypothetical protein (AAC75799.1); Blastp hit to AAC75799.1 (226 aa), 35% identity in aa 3 - 159	1
AE006468	AAL21821.1	putative cytoplasmic protein	similar to E. coli orf, hypothetical protein (AAC75800.1); Blastp hit to AAC75800.1 (363 aa), 29% identity in aa 1 - 334	1
AE006468	AAL21822.1	putative transposase		1
AE006468	AAL21823.1	putative cytoplasmic protein	similar to E. coli orf, hypothetical protein (AAC75802.1); Blastp hit to AAC75802.1 (502 aa), 28% identity in aa 2 - 289	1
AE006468	AAL21824.1	putative helicase	similar to E. coli orf, hypothetical protein (AAC75803.1); Blastp hit to AAC75803.1 (888 aa), 30% identity in aa 7 - 849	1
AE006468	AAL21825.1	secreted protein in the Sop family; transferred to eukaryotic cells	hypothetical 36.1 Kda protein in cysH 3'region (ORF4). (SW:YGCC_SALTY)	1
AE006468	AAL21826.1	3'-phosphoadenosine 5'-phosphosulfate reductase	phosphoadenosine phosphosulfate reductase; PAPS; (SW:CYSH_SALTY)	1
AE006468	AAL21827.1	NADPH dependent sulfite reductase, alpha subunit	sulfite reductase [NADPH] hemoprotein beta-component. (SW:CYSI_SALTY)	1
AE006468	AAL21828.1	sulfite reductase, beta (flavoprotein) subunit	sulfite reductase [NADPH] flavoprotein alpha-component. (SW:CYSJ_SALTY)	1
AE006468	AAL21829.1	putative synthase	similar to E. coli putative 6-pyruvoyl tetrahydrobiopterin synthase (AAC75807.1); Blastp hit to AAC75807.1 (121 aa), 94% identity in aa 2 - 121	1
AE006468	AAL21830.1	putative metal-dependent hydrolases of the beta-lactamase superfamily II		1
AE006468	AAL21831.1	putative organic radical activating enzymes	similar to E. coli orf, hypothetical protein (AAC75819.1); Blastp hit to AAC75819.1 (223 aa), 95% identity in aa 1 - 223	1
AE006468	AAL21832.1	enolase	similar to E. coli enolase (AAC75821.1); Blastp hit to AAC75821.1 (432 aa), 98% identity in aa 1 - 432	1
AE006468	AAL21833.1	CTP synthetase	similar to E. coli CTP synthetase (AAC75822.1); Blastp hit to AAC75822.1 (545 aa), 95% identity in aa 1 - 545	1
AE006468	AAL21834.1	putative pyrophosphatase	similar to E. coli orf, hypothetical protein (AAC75823.1); Blastp hit to AAC75823.1 (263 aa), 93% identity in aa 2 - 263	1
AE006468	AAL21835.1	putative transcriptional regulators containing the CopG/Arc/MetJ DNA-binding domain and a metal-binding domain		1
AE006468	AAL21836.1	(p)ppGpp synthetase I	similar to E. coli (p)ppGpp synthetase I (GTP pyrophosphokinase); regulation of RNA synthesis; stringent factor (AAC75826.1); Blastp hit to AAC75826.1 (744 aa), 96% identity in aa 1 - 743	1
AE006468	AAL21837.1	putative RNA methyltransferase	similar to E. coli putative enzyme (AAC75827.1); Blastp hit to AAC75827.1 (433 aa), 84% identity in aa 1 - 432	1
AE006468	AAL21838.1	sensory histidine kinase	similar to E. coli sensor-regulator, activates OmpR by phophorylation (AAC75828.1); Blastp hit to AAC75828.1 (918 aa), 90% identity in aa 1 - 918	1
AE006468	AAL21839.1	putative glycerate kinase 2	similar to E. coli orf, hypothetical protein (AAC76158.1); Blastp hit to AAC76158.1 (408 aa), 68% identity in aa 28 - 405	1
AE006468	AAL21840.1	d-glucarate dehydratase	similar to E. coli putative glucarate dehydratase (AAC75829.1); Blastp hit to AAC75829.1 (446 aa), 97% identity in aa 1 - 446	1
AE006468	AAL21841.1	putative d-glucarate dehydratase	similar to E. coli putative glucarate dehydratase (AAC75830.1); Blastp hit to AAC75830.1 (446 aa), 95% identity in aa 1 - 446	1
AE006468	AAL21842.1	putative MFS superfamily D-glucarate permease	similar to E. coli putative transport protein (AAC75831.1); Blastp hit to AAC75831.1 (450 aa), 96% identity in aa 1 - 450	1
AE006468	AAL21843.1	putative MFS superfamily D-glucarate permease	similar to E. coli orf, hypothetical protein (AAC75832.1); Blastp hit to AAC75832.1 (149 aa), 88% identity in aa 1 - 149	1
AE006468	AAL21844.1	putative synthase	similar to E. coli orf, hypothetical protein (AAC75833.1); Blastp hit to AAC75833.1 (260 aa), 89% identity in aa 1 - 255	1
AE006468	AAL21845.1	putative cytoplasmic protein	similar to E. coli orf, hypothetical protein (AAC75834.1); Blastp hit to AAC75834.1 (109 aa), 80% identity in aa 1 - 109	1
AE006468	AAL21846.1	interacts with secY	similar to E. coli interacts with secY (AAC75835.1); Blastp hit to AAC75835.1 (181 aa), 83% identity in aa 1 - 181	1
AE006468	AAL21847.1	putative GTP cyclohydrolase I	similar to E. coli orf, hypothetical protein (AAC75836.1); Blastp hit to AAC75836.1 (282 aa), 87% identity in aa 1 - 282	1
AE006468	AAL21848.1	putative nucleotide binding	similar to E. coli orf, hypothetical protein (AAC75837.1); Blastp hit to AAC75837.1 (454 aa), 94% identity in aa 1 - 453	1
AE006468	AAL21849.1	putative HAAAP family serine transport protein	similar to E. coli probable serine transporter (AAC75838.1); Blastp hit to AAC75838.1 (429 aa), 95% identity in aa 1 - 429	1
AE006468	AAL21850.2	L-serine dehydratase	similar to E. coli L-serine dehydratase (deaminase), L-SD2 (AAC75839.1); Blastp hit to AAC75839.1 (455 aa), 94% identity in aa 1 - 455; L-threonine deaminase 2	1
AE006468	AAL21851.1	exonuclease IX, 5'-3' exonuclease	similar to E. coli 5'-3' exonuclease (AAC75840.1); Blastp hit to AAC75840.1 (281 aa), 87% identity in aa 18 - 281	1
AE006468	AAL21852.1	L-1,2-propanediol oxidoreductase	similar to E. coli L-1,2-propanediol oxidoreductase (AAC75841.1); Blastp hit to AAC75841.1 (383 aa), 91% identity in aa 2 - 383	1
AE006468	AAL21853.1	L-fuculose-1-phosphate aldolase	similar to E. coli L-fuculose-1-phosphate aldolase (AAC75842.1); Blastp hit to AAC75842.1 (215 aa), 91% identity in aa 1 - 215	1
AE006468	AAL21854.1	L-fucose isomerase	similar to E. coli L-fucose isomerase (AAC75844.1); Blastp hit to AAC75844.1 (591 aa), 93% identity in aa 1 - 591	1
AE006468	AAL21855.1	L-fuculokinase	similar to E. coli L-fuculokinase (AAC75845.1); Blastp hit to AAC75845.1 (482 aa), 84% identity in aa 11 - 482	1
AE006468	AAL21856.1	conserved protein of fucose operon	similar to E. coli protein of fucose operon (AAC75846.1); Blastp hit to AAC75846.1 (140 aa), 91% identity in aa 1 - 140	1
AE006468	AAL21857.1	positive regulator of the fuc operon	DeoR family; similar to E. coli positive regulator of the fuc operon (AAC75847.1); Blastp hit to AAC75847.1 (243 aa), 88% identity in aa 1 - 235	1
AE006468	AAL21858.1	putative SAM-dependent methyltransferase	similar to E. coli orf, hypothetical protein (AAC75848.1); Blastp hit to AAC75848.1 (366 aa), 94% identity in aa 1 - 366	1
AE006468	AAL21859.1	putative small membrane protein	similar to E. coli orf, hypothetical protein (AAC75849.1); Blastp hit to AAC75849.1 (131 aa), 90% identity in aa 1 - 131	1
AE006468	AAL21860.1	regulator of gcv operon	LysR family; similar to E. coli positive regulator of gcv operon (AAC75850.1); Blastp hit to AAC75850.1 (305 aa), 98% identity in aa 1 - 305	1
AE006468	AAL21861.1	putative lipoprotein	similar to E. coli orf, hypothetical protein (AAC75851.1); Blastp hit to AAC75851.1 (76 aa), 93% identity in aa 2 - 75	1
AE006468	AAL21862.1	putative selenocysteine lyase	similar to E. coli orf, hypothetical protein (AAC75852.1); Blastp hit to AAC75852.1 (401 aa), 89% identity in aa 1 - 401	1
AE006468	AAL21863.1	putative SufE protein probably involved in Fe-S center assembly	similar to E. coli orf, hypothetical protein (AAC75853.1); Blastp hit to AAC75853.1 (147 aa), 88% identity in aa 1 - 144	1
AE006468	AAL21864.1	putative integral membrane protein	similar to E. coli orf, hypothetical protein (AAC76822.1); Blastp hit to AAC76822.1 (300 aa), 31% identity in aa 25 - 294	1
AE006468	AAL21865.1	putative enzyme	similar to E. coli putative enzyme (AAC75854.1); Blastp hit to AAC75854.1 (268 aa), 93% identity in aa 1 - 267	1
AE006468	AAL21866.1	membrane-bound lytic murein transglycosylase A	similar to E. coli membrane-bound lytic murein transglycosylase A (AAC75855.1); Blastp hit to AAC75855.1 (365 aa), 92% identity in aa 1 - 365	1
AE006468	AAL21867.1	N-acetylmuramoyl-L-alanine amidase	similar to E. coli putative amidase (AAC75856.1); Blastp hit to AAC75856.1 (447 aa), 94% identity in aa 31 - 446	1
AE006468	AAL21868.1	N-alpha-acetylglutamate synthase	amino-acid acetyltransferase; similar to E. coli N-acetylglutamate synthase; amino acid acetyltransferase (AAC75857.1); Blastp hit to AAC75857.1 (443 aa), 93% identity in aa 1 - 443	1
AE006468	AAL21869.1	exonuclease V, alpha chain	similar to E. coli DNA helicase, ATP-dependent dsDNA/ssDNA exonuclease V subunit, ssDNA endonuclease (AAC75858.1); Blastp hit to AAC75858.1 (608 aa), 84% identity in aa 1 - 604	1
AE006468	AAL21870.1	exonuclease V, beta chain	similar to E. coli DNA helicase, ATP-dependent dsDNA/ssDNA exonuclease V subunit, ssDNA endonuclease (AAC75859.1); Blastp hit to AAC75859.1 (1180 aa), 84% identity in aa 1 - 1180	1
AE006468	AAL21871.1	protease III	similar to E. coli protease III (AAC75860.1); Blastp hit to AAC75860.1 (962 aa), 88% identity in aa 1 - 962	1
AE006468	AAL21872.2	exonuclease V, subunit	similar to E. coli DNA helicase, ATP-dependent dsDNA/ssDNA exonuclease V subunit, ssDNA endonuclease (AAC75861.1); Blastp hit to AAC75861.1 (1122 aa), 88% identity in aa 1 - 1122	1
AE006468	AAL21873.1	prepilin peptidase dependent protein C	putative component in type IV pilin biogenesis; similar to E. coli prepilin peptidase dependent protein C (AAC75862.1); Blastp hit to AAC75862.1 (107 aa), 69% identity in aa 1 - 106	1
AE006468	AAL21874.1	putative periplasmic protein	similar to E. coli orf, hypothetical protein (AAC75863.1); Blastp hit to AAC75863.1 (121 aa), 52% identity in aa 1 - 121	1
AE006468	AAL21875.1	prepilin peptidase dependent protein B	putative component in type IV pilin biogenesis; similar to E. coli prepilin peptidase dependent protein B (AAC75864.1); Blastp hit to AAC75864.1 (187 aa), 67% identity in aa 3 - 187	1
AE006468	AAL21876.1	prepilin peptidase dependent protein A	putative component in type IV pilin biogenesis; similar to E. coli prepilin peptidase dependent protein A (AAC75865.1); Blastp hit to AAC75865.1 (156 aa), 65% identity in aa 1 - 155	1
AE006468	AAL21877.1	thymidylate synthetase	similar to E. coli thymidylate synthetase (AAC75866.1); Blastp hit to AAC75866.1 (264 aa), 96% identity in aa 1 - 264	1
AE006468	AAL21878.1	phosphatidylglycerol-prolipoprotein diacylglyceryl transferase	prolipoprotein diacylglyceryl transferase. (SW:LGT_SALTY)	1
AE006468	AAL21879.1	general PTS system enzyme I, transcriptional regulator with NPR and NTR proteins	similar to E. coli PTS system, enzyme I, transcriptional regulator (with NPR and NTR proteins) (AAC75868.1); Blastp hit to AAC75868.1 (748 aa), 94% identity in aa 1 - 748	1
AE006468	AAL21880.1	putative invasion protein	NTP pyrophosphohydrolase; similar to E. coli putative invasion protein (AAC75869.1); Blastp hit to AAC75869.1 (176 aa), 94% identity in aa 1 - 176	1
AE006468	AAL21881.1	methyl-directed mismatch repair protein	similar to E. coli methyl-directed mismatch repair (AAC75870.1); Blastp hit to AAC75870.1 (229 aa), 88% identity in aa 1 - 229	1
AE006468	AAL21882.1	putative integral membrane transport protein	similar to E. coli putative transport protein (AAC75871.1); Blastp hit to AAC75871.1 (237 aa), 94% identity in aa 1 - 237	1
AE006468	AAL21883.1	putative POT family peptide transport protein	similar to E. coli orf, hypothetical protein (AAC75872.1); Blastp hit to AAC75872.1 (72 aa), 90% identity in aa 1 - 72	1
AE006468	AAL21884.1	putative aldo/keto reductase	similar to E. coli orf, hypothetical protein (AAC75873.1); Blastp hit to AAC75873.1 (346 aa), 91% identity in aa 1 - 346	1
AE006468	AAL21885.1	putative efflux protein	resistance protein; similar to E. coli putative resistance proteins (AAC75874.1); Blastp hit to AAC75874.1 (397 aa), 88% identity in aa 1 - 396	1
AE006468	AAL21886.1	2-acylglycerophospho-ethanolamine acyl transferase	bifunctional; similar to E. coli 2-acyl-glycerophospho-ethanolamine acyltransferase; acyl-acyl-carrier protein synthetase (AAC75875.1); Blastp hit to AAC75875.1 (719 aa), 91% identity in aa 1 - 719; acyl-acyl carrier protein synthetase	1
AE006468	AAL21887.1	transcriptional repressor of galETK operon	GalR/LacI family; similar to E. coli repressor of galETK operon (AAC75876.1); Blastp hit to AAC75876.1 (343 aa), 90% identity in aa 1 - 343	1
AE006468	AAL21888.1	putative transcriptional regulator	similar to E. coli ascBF operon repressor (AAC75756.1); Blastp hit to AAC75756.1 (337 aa), 41% identity in aa 1 - 334	1
AE006468	AAL21889.1	diaminopimelate decarboxylase	similar to E. coli diaminopimelate decarboxylase (AAC75877.1); Blastp hit to AAC75877.1 (420 aa), 88% identity in aa 1 - 420	1
AE006468	AAL21890.1	positive LysR family transcriptional regulator	similar to E. coli positive regulator for lys (AAC75878.1); Blastp hit to AAC75878.1 (311 aa), 86% identity in aa 1 - 311	1
AE006468	AAL21891.1	putative aspartate racemase	similar to E. coli putative resistance proteins (AAC75879.1); Blastp hit to AAC75879.1 (230 aa), 79% identity in aa 1 - 230	1
AE006468	AAL21892.1	L-arabinose: proton symport protein	low-affinity transporter;MFS family; similar to E. coli low-affinity L-arabinose transport system proton symport protein (AAC75880.1); Blastp hit to AAC75880.1 (472 aa), 97% identity in aa 1 - 472	1
AE006468	AAL21893.1	2-deoxy-D-gluconate 3-dehydrogenase	similar to E. coli 2-deoxy-D-gluconate 3-dehydrogenase (AAC75881.1); Blastp hit to AAC75881.1 (253 aa), 93% identity in aa 1 - 253	1
AE006468	AAL21894.1	putative pectin degrading enzyme	similar to E. coli homolog of pectin degrading enzyme 5-keto 4-deoxyuronate isomerase (AAC75882.1); Blastp hit to AAC75882.1 (278 aa), 85% identity in aa 1 - 278	1
AE006468	AAL21895.1	putative acetyl-CoA acetyltransferase	similar to E. coli putative acyltransferase (AAC75883.1); Blastp hit to AAC75883.1 (394 aa), 91% identity in aa 2 - 393	1
AE006468	AAL21896.1	putative LysR family transcriptional regulator	similar to E. coli putative transcriptional regulator LYSR-type (AAC73606.1); Blastp hit to AAC73606.1 (308 aa), 26% identity in aa 2 - 275	1
AE006468	AAL21897.1	putative inner membrane protein		1
AE006468	AAL21898.1	putative transport protein	similar to E. coli putative transporter protein (AAC75884.1); Blastp hit to AAC75884.1 (409 aa), 90% identity in aa 1 - 408	1
AE006468	AAL21899.1	putative cytoplasmic protein	similar to E. coli orf, hypothetical protein (AAC75166.1); Blastp hit to AAC75166.1 (90 aa), 93% identity in aa 1 - 90	1
AE006468	AAL21900.1	putative inner membrane protein	similar to E. coli orf, hypothetical protein (AAC75167.1); Blastp hit to AAC75167.1 (274 aa), 78% identity in aa 1 - 274	1
AE006468	AAL21901.1	putative cytoplasmic protein	transcriptional regulator SprB (gi|5007028)	1
AE006468	AAL21902.1	putative outer membrane protein		1
AE006468	AAL21903.1	putative fimbrial chaparone protein	similar to E. coli putative chaperone (AAC73811.1); Blastp hit to AAC73811.1 (242 aa), 40% identity in aa 20 - 230	1
AE006468	AAL21904.1	putative outer membrane usher protein	similar to E. coli putative membrane protein (AAC76082.1); Blastp hit to AAC76082.1 (821 aa), 42% identity in aa 20 - 817	1
AE006468	AAL21905.1	putative fimbrial-like protein	similar to E. coli putative fimbrial-like protein (AAC73813.1); Blastp hit to AAC73813.1 (188 aa), 32% identity in aa 8 - 187	1
AE006468	AAL21906.1	putative periplasmic protein	similar to E. coli orf, hypothetical protein (AAC75434.1); Blastp hit to AAC75434.1 (211 aa), 46% identity in aa 47 - 208	1
AE006468	AAL21907.1	ail and ompX-like protein	similar to E. coli outer membrane protein X (AAC73901.1); Blastp hit to AAC73901.1 (171 aa), 29% identity in aa 1 - 171	1
AE006468	AAL21908.1	transposase for IS200	transposase for insertion sequence element is200 (SW:T200_SALTY)	1
AE006468	AAL21909.1	putative nucleic acid-binding protein	contains PIN domain	1
AE006468	AAL21910.1	putative cytoplasmic protein		1
AE006468	AAL21911.1	putative periplasmic protein		1
AE006468	AAL21912.1	putative inner membrane protein		1
AE006468	AAL21913.1	putative metalloendopeptidase	similar to E. coli putative lipoprotein (AAC75903.1); Blastp hit to AAC75903.1 (259 aa), 84% identity in aa 8 - 259	1
AE006468	AAL21914.1	isopentenyldiphosphate isomerase	similar to E. coli putative enzyme (AAC75927.1); Blastp hit to AAC75927.1 (182 aa), 70% identity in aa 1 - 180	1
AE006468	AAL21915.1	constitutive lysine tRNA synthetase	similar to E. coli lysine tRNA synthetase, constitutive; suppressor of ColE1 mutation in primer RNA (AAC75928.1); Blastp hit to AAC75928.1 (505 aa), 95% identity in aa 1 - 505	1
AE006468	AAL21916.1	peptide chain release factor RF-2	peptide chain release factor 2 (RF-2). (SW:RF2_SALTY)	1
AE006468	AAL21917.1	ssDNA exonuclease	5' --> 3' specific; Mg dependent; single-stranded-DNA-specific exonuclease RECJ. (SW:RECJ_SALTY)	1
AE006468	AAL21918.1	protein disulfide isomerase II	thiol:disulfide interchange protein DSBC precursor. (SW:DSBC_SALTY)	1
AE006468	AAL21919.1	site-specific recombinase	integrase/recombinase XERD. (SW:XERD_SALTY)	1
AE006468	AAL21920.1	flavodoxin 2	flavodoxin 2. (SW:FLAW_SALTY)	1
AE006468	AAL21921.1	putative inner membrane protein	similar to E. coli orf, hypothetical protein (AAC75934.1); Blastp hit to AAC75934.1 (135 aa), 83% identity in aa 1 - 131	1
AE006468	AAL21922.1	putative cytoplasmic protein	similar to E. coli orf, hypothetical protein (AAC75935.1); Blastp hit to AAC75935.1 (88 aa), 93% identity in aa 1 - 88	1
AE006468	AAL21923.1	putative aminomethyltransferase	similar to E. coli orf, hypothetical protein (AAC75936.1); Blastp hit to AAC75936.1 (326 aa), 85% identity in aa 1 - 326	1
AE006468	AAL21924.1	putative hemolysin	similar to E. coli putative oxidoreductase (AAC75937.1); Blastp hit to AAC75937.1 (219 aa), 91% identity in aa 1 - 219	1
AE006468	AAL21925.1	putative cytoplasmic protein	similar to E. coli orf, hypothetical protein (AAC75938.1); Blastp hit to AAC75938.1 (103 aa), 88% identity in aa 1 - 103	1
AE006468	AAL21926.1	6-phospho-beta-glucosidase A	similar to E. coli 6-phospho-beta-glucosidase A; cryptic (AAC75939.1); Blastp hit to AAC75939.1 (479 aa), 95% identity in aa 3 - 479	1
AE006468	AAL21927.1	putative outer membrane protein		1
AE006468	AAL21928.1	glycine cleavage complex protein P	glycine decarboxylase; similar to E. coli glycine decarboxylase, P protein of glycine cleavage system (AAC75941.1); Blastp hit to AAC75941.1 (957 aa), 96% identity in aa 1 - 957	1
AE006468	AAL21929.1	glycine cleavage complex protein H	carrier of aminomethyl moiety via covalently bound lipoyl cofactor; similar to E. coli in glycine cleavage complex, carrier of aminomethyl moiety via covalently bound lipoyl cofactor (AAC75942.1); Blastp hit to AAC75942.1 (129 aa), 99% identity in aa 1 - 129	1
AE006468	AAL21930.1	glycine cleavage complex protein T	aminomethyltransferase; tetrahydrofolate-dependent; similar to E. coli aminomethyltransferase (T protein; tetrahydrofolate-dependent) of glycine cleavage system (AAC75943.1); Blastp hit to AAC75943.1 (364 aa), 94% identity in aa 1 - 364	1
AE006468	AAL21931.1	putative monooxygenase	similar to E. coli orf, hypothetical protein (AAC75944.1); Blastp hit to AAC75944.1 (400 aa), 87% identity in aa 1 - 400	1
AE006468	AAL21932.2	2-octaprenyl-6-methoxyphynol hydroxylase	similar to E. coli 2-octaprenyl-6-methoxyphenol--> 2-octaprenyl-6-methoxy-1, 4-benzoquinone (AAC75945.1); Blastp hit to AAC75945.1 (392 aa), 79% identity in aa 1 - 392	1
AE006468	AAL21933.1	proline aminopeptidase P II	similar to E. coli proline aminopeptidase P II (AAC75946.1); Blastp hit to AAC75946.1 (441 aa), 91% identity in aa 4 - 441	1
AE006468	AAL21934.1	putative cytoplasmic protein	similar to E. coli orf, hypothetical protein (AAC75947.1); Blastp hit to AAC75947.1 (194 aa), 93% identity in aa 1 - 194	1
AE006468	AAL21935.1	putative cytoplasmic protein	similar to E. coli orf, hypothetical protein (AAC75948.1); Blastp hit to AAC75948.1 (109 aa), 96% identity in aa 1 - 109	1
AE006468	AAL21936.1	putative ligase	similar to E. coli putative ligase (AAC75949.1); Blastp hit to AAC75949.1 (182 aa), 86% identity in aa 1 - 182	1
AE006468	AAL21937.1	D-3-phosphoglycerate dehydrogenase	similar to E. coli D-3-phosphoglycerate dehydrogenase (AAC75950.1); Blastp hit to AAC75950.1 (410 aa), 96% identity in aa 1 - 410	1
AE006468	AAL21938.1	constitutive ribosephosphate isomerase	similar to E. coli ribosephosphate isomerase, constitutive (AAC75951.1); Blastp hit to AAC75951.1 (219 aa), 98% identity in aa 1 - 219	1
AE006468	AAL21939.1	inhibitor of replication initiation	LysR family; similar to E. coli replication initiation inhibitor, binds to 13-mers at oriC (AAC75953.1); Blastp hit to AAC75953.1 (297 aa), 97% identity in aa 1 - 297; transcriptional regulator of dnaA and argK	1
AE006468	AAL21940.1	putative periplasmic immunogenic protein	similar to E. coli putative actin (AAC75959.1); Blastp hit to AAC75959.1 (246 aa), 88% identity in aa 1 - 245	1
AE006468	AAL21941.1	putative LYSE family amino acid transport protein	similar to E. coli orf, hypothetical protein (AAC75960.1); Blastp hit to AAC75960.1 (211 aa), 90% identity in aa 1 - 211	1
AE006468	AAL21942.1	putative membrane protein	involved in stability of MscS mechanosensitive channel; similar to E. coli putative transport protein (AAC75961.1); Blastp hit to AAC75961.1 (286 aa), 91% identity in aa 1 - 285	1
AE006468	AAL21943.1	fructose-bisphosphate aldolase	similar to E. coli fructose-bisphosphate aldolase, class II (AAC75962.1); Blastp hit to AAC75962.1 (359 aa), 98% identity in aa 1 - 359	1
AE006468	AAL21944.1	phosphoglycerate kinase	similar to E. coli phosphoglycerate kinase (AAC75963.1); Blastp hit to AAC75963.1 (387 aa), 97% identity in aa 1 - 387	1
AE006468	AAL21945.1	D-erythrose 4-phosphate dehydrogenase	similar to E. coli D-erythrose 4-phosphate dehydrogenase (AAC75964.1); Blastp hit to AAC75964.1 (339 aa), 94% identity in aa 1 - 339	1
AE006468	AAL21946.1	putative DNA-binding protein		1
AE006468	AAL21947.1	putative inner membrane protein		1
AE006468	AAL21948.1	putative ABC-type cobalt transport system	permease component CbiQ and related transporter	1
AE006468	AAL21949.1	putative ABC-type cobalt transport system	ATPase component; similar to E. coli ATP-binding component of putrescine transport system (AAC73942.1); Blastp hit to AAC73942.1 (404 aa), 38% identity in aa 74 - 207	1
AE006468	AAL21950.1	putative ABC-type cobalt transport system	ATPase component; similar to E. coli ATP-binding component of sulfate permease A protein; chromate resistance (AAC75475.1); Blastp hit to AAC75475.1 (365 aa), 33% identity in aa 18 - 219	1
AE006468	AAL21951.1	transketolase 1 isozyme	similar to E. coli transketolase 1 isozyme (AAC75972.1); Blastp hit to AAC75972.1 (663 aa), 95% identity in aa 1 - 663	1
AE006468	AAL21952.1	putative Zn-dependent proteases with possible chaperone function	similar to E. coli orf, hypothetical protein (AAC75973.1); Blastp hit to AAC75973.1 (294 aa), 90% identity in aa 43 - 294	1
AE006468	AAL21953.1	agmatinase	similar to E. coli agmatinase (AAC75974.1); Blastp hit to AAC75974.1 (306 aa), 98% identity in aa 1 - 306	1
AE006468	AAL21954.1	putative hydrolase or acyltransferase	similar to E. coli orf, hypothetical protein (AAC73780.1); Blastp hit to AAC73780.1 (254 aa), 22% identity in aa 18 - 234	1
AE006468	AAL21955.1	putative mannitol dehydrogenase	similar to E. coli orf, hypothetical protein (AAC77209.1); Blastp hit to AAC77209.1 (153 aa), 38% identity in aa 4 - 150	1
AE006468	AAL21956.1	putative malate	similar to E. coli putative malate dehydrogenase (AAC73619.1); Blastp hit to AAC73619.1 (349 aa), 40% identity in aa 3 - 332; L-lactate dehydrogenase	1
AE006468	AAL21957.1	putative zinc-binding dehydrogenase	similar to E. coli putative oxidoreductase (AAC77314.1); Blastp hit to AAC77314.1 (345 aa), 54% identity in aa 9 - 345	1
AE006468	AAL21958.1	putative mannitol dehydrogenase	similar to E. coli putative oxidoreductase (AAC75233.1); Blastp hit to AAC75233.1 (488 aa), 49% identity in aa 1 - 477	1
AE006468	AAL21959.1	putative gntR family regulatory protein	similar to E. coli regulator for uxu operon (AAC77280.1); Blastp hit to AAC77280.1 (257 aa), 39% identity in aa 8 - 247	1
AE006468	AAL21960.1	putative outer membrane lipoprotein		1
AE006468	AAL21961.1	arginine decarboxylase	similar to E. coli biosynthetic arginine decarboxylase (AAC75975.1); Blastp hit to AAC75975.1 (658 aa), 97% identity in aa 1 - 658	1
AE006468	AAL21962.1	putative inner membrane protein	similar to E. coli orf, hypothetical protein (AAC75976.1); Blastp hit to AAC75976.1 (48 aa), 73% identity in aa 6 - 46	1
AE006468	AAL21963.1	putative cytoplasmic protein	similar to E. coli orf, hypothetical protein (AAC75977.1); Blastp hit to AAC75977.1 (71 aa), 78% identity in aa 1 - 51	1
AE006468	AAL21964.1	putative inner membrane protein	similar to E. coli orf, hypothetical protein (AAC75978.1); Blastp hit to AAC75978.1 (83 aa), 52% identity in aa 1 - 78	1
AE006468	AAL21965.1	methionine adenosyltransferase 1	AdoMet synthetase; similar to E. coli methionine adenosyltransferase 1 (AdoMet synthetase); methyl and propylamine donor, corepressor of met genes (AAC75979.1); Blastp hit to AAC75979.1 (384 aa), 97% identity in aa 1 - 384	1
AE006468	AAL21966.1	MFS family galactose:proton symporter	similar to E. coli galactose-proton symport of transport system (AAC75980.1); Blastp hit to AAC75980.1 (464 aa), 97% identity in aa 1 - 464	1
AE006468	AAL21967.1	putative cytoplasmic protein	similar to E. coli orf, hypothetical protein (AAC75981.1); Blastp hit to AAC75981.1 (165 aa), 90% identity in aa 1 - 164	1
AE006468	AAL21968.1	DNA-specific endonuclease I	similar to E. coli DNA-specific endonuclease I (AAC75982.1); Blastp hit to AAC75982.1 (235 aa), 87% identity in aa 1 - 235	1
AE006468	AAL21969.1	putative cytoplasmic protein	similar to E. coli orf, hypothetical protein (AAC75983.1); Blastp hit to AAC75983.1 (252 aa), 90% identity in aa 1 - 252	1
AE006468	AAL21970.1	glutathione synthetase	similar to E. coli glutathione synthetase (AAC75984.1); Blastp hit to AAC75984.1 (316 aa), 90% identity in aa 1 - 313	1
AE006468	AAL21971.1	putative transcriptional regulator	similar to E. coli orf, hypothetical protein (AAC75985.1); Blastp hit to AAC75985.1 (211 aa), 92% identity in aa 25 - 211	1
AE006468	AAL21972.1	putative endonuclease involved in recombination	similar to E. coli orf, hypothetical protein (AAC75986.1); Blastp hit to AAC75986.1 (138 aa), 95% identity in aa 1 - 138	1
AE006468	AAL21973.1	putative transcriptional regulator		1
AE006468	AAL21974.1	putative protein transport	similar to E. coli putative protein transport (AAC75987.1); Blastp hit to AAC75987.1 (341 aa), 79% identity in aa 16 - 341	1
AE006468	AAL21975.1	putative enzyme with a TIM-barrel fold	similar to E. coli orf, hypothetical protein (AAC75988.1); Blastp hit to AAC75988.1 (234 aa), 89% identity in aa 1 - 233	1
AE006468	AAL21976.1	putative integral membran resistance protein	similar to E. coli putative resistance protein (AAC75989.1); Blastp hit to AAC75989.1 (188 aa), 90% identity in aa 1 - 188	1
AE006468	AAL21977.1	putative cytoplasmic protein	similar to E. coli orf, hypothetical protein (AAC75990.1); Blastp hit to AAC75990.1 (100 aa), 90% identity in aa 5 - 98	1
AE006468	AAL21978.1	putative xanthosine triphosphate pyrophosphatase	similar to E. coli putative ribosomal protein (AAC75991.1); Blastp hit to AAC75991.1 (197 aa), 91% identity in aa 1 - 197	1
AE006468	AAL21979.1	putative oxidase	similar to E. coli putative oxidase (AAC75992.1); Blastp hit to AAC75992.1 (378 aa), 92% identity in aa 1 - 378	1
AE006468	AAL21980.1	putative periplasmic protein	similar to E. coli putative alpha helix chain (AAC75993.1); Blastp hit to AAC75993.1 (335 aa), 64% identity in aa 3 - 335	1
AE006468	AAL21981.1	periplasmic L-asparaginase II	similar to E. coli periplasmic L-asparaginase II (AAC75994.1); Blastp hit to AAC75994.1 (348 aa), 92% identity in aa 1 - 348	1
AE006468	AAL21982.1	putative periplasmic protein	similar to E. coli orf, hypothetical protein (AAC75995.1); Blastp hit to AAC75995.1 (239 aa), 87% identity in aa 1 - 239	1
AE006468	AAL21983.1	putative cytoplasmic protein	similar to E. coli orf, hypothetical protein (AAC75996.1); Blastp hit to AAC75996.1 (118 aa), 95% identity in aa 11 - 118	1
AE006468	AAL21984.1	putative S-adenosylmethionine-dependent methyltransferase	similar to E. coli orf, hypothetical protein (AAC75997.1); Blastp hit to AAC75997.1 (239 aa), 93% identity in aa 1 - 239	1
AE006468	AAL21985.1	adenine DNA glycosylase	A/G-specific adenine glycosylase. (SW:MUTY_SALTY)	1
AE006468	AAL21986.1	putative cytoplasmic protein	similar to E. coli orf, hypothetical protein (AAC75999.1); Blastp hit to AAC75999.1 (91 aa), 94% identity in aa 1 - 91	1
AE006468	AAL21987.1	membrane-bound lytic murein transglycosylase C	similar to E. coli membrane-bound lytic murein transglycosylase C (AAC76000.1); Blastp hit to AAC76000.1 (360 aa), 91% identity in aa 1 - 360	1
AE006468	AAL21988.1	MFS family nucleoside transport	similar to E. coli transport of nucleosides, permease protein (AAC76001.1); Blastp hit to AAC76001.1 (434 aa), 90% identity in aa 17 - 434	1
AE006468	AAL21989.1	ornithine decarboxylase isozyme	similar to E. coli ornithine decarboxylase isozyme (AAC76002.1); Blastp hit to AAC76002.1 (731 aa), 87% identity in aa 21 - 731	1
AE006468	AAL21990.1	putative inner membrane protein	similar to E. coli putative transport protein (AAC76003.1); Blastp hit to AAC76003.1 (235 aa), 83% identity in aa 1 - 235	1
AE006468	AAL21991.1	putative lactoylglutathione lyase		1
AE006468	AAL21992.1	putative acetyl-CoA hydrolase	similar to E. coli putative coenzyme A transferase (AAC75957.1); Blastp hit to AAC75957.1 (492 aa), 27% identity in aa 187 - 458, 24% identity in aa 8 - 169	1
AE006468	AAL21993.1	putative monoamine oxidase	similar to E. coli putative aldehyde dehydrogenase (AAC74469.1); Blastp hit to AAC74469.1 (681 aa), 29% identity in aa 530 - 661	1
AE006468	AAL21994.1	putative LysR family transcriptional regulator	similar to E. coli citrate lyase beta chain (acyl lyase subunit) (AAC73717.1); Blastp hit to AAC73717.1 (307 aa), 31% identity in aa 20 - 299	1
AE006468	AAL21995.1	putative LysR family transcriptional regulator	putative transcriptional regulator (gi|5852589)	1
AE006468	AAL21996.1	putative arylsulfatase	similar to E. coli putative sulfatase (AAC74571.1); Blastp hit to AAC74571.1 (571 aa), 27% identity in aa 120 - 327, 43% identity in aa 322 - 358, 37% identity in aa 44 - 86, 31% identity in aa 435 - 471	1
AE006468	AAL21997.1	putative arylsulfatase regulator	similar to E. coli putative arylsulfatase regulator (AAC76803.1); Blastp hit to AAC76803.1 (411 aa), 36% identity in aa 4 - 248, 34% identity in aa 230 - 387	1
AE006468	AAL21998.1	putative response regulator	contains a CheY-like receiver domain and a HTH DNA-binding domain; similar to E. coli putative regulator (AAC76545.1); Blastp hit to AAC76545.1 (200 aa), 48% identity in aa 138 - 200	1
AE006468	AAL21999.1	putative cytoplasmic protein		1
AE006468	AAL22000.1	putative amino acid transporter	similar to E. coli proline permease transport protein (AAC73505.1); Blastp hit to AAC73505.1 (457 aa), 25% identity in aa 4 - 415	1
AE006468	AAL22001.1	putative cytoplasmic protein		1
AE006468	AAL22002.1	putative oxidoreductase	similar to E. coli probable oxidoreductase (AAC74383.1); Blastp hit to AAC74383.1 (426 aa), 35% identity in aa 7 - 414	1
AE006468	AAL22003.1	putative NAD-dependent aldehyde dehydrogenase	similar to E. coli phenylacetaldehyde dehydrogenase (AAC74467.1); Blastp hit to AAC74467.1 (500 aa), 44% identity in aa 7 - 500	1
AE006468	AAL22004.1	putative cytoplasmic protein	similar to E. coli orf, hypothetical protein (AAC77282.1); Blastp hit to AAC77282.1 (133 aa), 47% identity in aa 32 - 125	1
AE006468	AAL22005.1	putative cytoplasmic protein		1
AE006468	AAL22006.1	putative xylanase	chitin deacetylase	1
AE006468	AAL22007.1	putative amidohydrolase		1
AE006468	AAL22008.1	putative permease	similar to E. coli transport of hexuronates (AAC76128.1); Blastp hit to AAC76128.1 (472 aa), 47% identity in aa 43 - 454	1
AE006468	AAL22009.1	putative mannonate hydrolase	mannonate dehydratase. (SW:UXUA_SALTY)	1
AE006468	AAL22010.1	putative D-mannonate oxidoreductase	similar to E. coli D-mannonate oxidoreductase (AAC77279.1); Blastp hit to AAC77279.1 (486 aa), 79% identity in aa 4 - 486	1
AE006468	AAL22011.1	putative uronate isomerase	similar to E. coli uronate isomerase (AAC76127.1); Blastp hit to AAC76127.1 (470 aa), 67% identity in aa 1 - 468	1
AE006468	AAL22012.1	putative methyl-accepting chemotaxis protein	similar to E. coli methyl-accepting chemotaxis protein I, serine sensor receptor (AAC77311.1); Blastp hit to AAC77311.1 (551 aa), 30% identity in aa 319 - 463	1
AE006468	AAL22013.1	glutathionylspermidine synthetase	bifunctional; similar to E. coli glutathionylspermidine synthetase/amidase (AAC76024.1); Blastp hit to AAC76024.1 (619 aa), 90% identity in aa 1 - 618; glutathionylspermidine amidase	1
AE006468	AAL22014.1	putative glutathione S-transferase	similar to E. coli orf, hypothetical protein (AAC76025.1); Blastp hit to AAC76025.1 (304 aa), 91% identity in aa 17 - 303	1
AE006468	AAL22015.1	molybdenum-binding periplasmic protein		1
AE006468	AAL22016.1	putative ferrichrome-binding periplasmic protein		1
AE006468	AAL22017.1	hydrogenase-2 operon protein	similar to E. coli hydrogenase-2 operon protein: may effect maturation of large subunit of hydrogenase-2 (AAC76026.1); Blastp hit to AAC76026.1 (82 aa), 93% identity in aa 1 - 82	1
AE006468	AAL22018.1	putative hydrogenase expression/formation protein	similar to E. coli may modulate levels of hydrogenease-2 (AAC76027.1); Blastp hit to AAC76027.1 (113 aa), 84% identity in aa 1 - 113	1
AE006468	AAL22019.1	putative hydrogenase	similar to E. coli member of hyb operon (AAC76028.1); Blastp hit to AAC76028.1 (162 aa), 80% identity in aa 1 - 162	1
AE006468	AAL22020.1	putative processing element for hydrogenase-2	similar to E. coli probable processing element for hydrogenase-2 (AAC76029.1); Blastp hit to AAC76029.1 (164 aa), 94% identity in aa 1 - 163	1
AE006468	AAL22021.1	hydrogenase-2, large subunit	similar to E. coli probable large subunit, hydrogenase-2 (AAC76030.1); Blastp hit to AAC76030.1 (567 aa), 94% identity in aa 1 - 567	1
AE006468	AAL22022.1	putative cytochrome Ni/Fe component of hydrogenase-2	similar to E. coli probable cytochrome Ni/Fe component of hydrogenase-2 (AAC76031.1); Blastp hit to AAC76031.1 (392 aa), 96% identity in aa 1 - 392	1
AE006468	AAL22023.1	unknown	intitally thought to be hydrogenase-2 small subunit which now identified as hybO; similar to E. coli hydrogenase-2 small subunit (AAC76032.1); Blastp hit to AAC76032.1 (328 aa), 95% identity in aa 1 - 328	1
AE006468	AAL22024.1	putative Ni/Fe hydrogenases, small subunit	similar to E. coli putative hydrogenase subunit (AAC76033.1); Blastp hit to AAC76033.1 (372 aa), 96% identity in aa 1 - 372	1
AE006468	AAL22025.1	putative cytoplasmic protein	similar to E. coli orf, hypothetical protein (AAC76034.1); Blastp hit to AAC76034.1 (95 aa), 78% identity in aa 1 - 94	1
AE006468	AAL22026.1	putative methyl-accepting chemotaxis protein	similar to E. coli methyl-accepting chemotaxis protein I, serine sensor receptor (AAC77311.1); Blastp hit to AAC77311.1 (551 aa), 43% identity in aa 1 - 551	1
AE006468	AAL22027.1	putative membrane-associated protein	similar to E. coli orf, hypothetical protein (AAC76038.1); Blastp hit to AAC76038.1 (164 aa), 94% identity in aa 1 - 164	1
AE006468	AAL22028.1	putative ATP-dependent RNA helicase-like protein		1
AE006468	AAL22029.1	putative cytoplasmic protein		1
AE006468	AAL22030.1	putative cytoplasmic protein		1
AE006468	AAL22031.1	putative oxidoreductase	similar to E. coli putative oxidoreductase (AAC76039.1); Blastp hit to AAC76039.1 (294 aa), 93% identity in aa 1 - 294	1
AE006468	AAL22032.1	uptake of enterochelin	tonB-dependent uptake of B colicins; similar to E. coli uptake of enterochelin; tonB-dependent uptake of B colicins (AAC76041.1); Blastp hit to AAC76041.1 (141 aa), 93% identity in aa 1 - 141	1
AE006468	AAL22033.1	uptake of enterochelin	tonB-dependent uptake of B colicins; biopolymer transport EXBB protein. (SW:EXBB_SALTY)	1
AE006468	AAL22034.1	putative inner membrane protein	similar to E. coli orf, hypothetical protein (AAC76043.1); Blastp hit to AAC76043.1 (51 aa), 83% identity in aa 3 - 51	1
AE006468	AAL22035.1	cystathionine beta-lyase	beta-cystathionase; cystathionine beta-lyase. (SW:METC_SALTY)	1
AE006468	AAL22036.1	putative DedA family membrane protein	hypothetical protein in metC 3'region. (SW:YGHB_SALTY)	1
AE006468	AAL22037.1	putative AraC/XylS family transcriptional regulator	similar to E. coli putative ARAC-type regulatory protein (AAC76046.1); Blastp hit to AAC76046.1 (375 aa), 83% identity in aa 72 - 375	1
AE006468	AAL22038.1	putative alcohol dehydrogenase	similar to E. coli putative oxidoreductase (AAC76047.1); Blastp hit to AAC76047.1 (387 aa), 88% identity in aa 1 - 387	1
AE006468	AAL22039.1	2,5-diketo-D-gluconate reductase A	similar to E. coli orf, hypothetical protein (AAC76048.1); Blastp hit to AAC76048.1 (236 aa), 93% identity in aa 1 - 236	1
AE006468	AAL22040.1	putative cation transporter	similar to E. coli putative membrane pump protein (AAC73857.1); Blastp hit to AAC73857.1 (477 aa), 36% identity in aa 7 - 471	1
AE006468	AAL22041.1	putative diadenosine tetraphosphate (Ap4A) hydrolase		1
AE006468	AAL22042.1	putative Fe-S oxidoreductase family 2	similar to E. coli orf, hypothetical protein (AAC76051.1); Blastp hit to AAC76051.1 (413 aa), 46% identity in aa 1 - 26	1
AE006468	AAL22043.1	putative dicarboxylate-binding periplasmic protein	similar to E. coli putative solute-binding transport protein (AAC76603.1); Blastp hit to AAC76603.1 (328 aa), 28% identity in aa 7 - 320	1
AE006468	AAL22044.1	putative inner membrane protein	similar to E. coli orf, hypothetical protein (AAC76601.1); Blastp hit to AAC76601.1 (157 aa), 26% identity in aa 1 - 135	1
AE006468	AAL22045.1	putative integral membrane protein	possible transporter; hypothetical 46.1 Kda protein in plsC 3'region. (SW:YGIK_SALTY)	1
AE006468	AAL22046.1	suppressor of ftsI	putative periplasmic protein; SUFI protein precursor. (SW:SUFI_SALTY)	1
AE006468	AAL22047.1	1-acyl-sn-glycerol-3-phosphate acyltransferase	1-acyl-SN-glycerol-3-phosphate acyltransferase. (SW:PLSC_SALTY)	1
AE006468	AAL22048.1	DNA topoisomerase IV, subunit A	topoisomerase IV subunit A. (SW:PARC_SALTY)	1
AE006468	AAL22049.1	putative bacterial regulatory helix-turn-helix protein	araC family; similar to E. coli orf, hypothetical protein (AAC76059.1); Blastp hit to AAC76059.1 (160 aa), 54% identity in aa 6 - 159	1
AE006468	AAL22050.1	putative outer membrane protein	similar to E. coli orf, hypothetical protein (AAC76060.1); Blastp hit to AAC76060.1 (130 aa), 89% identity in aa 1 - 130	1
AE006468	AAL22051.1	putative transcriptional regulator	OmpR family; similar to E. coli putative 2-component transcriptional regulator (AAC76061.1); Blastp hit to AAC76061.1 (219 aa), 87% identity in aa 1 - 218	1
AE006468	AAL22052.1	putative sensory histidine kinase in regulatory system	similar to E. coli putative 2-component sensor protein (AAC76062.1); Blastp hit to AAC76062.1 (449 aa), 79% identity in aa 1 - 449	1
AE006468	AAL22053.1	NADPH specific quinone oxidoreductase	drug modulator; similar to E. coli modulator of drug activity B (AAC76064.1); Blastp hit to AAC76064.1 (193 aa), 92% identity in aa 1 - 192	1
AE006468	AAL22054.1	putative cytoplasmic protein	similar to E. coli orf, hypothetical protein (AAC76065.1); Blastp hit to AAC76065.1 (104 aa), 90% identity in aa 1 - 104	1
AE006468	AAL22055.1	DNA topoisomerase IV, subunit B	topoisomerase IV subunit B. (SW:PARE_SALTY)	1
AE006468	AAL22056.1	putative esterase	similar to E. coli orf, hypothetical protein (AAC76067.1); Blastp hit to AAC76067.1 (193 aa), 93% identity in aa 1 - 191	1
AE006468	AAL22057.1	cyclic 3',5'-adenosine monophosphate phosphodiesterase	similar to E. coli regulator of lacZ (AAC76068.1); Blastp hit to AAC76068.1 (275 aa), 92% identity in aa 1 - 275	1
AE006468	AAL22058.1	putative cytoplasmic protein	similar to E. coli putative enzyme (AAC76069.1); Blastp hit to AAC76069.1 (140 aa), 95% identity in aa 1 - 140	1
AE006468	AAL22059.1	putative resistance protein	similar to E. coli orf, hypothetical protein (AAC76070.1); Blastp hit to AAC76070.1 (209 aa), 87% identity in aa 1 - 208	1
AE006468	AAL22060.1	outer membrane channel	specific tolerance to colicin E1; segregation of daughter chromosomes; role in organic solvent tolerance; similar to E. coli outer membrane channel; specific tolerance to colicin E1; segregation of daughter chromosomes (AAC76071.1); Blastp hit to AAC76071.1 (495 aa), 89% identity in aa 1 - 495	1
AE006468	AAL22061.1	putative inner membrane protein	similar to E. coli orf, hypothetical protein (AAC76073.1); Blastp hit to AAC76073.1 (234 aa), 96% identity in aa 12 - 234	1
AE006468	AAL22062.1	putative glutathionylspermidine synthase	similar to E. coli putative synthetase/amidase (AAC76074.1); Blastp hit to AAC76074.1 (386 aa), 94% identity in aa 1 - 386	1
AE006468	AAL22063.1	putative cytoplasmic protein	similar to E. coli orf, hypothetical protein (AAC76075.1); Blastp hit to AAC76075.1 (271 aa), 86% identity in aa 6 - 271	1
AE006468	AAL22064.1	putative divalent heavy-metal cations transporter	similar to E. coli orf, hypothetical protein (AAC76076.1); Blastp hit to AAC76076.1 (257 aa), 92% identity in aa 1 - 257	1
AE006468	AAL22065.1	putative arylsulfate sulfotransferase		1
AE006468	AAL22066.1	putative arylsulfate sulfotransferase		1
AE006468	AAL22067.1	putative thiol-disulfide isomerase and thioredoxin		1
AE006468	AAL22068.1	putative disulfide isomerase		1
AE006468	AAL22069.1	3,4 dihydroxy-2-butanone-4-phosphate synthase	similar to E. coli 3,4 dihydroxy-2-butanone-4-phosphate synthase (AAC76077.1); Blastp hit to AAC76077.1 (217 aa), 96% identity in aa 1 - 217	1
AE006468	AAL22070.1	putative cytoplasmic protein	similar to E. coli orf, hypothetical protein (AAC76078.1); Blastp hit to AAC76078.1 (116 aa), 80% identity in aa 1 - 114	1
AE006468	AAL22071.1	rpoS dependent glycogen biosynthesis protein	similar to E. coli glycogen biosynthesis, rpoS dependent (AAC76085.1); Blastp hit to AAC76085.1 (66 aa), 78% identity in aa 2 - 66	1
AE006468	AAL22072.1	putative inner membrane protein	similar to E. coli putative oxidoreductase (AAC76086.1); Blastp hit to AAC76086.1 (209 aa), 72% identity in aa 1 - 201	1
AE006468	AAL22073.1	putative membrane protein	similar to E. coli putative membrane protein (AAC76087.1); Blastp hit to AAC76087.1 (553 aa), 92% identity in aa 1 - 553	1
AE006468	AAL22074.1	putative sugar nucleotide transferase domain of ADP-L-glycero-D-manno-heptose synthase	bifunctional; similar to E. coli putative kinase (AAC76088.1); Blastp hit to AAC76088.1 (477 aa), 93% identity in aa 1 - 476	1
AE006468	AAL22075.1	adenylyl transferase for glutamine synthetase	regulates P-II (GlnB) and GlnK; similar to E. coli adenylylating enzyme for glutamine synthetase (AAC76089.1); Blastp hit to AAC76089.1 (946 aa), 87% identity in aa 1 - 944	1
AE006468	AAL22076.1	putative cytoplasmic protein	similar to E. coli orf, hypothetical protein (AAC76090.1); Blastp hit to AAC76090.1 (433 aa), 85% identity in aa 1 - 433	1
AE006468	AAL22077.1	putative SH3 domain protein	similar to E. coli orf, hypothetical protein (AAC76091.1); Blastp hit to AAC76091.1 (206 aa), 91% identity in aa 1 - 206	1
AE006468	AAL22078.1	tRNA nucleotidyl transferase	similar to E. coli tRNA nucleotidyl transferase (AAC76092.1); Blastp hit to AAC76092.1 (412 aa), 90% identity in aa 1 - 411	1
AE006468	AAL22079.1	bacitracin resistance	possibly phosphorylates undecaprenol; similar to E. coli bacitracin resistance; possibly phosphorylates undecaprenol (AAC76093.1); Blastp hit to AAC76093.1 (273 aa), 97% identity in aa 1 - 273	1
AE006468	AAL22080.1	dihydroneopterin aldolase	contains dihydroneopterin triphosphate 2'-epimerase activity; similar to E. coli putative kinase (AAC76094.1); Blastp hit to AAC76094.1 (123 aa), 93% identity in aa 1 - 120	1
AE006468	AAL22081.1	putative inner membrane protein	similar to E. coli orf, hypothetical protein (AAC76095.1); Blastp hit to AAC76095.1 (205 aa), 95% identity in aa 1 - 203	1
AE006468	AAL22082.1	putative O-sialoglycoprotein endopeptidase	probable O-sialoglycoprotein endopeptidase. (SW:GCP_SALTY)	1
AE006468	AAL22083.1	30S ribosomal subunit protein S21	30S ribosomal protein S21. (SW:RS21_ECOLI)	1
AE006468	AAL22084.1	DNA primase	DNA biosynthesis; DNA primase. (SW:PRIM_SALTY)	1
AE006468	AAL22085.1	sigma D factor of RNA polymerase	major sigma factor during exponential growth; RNA polymerase sigma factor PROD (SIGMA-70). (SW:RPSD_SALTY); sigma 70	1
AE006468	AAL22086.1	G/U mismatch specific DNA glycosylase	similar to E. coli orf, hypothetical protein (AAC76104.1); Blastp hit to AAC76104.1 (168 aa), 80% identity in aa 1 - 167	1
AE006468	AAL22087.1	putative transporter	similar to E. coli orf, hypothetical protein (AAC76105.1); Blastp hit to AAC76105.1 (254 aa), 72% identity in aa 6 - 254	1
AE006468	AAL22088.1	putative transcriptional regulator	similar to E. coli orf, hypothetical protein (AAC76106.1); Blastp hit to AAC76106.1 (207 aa), 68% identity in aa 1 - 207	1
AE006468	AAL22089.1	putative methyl-accepting chemotaxis protein	similar to E. coli methyl-accepting chemotaxis protein I, serine sensor receptor (AAC77311.1); Blastp hit to AAC77311.1 (551 aa), 36% identity in aa 2 - 523	1
AE006468	AAL22090.1	aerotaxis sensor receptor	senses cellular redox state or proton motive force; similar to E. coli aerotaxis sensor receptor, flavoprotein (AAC76107.1); Blastp hit to AAC76107.1 (506 aa), 83% identity in aa 1 - 506	1
AE006468	AAL22091.1	putative acetylornithine aminotransferase	similar to E. coli probable ornithine aminotransferase (AAC76108.1); Blastp hit to AAC76108.1 (496 aa), 94% identity in aa 68 - 495	1
AE006468	AAL22092.1	2,4-dieonyl-coa reductase	similar to E. coli putative NADPH dehydrogenase (AAC76116.1); Blastp hit to AAC76116.1 (672 aa), 85% identity in aa 1 - 672	1
AE006468	AAL22093.1	putative methyltransferase	similar to E. coli putative enzyme (AAC76119.1); Blastp hit to AAC76119.1 (388 aa), 90% identity in aa 11 - 388	1
AE006468	AAL22094.1	putative metal-dependent hydrolase	similar to E. coli orf, hypothetical protein (AAC76120.1); Blastp hit to AAC76120.1 (179 aa), 88% identity in aa 13 - 174	1
AE006468	AAL22095.1	putative integral membrane protein	similar to E. coli orf, hypothetical protein (AAC76121.1); Blastp hit to AAC76121.1 (230 aa), 73% identity in aa 1 - 230	1
AE006468	AAL22096.1	putative dehydrogenase	similar to E. coli orf, hypothetical protein (AAC76122.1); Blastp hit to AAC76122.1 (334 aa), 83% identity in aa 7 - 332	1
AE006468	AAL22097.1	putative resistance protein	similar to E. coli putative transport protein (AAC76123.1); Blastp hit to AAC76123.1 (321 aa), 87% identity in aa 1 - 318	1
AE006468	AAL22098.1	putative dicarboxylate permease	similar to E. coli putative transport protein (AAC76124.1); Blastp hit to AAC76124.1 (414 aa), 93% identity in aa 1 - 414	1
AE006468	AAL22099.1	putative DedA family membrane protein	similar to E. coli orf, hypothetical protein (AAC76130.1); Blastp hit to AAC76130.1 (220 aa), 95% identity in aa 1 - 220	1
AE006468	AAL22100.1	putative outer membrane protein	similar to E. coli orf, hypothetical protein (AAC76131.1); Blastp hit to AAC76131.1 (127 aa), 68% identity in aa 4 - 127	1
AE006468	AAL22101.1	putative periplasmic protein	similar to E. coli orf, hypothetical protein (AAC76132.1); Blastp hit to AAC76132.1 (127 aa), 84% identity in aa 6 - 127	1
AE006468	AAL22102.1	putative inner membrane protein	similar to E. coli orf, hypothetical protein (AAC76133.1); Blastp hit to AAC76133.1 (101 aa), 90% identity in aa 1 - 101	1
AE006468	AAL22103.1	putative inner membrane protein	similar to E. coli orf, hypothetical protein (AAC76134.1); Blastp hit to AAC76134.1 (134 aa), 89% identity in aa 1 - 130	1
AE006468	AAL22104.1	putative inner membrane protein	similar to E. coli orf, hypothetical protein (AAC76135.1); Blastp hit to AAC76135.1 (99 aa), 87% identity in aa 1 - 99	1
AE006468	AAL22105.1	putative membrane-associated protein	similar to E. coli orf, hypothetical protein (AAC76136.1); Blastp hit to AAC76136.1 (160 aa), 81% identity in aa 1 - 160	1
AE006468	AAL22106.1	putative glutathione S-transferase	similar to E. coli putative transferase (AAC76137.1); Blastp hit to AAC76137.1 (328 aa), 92% identity in aa 1 - 328	1
AE006468	AAL22107.1	putative inner membrane protein	similar to E. coli putative cytochrome (AAC76138.1); Blastp hit to AAC76138.1 (121 aa), 89% identity in aa 1 - 118	1
AE006468	AAL22108.1	putative LysR family transcriptional regulator	similar to E. coli putative transcriptional regulator LYSR-type (AAC76140.1); Blastp hit to AAC76140.1 (298 aa), 96% identity in aa 1 - 298	1
AE006468	AAL22109.1	putative cytoplasmic protein	similar to E. coli orf, hypothetical protein (AAC76141.1); Blastp hit to AAC76141.1 (233 aa), 84% identity in aa 1 - 233	1
AE006468	AAL22110.1	putative cytoplasmic protein	similar to E. coli orf, hypothetical protein (AAC76142.1); Blastp hit to AAC76142.1 (56 aa), 70% identity in aa 3 - 56	1
AE006468	AAL22111.1	putative inner membrane protein	similar to E. coli orf, hypothetical protein (AAC76143.1); Blastp hit to AAC76143.1 (188 aa), 92% identity in aa 1 - 187	1
AE006468	AAL22112.1	putative HAAAP family transport protein	similar to E. coli putative transport system permease protein (AAC76145.1); Blastp hit to AAC76145.1 (425 aa), 97% identity in aa 3 - 425	1
AE006468	AAL22113.1	L-serine deaminase	similar to E. coli L-serine dehydratase (deaminase), L-SD2 (AAC75839.1); Blastp hit to AAC75839.1 (455 aa), 74% identity in aa 1 - 452	1
AE006468	AAL22114.1	pyruvate formate-lyase 4	similar to E. coli probable formate acetyltransferase 3 (AAC76149.1); Blastp hit to AAC76149.1 (746 aa), 93% identity in aa 1 - 741; 2-ketobutyrate formate-lyase	1
AE006468	AAL22115.1	propionate kinase	propionate kinase. (SW:TDCD_SALTY); acetate kinase II (anaerobic)	1
AE006468	AAL22116.1	HAAAP family L-threonine/ L-serine permease	anaerobically inducible; similar to E. coli anaerobically inducible L-threonine, L-serine permease (AAC76151.1); Blastp hit to AAC76151.1 (443 aa), 94% identity in aa 1 - 443	1
AE006468	AAL22117.1	threonine dehydratase	catabolic; similar to E. coli threonine dehydratase, catabolic (AAC76152.1); Blastp hit to AAC76152.1 (329 aa), 95% identity in aa 1 - 329	1
AE006468	AAL22118.1	transcriptional activator of tdc operon	LysR family; similar to E. coli transcriptional activator of tdc operon (AAC76153.1); Blastp hit to AAC76153.1 (312 aa), 89% identity in aa 1 - 311	1
AE006468	AAL22119.1	glycerate kinase	similar to E. coli orf, hypothetical protein (AAC76158.1); Blastp hit to AAC76158.1 (408 aa), 86% identity in aa 28 - 408	1
AE006468	AAL22120.1	tartronate semialdehyde reductase (TSAR)	similar to E. coli putative dehydrogenase (AAC76159.1); Blastp hit to AAC76159.1 (299 aa), 97% identity in aa 4 - 299	1
AE006468	AAL22121.1	2-dehydro-3-deoxy-galactarate Aldolase	similar to E. coli orf, hypothetical protein (AAC76160.1); Blastp hit to AAC76160.1 (256 aa), 90% identity in aa 1 - 256	1
AE006468	AAL22122.1	galactarate dehydrogenase	similar to E. coli putative hydrolase (AAC76162.1); Blastp hit to AAC76162.1 (523 aa), 93% identity in aa 1 - 523	1
AE006468	AAL22123.1	putative ribokinase family sugar kinase	similar to E. coli ribokinase (AAC76775.1); Blastp hit to AAC76775.1 (309 aa), 23% identity in aa 6 - 308	1
AE006468	AAL22124.1	aga operon transcriptional repressor	DeoR family; similar to E. coli putative DEOR-type transcriptional regulator of aga operon (AAC76165.1); Blastp hit to AAC76165.1 (269 aa), 26% identity in aa 10 - 252	1
AE006468	AAL22125.1	putative fructose/tagatose biphosphate aldolase	similar to E. coli tagatose-bisphosphate aldolase 1 (AAC75157.1); Blastp hit to AAC75157.1 (286 aa), 65% identity in aa 3 - 285	1
AE006468	AAL22126.1	putative fructose-1-phosphate kinase	similar to E. coli 6-phosphofructokinase II; suppressor of pfkA (AAC74793.1); Blastp hit to AAC74793.1 (309 aa), 27% identity in aa 4 - 291	1
AE006468	AAL22127.1	putative phosphotransferase system fructose-specific component IIB	similar to E. coli PTS system, fructose-specific transport protein (AAC75228.1); Blastp hit to AAC75228.1 (563 aa), 42% identity in aa 104 - 562, 32% identity in aa 2 - 41	1
AE006468	AAL22128.1	putative phosphotransferase system mannitol/fructose-specific IIA domain protein	similar to E. coli PTS system, fructose-specific IIA/fpr component (AAC75230.1); Blastp hit to AAC75230.1 (376 aa), 52% identity in aa 3 - 141, 41% identity in aa 197 - 374	1
AE006468	AAL22129.1	putative tagatose 6-phosphate kinase 1	similar to E. coli putative tagatose 6-phosphate kinase 1 (AAC75156.1); Blastp hit to AAC75156.1 (420 aa), 72% identity in aa 1 - 418	1
AE006468	AAL22130.1	galactitol-specific enzyme IIA of phosphotransferase system	sugar specific-family of transport protein; similar to E. coli galactitol-specific enzyme IIA of phosphotransferase system (AAC75155.1); Blastp hit to AAC75155.1 (150 aa), 60% identity in aa 1 - 150	1
AE006468	AAL22131.1	PTS family galactitol-specific enzyme IIB	similar to E. coli galactitol-specific enzyme IIB of phosphotransferase system (AAC75154.1); Blastp hit to AAC75154.1 (94 aa), 77% identity in aa 1 - 94	1
AE006468	AAL22132.1	PTS family galactitol-specific enzyme IIC	similar to E. coli PTS system galactitol-specific enzyme IIC (AAC75153.1); Blastp hit to AAC75153.1 (451 aa), 85% identity in aa 1 - 446	1
AE006468	AAL22133.1	galactitol-1-phosphate dehydrogenase	similar to E. coli galactitol-1-phosphate dehydrogenase (AAC75152.1); Blastp hit to AAC75152.1 (346 aa), 68% identity in aa 1 - 344	1
AE006468	AAL22134.1	transcriptional regulator of sugar metabolism	similar to E. coli split galactitol utilization operon repressor, interrupted (AAC75148.1); Blastp hit to AAC75148.1 (148 aa), 77% identity in aa 1 - 148	1
AE006468	AAL22135.1	putative methyltransferase	similar to E. coli orf, hypothetical protein (AAC76180.1); Blastp hit to AAC76180.1 (286 aa), 97% identity in aa 1 - 285	1
AE006468	AAL22136.1	putative transglycosylase	similar to E. coli putative glycosylase (AAC76181.1); Blastp hit to AAC76181.1 (678 aa), 80% identity in aa 1 - 678	1
AE006468	AAL22137.1	putative endonuclease	similar to E. coli orf, hypothetical protein (AAC76182.1); Blastp hit to AAC76182.1 (131 aa), 83% identity in aa 1 - 131	1
AE006468	AAL22138.1	putative phosphoheptose isomerase	similar to E. coli orf, hypothetical protein (AAC76183.1); Blastp hit to AAC76183.1 (196 aa), 98% identity in aa 3 - 196	1
AE006468	AAL22139.1	putative periplasmic protein	similar to E. coli putative periplasmic protein (AAC76184.1); Blastp hit to AAC76184.1 (191 aa), 92% identity in aa 1 - 191	1
AE006468	AAL22140.1	putative nucleoside-diphosphate-sugar epimerase	similar to E. coli orf, hypothetical protein (AAC76186.1); Blastp hit to AAC76186.1 (226 aa), 86% identity in aa 6 - 226	1
AE006468	AAL22141.1	putative intracellular proteinase	similar to E. coli orf, hypothetical protein (AAC76187.1); Blastp hit to AAC76187.1 (186 aa), 94% identity in aa 15 - 186	1
AE006468	AAL22142.1	putative cytoplasmic protein	similar to E. coli orf, hypothetical protein (AAC76188.1); Blastp hit to AAC76188.1 (147 aa), 83% identity in aa 1 - 147	1
AE006468	AAL22143.1	putative cytoplasmic protein	similar to E. coli orf, hypothetical protein (AAC76189.1); Blastp hit to AAC76189.1 (100 aa), 81% identity in aa 1 - 100	1
AE006468	AAL22144.1	putative ABC superfamily transport protein	membrane; similar to E. coli orf, hypothetical protein (AAC76190.1); Blastp hit to AAC76190.1 (167 aa), 96% identity in aa 1 - 167	1
AE006468	AAL22145.1	putative lipid carrier protein	similar to E. coli orf, hypothetical protein (AAC76191.1); Blastp hit to AAC76191.1 (174 aa), 90% identity in aa 1 - 174	1
AE006468	AAL22146.1	putative protease	similar to E. coli putative collagenase (AAC76192.1); Blastp hit to AAC76192.1 (331 aa), 96% identity in aa 1 - 331	1
AE006468	AAL22147.1	putative protease	similar to E. coli orf, hypothetical protein (AAC76193.1); Blastp hit to AAC76193.1 (298 aa), 91% identity in aa 1 - 298	1
AE006468	AAL22148.1	putative alkanal monooxygenase	similar to E. coli putative enzyme (AAC76194.1); Blastp hit to AAC76194.1 (335 aa), 95% identity in aa 1 - 335	1
AE006468	AAL22149.1	putative inner membrane protein	similar to E. coli orf, hypothetical protein (AAC73328.1); Blastp hit to AAC73328.1 (246 aa), 51% identity in aa 30 - 224	1
AE006468	AAL22150.1	putative cytoplasmic protein	hypothetical protein	1
AE006468	AAL22151.1	HAAAP family tryptophan-specific transport protein	similar to E. coli tryptophan-specific transport protein (AAC76195.1); Blastp hit to AAC76195.1 (414 aa), 94% identity in aa 1 - 414	1
AE006468	AAL22152.1	cysteine sulfinate desulfinase	similar to E. coli inducible ATP-independent RNA helicase (AAC76196.1); Blastp hit to AAC76196.1 (646 aa), 97% identity in aa 1 - 646	1
AE006468	AAL22153.1	lipoprotein, cell division	similar to E. coli putative control proteins (AAC76197.1); Blastp hit to AAC76197.1 (294 aa), 96% identity in aa 1 - 294	1
AE006468	AAL22154.1	polynucleotide phosphorylase	member of mRNA degradosome; similar to E. coli polynucleotide phosphorylase; cytidylate kinase activity (AAC76198.1); Blastp hit to AAC76198.1 (734 aa), 97% identity in aa 24 - 734	1
AE006468	AAL22155.1	30S ribosomal subunit protein S15	similar to E. coli 30S ribosomal subunit protein S15 (AAC76199.1); Blastp hit to AAC76199.1 (89 aa), 97% identity in aa 1 - 89	1
AE006468	AAL22156.1	tRNA pseudouridine 5S synthase	similar to E. coli tRNA pseudouridine 5S synthase (AAC76200.1); Blastp hit to AAC76200.1 (314 aa), 93% identity in aa 1 - 314	1
AE006468	AAL22157.1	ribosome-binding factor	role in processing of 10S rRNA; similar to E. coli ribosome-binding factor A (AAC76201.1); Blastp hit to AAC76201.1 (133 aa), 97% identity in aa 1 - 133	1
AE006468	AAL22158.1	protein chain initiation factor IF-2	translation initiation factor IF-2. (SW:IF2_SALTY)	1
AE006468	AAL22159.1	L factor	transcription pausing; N utilization substance protein A (NUSA protein). (SW:NUSA_SALTY)	1
AE006468	AAL22160.1	putative cytoplasmic protein	similar to E. coli orf, hypothetical protein (AAC76204.1); Blastp hit to AAC76204.1 (152 aa), 95% identity in aa 13 - 152	1
AE006468	AAL22161.1	argininosuccinate synthetase	similar to E. coli argininosuccinate synthetase (AAC76205.1); Blastp hit to AAC76205.1 (447 aa), 96% identity in aa 1 - 447	1
AE006468	AAL22162.1	putative cytoplasmic protein		1
AE006468	AAL22163.1	preprotein translocase IISP family protein	auxillary membrane component; similar to E. coli protein export - membrane protein (AAC76207.1); Blastp hit to AAC76207.1 (110 aa), 98% identity in aa 1 - 109	1
AE006468	AAL22164.1	phosphoglucosamine mutase	similar to E. coli similar to phosphoglucomutases and phosphomannomutases (AAC76208.1); Blastp hit to AAC76208.1 (445 aa), 95% identity in aa 1 - 445	1
AE006468	AAL22165.1	7,8-dihydropteroate synthase	similar to E. coli 7,8-dihydropteroate synthase (AAC76209.1); Blastp hit to AAC76209.1 (297 aa), 91% identity in aa 16 - 297	1
AE006468	AAL22166.1	ATP-dependent zinc-metallo protease	similar to E. coli degrades sigma32, integral membrane peptidase, cell division protein (AAC76210.1); Blastp hit to AAC76210.1 (644 aa), 97% identity in aa 1 - 644	1
AE006468	AAL22167.1	23S rRNA methyltransferase	similar to E. coli cell division protein (AAC76211.1); Blastp hit to AAC76211.1 (209 aa), 100% identity in aa 1 - 208	1
AE006468	AAL22168.1	putative RNA-binding protein	contains KH domain; similar to E. coli orf, hypothetical protein (AAC76212.1); Blastp hit to AAC76212.1 (97 aa), 95% identity in aa 1 - 97	1
AE006468	AAL22169.1	transcription elongation factor	cleaves 3' nucleotide of paused mRNA; similar to E. coli transcription elongation factor: cleaves 3' nucleotide of paused mRNA (AAC76213.1); Blastp hit to AAC76213.1 (153 aa), 96% identity in aa 1 - 153	1
AE006468	AAL22170.1	D-alanyl-D-alanine carboxypeptidase	similar to E. coli D-alanyl-D-alanine carboxypeptidase, fraction B; penicillin-binding protein 4 (AAC76214.1); Blastp hit to AAC76214.1 (477 aa), 93% identity in aa 1 - 477	1
AE006468	AAL22171.1	putative GTP-binding protein	similar to E. coli putative GTP-binding factor (AAC76215.1); Blastp hit to AAC76215.1 (390 aa), 95% identity in aa 1 - 390	1
AE006468	AAL22172.1	50S ribosomal subunit protein L27	similar to E. coli 50S ribosomal subunit protein L27 (AAC76217.1); Blastp hit to AAC76217.1 (85 aa), 95% identity in aa 1 - 85	1
AE006468	AAL22173.1	50S ribosomal subunit protein L21	similar to E. coli 50S ribosomal subunit protein L21 (AAC76218.1); Blastp hit to AAC76218.1 (103 aa), 99% identity in aa 1 - 103	1
AE006468	AAL22174.1	octaprenyl diphosphate synthase	similar to E. coli octaprenyl diphosphate synthase (AAC76219.1); Blastp hit to AAC76219.1 (323 aa), 95% identity in aa 1 - 323	1
AE006468	AAL22175.1	regulatory factor of maltose metabolism	similar to Ner repressor protein of phage Mu; similar to E. coli regulatory factor of maltose metabolism; similar to Ner repressor protein of phage Mu (AAC76220.1); Blastp hit to AAC76220.1 (92 aa), 86% identity in aa 1 - 92	1
AE006468	AAL22176.1	UDP-N-acetylglucosamine 1-carboxyvinyltransferase	similar to E. coli first step in murein biosynthesis;UDP-N-glucosamine 1-carboxyvinyltransferase (AAC76221.1); Blastp hit to AAC76221.1 (419 aa), 97% identity in aa 1 - 419	1
AE006468	AAL22177.1	putative BolA family transcriptional regulator	similar to E. coli orf, hypothetical protein (AAC76222.1); Blastp hit to AAC76222.1 (89 aa), 95% identity in aa 3 - 89	1
AE006468	AAL22178.1	putative STAS domain protein	similar to E. coli orf, hypothetical protein (AAC76223.1); Blastp hit to AAC76223.1 (129 aa), 69% identity in aa 33 - 129	1
AE006468	AAL22179.1	putative ABC superfamily transport protein	atp&memb; similar to E. coli orf, hypothetical protein (AAC76224.1); Blastp hit to AAC76224.1 (211 aa), 93% identity in aa 1 - 211	1
AE006468	AAL22180.1	putative ABC superfamily transport protein	bind_prot; similar to E. coli orf, hypothetical protein (AAC76225.1); Blastp hit to AAC76225.1 (183 aa), 87% identity in aa 1 - 183	1
AE006468	AAL22181.1	putative ABC superfamily transport protein	membr; similar to E. coli orf, hypothetical protein (AAC76226.1); Blastp hit to AAC76226.1 (260 aa), 96% identity in aa 1 - 260	1
AE006468	AAL22182.1	putative ABC superfamily transport protein	atp_bind; similar to E. coli putative ATP-binding component of a transport system (AAC76227.1); Blastp hit to AAC76227.1 (269 aa), 94% identity in aa 1 - 266	1
AE006468	AAL22183.1	putative CacA family Na:Ca transport protein	similar to E. coli orf, hypothetical protein (AAC76228.1); Blastp hit to AAC76228.1 (325 aa), 87% identity in aa 1 - 324	1
AE006468	AAL22184.1	putative polysialic acid capsule expression protein	similar to E. coli putative isomerase (AAC76229.1); Blastp hit to AAC76229.1 (328 aa), 92% identity in aa 1 - 328	1
AE006468	AAL22185.1	putative protein of HAD superfamily	CMP-Neu5Ac homolog; similar to E. coli orf, hypothetical protein (AAC76230.1); Blastp hit to AAC76230.1 (188 aa), 96% identity in aa 1 - 188	1
AE006468	AAL22186.1	putative inner membrane protein	similar to E. coli orf, hypothetical protein (AAC76231.1); Blastp hit to AAC76231.1 (191 aa), 91% identity in aa 1 - 191	1
AE006468	AAL22187.1	putative ABC superfamily transport protein	bind_prot; similar to E. coli orf, hypothetical protein (AAC76232.1); Blastp hit to AAC76232.1 (185 aa), 91% identity in aa 1 - 185	1
AE006468	AAL22188.1	putative ABC superfamily transport protein	atp_bind; similar to E. coli putative ATP-binding component of a transport system (AAC76233.1); Blastp hit to AAC76233.1 (241 aa), 98% identity in aa 1 - 241	1
AE006468	AAL22189.1	sigma N factor of RNA polymerase	pleiotrophic functions including nitrogen metabolism, formate degradation, phage shock response; RNA polymerase SIGMA-54 factor. (SW:RP54_SALTY); sigma 54	1
AE006468	AAL22190.1	putative sigma N modulation factor	probable SIGMA(54) modulation protein (ORF95). (SW:RP5M_SALTY)	1
AE006468	AAL22191.1	sugar specific PTS family enzyme IIA	also regulates N metabolism; similar to E. coli phosphotransferase system enzyme IIA, regulates N metabolism (AAC76236.1); Blastp hit to AAC76236.1 (163 aa), 95% identity in aa 1 - 163	1
AE006468	AAL22192.1	putative P-loop-containing kinase	similar to E. coli orf, hypothetical protein (AAC76237.1); Blastp hit to AAC76237.1 (284 aa), 98% identity in aa 1 - 283	1
AE006468	AAL22193.1	phosphocarrier protein HPr-like NPr	nitrogen related; exchanges phosphate with Enzyme I; similar to E. coli phosphocarrier protein HPr-like NPr, nitrogen related, exchanges phosphate with Enzyme I, Hpr (AAC76238.1); Blastp hit to AAC76238.1 (90 aa), 96% identity in aa 1 - 90	1
AE006468	AAL22194.1	putative cytoplasmic protein	similar to E. coli orf, hypothetical protein (AAC76239.1); Blastp hit to AAC76239.1 (210 aa), 77% identity in aa 1 - 210	1
AE006468	AAL22195.1	peptidoglycan transglycosylase	biosynthetic; similar to E. coli putative peptidoglycan enzyme (AAC76240.1); Blastp hit to AAC76240.1 (242 aa), 83% identity in aa 1 - 242	1
AE006468	AAL22196.1	sigma cross-reacting protein 27A (SCRP-27A)	similar to E. coli sigma cross-reacting protein 27A (SCRP-27A) (AAC76241.1); Blastp hit to AAC76241.1 (220 aa), 89% identity in aa 4 - 220	1
AE006468	AAL22197.1	sensory histidine kinase in two-component regulatory system with ArcA	senses redox conditions; similar to E. coli aerobic respiration sensor-response protein; histidine protein kinase/phosphatase, sensor for arcA (AAC76242.1); Blastp hit to AAC76242.1 (776 aa), 93% identity in aa 1 - 776	1
AE006468	AAL22198.1	putative FeS oxidoreductase	similar to E. coli orf, hypothetical protein (AAC76243.1); Blastp hit to AAC76243.1 (309 aa), 94% identity in aa 1 - 307	1
AE006468	AAL22199.1	glutamate synthase, large subunit	similar to E. coli glutamate synthase, large subunit (AAC76244.1); Blastp hit to AAC76244.1 (1517 aa), 95% identity in aa 32 - 1517	1
AE006468	AAL22200.1	glutamate synthase, small subunit	similar to E. coli glutamate synthase, small subunit (AAC76245.1); Blastp hit to AAC76245.1 (472 aa), 95% identity in aa 1 - 472	1
AE006468	AAL22201.1	putative cytoplasmic protein	similar to E. coli orf, hypothetical protein (AAC76252.1); Blastp hit to AAC76252.1 (375 aa), 55% identity in aa 115 - 164	1
AE006468	AAL22202.1	putative purine-cytosine permease	similar to E. coli cytosine permease/transport (AAC73439.1); Blastp hit to AAC73439.1 (419 aa), 82% identity in aa 1 - 414	1
AE006468	AAL22203.1	putative cytosine deaminase	similar to E. coli cytosine deaminase (AAC73440.1); Blastp hit to AAC73440.1 (427 aa), 83% identity in aa 1 - 427	1
AE006468	AAL22204.1	putative cytoplasmic protein	similar to E. coli orf, hypothetical protein (AAC76253.1); Blastp hit to AAC76253.1 (154 aa), 80% identity in aa 1 - 154	1
AE006468	AAL22205.1	putative ManNAc kinase	similar to E. coli putative NAGC-like transcriptional regulator (AAC76254.1); Blastp hit to AAC76254.1 (302 aa), 75% identity in aa 12 - 302	1
AE006468	AAL22206.1	putative ManNAc-6P epimerase	similar to E. coli putative enzyme (AAC76255.1); Blastp hit to AAC76255.1 (229 aa), 80% identity in aa 1 - 227	1
AE006468	AAL22207.1	MFS family sialic acid transport protein	similar to E. coli sialic acid transporter (AAC76256.1); Blastp hit to AAC76256.1 (506 aa), 94% identity in aa 11 - 506	1
AE006468	AAL22208.1	N-acetylneuraminate lyase	aldolase; similar to E. coli N-acetylneuraminate lyase (aldolase); catabolism of sialic acid; not K12? (AAC76257.1); Blastp hit to AAC76257.1 (297 aa), 90% identity in aa 1 - 296	1
AE006468	AAL22209.1	putative gntR family regulatory protein	similar to E. coli putative FADA-type transcriptional regulator (AAC76258.1); Blastp hit to AAC76258.1 (263 aa), 87% identity in aa 1 - 263	1
AE006468	AAL22210.1	stringent starvation protein B	similar to E. coli stringent starvation protein B (AAC76260.1); Blastp hit to AAC76260.1 (165 aa), 89% identity in aa 1 - 165	1
AE006468	AAL22211.1	stringent starvation protein A	regulator of transcription; similar to E. coli regulator of transcription; stringent starvation protein A (AAC76261.1); Blastp hit to AAC76261.1 (212 aa), 98% identity in aa 1 - 211	1
AE006468	AAL22212.1	putative cytoplasmic protein		1
AE006468	AAL22213.1	30S ribosomal subunit protein S9	similar to E. coli 30S ribosomal subunit protein S9 (AAC76262.1); Blastp hit to AAC76262.1 (130 aa), 99% identity in aa 1 - 130	1
AE006468	AAL22214.1	50S ribosomal subunit protein L13	similar to E. coli 50S ribosomal subunit protein L13 (AAC76263.1); Blastp hit to AAC76263.1 (142 aa), 100% identity in aa 1 - 142	1
AE006468	AAL22215.1	putative ATPase	similar to E. coli orf, hypothetical protein (AAC76264.1); Blastp hit to AAC76264.1 (375 aa), 85% identity in aa 1 - 373	1
AE006468	AAL22216.1	putative periplasmic protein	similar to E. coli orf, hypothetical protein (AAC76265.1); Blastp hit to AAC76265.1 (134 aa), 97% identity in aa 1 - 134	1
AE006468	AAL22217.1	serine endoprotease	similar to E. coli serine endoprotease (AAC76266.1); Blastp hit to AAC76266.1 (455 aa), 89% identity in aa 1 - 455	1
AE006468	AAL22218.1	periplasmic serine endoprotease	similar to E. coli protease (AAC76267.1); Blastp hit to AAC76267.1 (355 aa), 91% identity in aa 1 - 355	1
AE006468	AAL22219.1	putative inner membrane protein		1
AE006468	AAL22220.1	oxaloacetate decarboxylase beta chain	putative sodium ion pump; oxaloacetate decarboxylase beta chain. (SW:DCOB_SALTY)	1
AE006468	AAL22221.1	oxaloacetate decarboxylase alpha chain	putative sodium ion pump; oxaloacetate decarboxylase alpha chain. (SW:DCOA_SALTY)	1
AE006468	AAL22222.1	oxaloacetate decarboxylase gamma chain	putative sodium ion pump; oxaloacetate decarboxylase gamma chain. (SW:DCOG_SALTY)	1
AE006468	AAL22223.1	putative tartrate dehydratase beta subunit	similar to E. coli L-tartrate dehydratase, subunit B (AAC76098.1); Blastp hit to AAC76098.1 (201 aa), 69% identity in aa 2 - 201	1
AE006468	AAL22224.1	putative tartrate dehydratase alpha subunit	similar to E. coli L-tartrate dehydratase, subunit A (AAC76097.1); Blastp hit to AAC76097.1 (303 aa), 54% identity in aa 6 - 299	1
AE006468	AAL22225.1	putative cation transporter	similar to E. coli putative transport protein (AAC75352.1); Blastp hit to AAC75352.1 (610 aa), 38% identity in aa 9 - 199, 34% identity in aa 441 - 610, 23% identity in aa 35 - 196, 22% identity in aa 425 - 594	1
AE006468	AAL22226.1	putative gntR family regulatory protein	similar to E. coli orf, hypothetical protein (AAC74613.1); Blastp hit to AAC74613.1 (228 aa), 23% identity in aa 15 - 214	1
AE006468	AAL22227.1	putative gntR family regulatory protein		1
AE006468	AAL22228.1	malate dehydrogenase	malate dehydrogenase. (SW:MDH_SALTY)	1
AE006468	AAL22229.1	repressor of arg regulon	ArgR family; arginine repressor. (SW:ARGR_SALTY)	1
AE006468	AAL22230.1	putative outer membrane protein	similar to E. coli orf, hypothetical protein (AAC76270.1); Blastp hit to AAC76270.1 (104 aa), 79% identity in aa 18 - 104	1
AE006468	AAL22231.1	putative periplasmic protein	similar to E. coli orf, hypothetical protein (AAC76270.1); Blastp hit to AAC76270.1 (104 aa), 53% identity in aa 18 - 104	1
AE006468	AAL22232.1	putative cytoplasmic protein	similar to E. coli orf, hypothetical protein (AAC76271.1); Blastp hit to AAC76271.1 (90 aa), 76% identity in aa 1 - 90	1
AE006468	AAL22233.1	putative inner membrane protein	similar to E. coli orf, hypothetical protein (AAC76272.1); Blastp hit to AAC76272.1 (655 aa), 92% identity in aa 1 - 655	1
AE006468	AAL22234.1	putative membrane located multidrug resistance protein	similar to E. coli putative membrane protein (AAC76273.1); Blastp hit to AAC76273.1 (310 aa), 92% identity in aa 1 - 310	1
AE006468	AAL22235.1	putative inner membrane protein	similar to E. coli orf, hypothetical protein (AAC76274.1); Blastp hit to AAC76274.1 (90 aa), 98% identity in aa 24 - 90	1
AE006468	AAL22236.1	putative LysR family transcriptional regulator	similar to E. coli putative transcriptional regulator LYSR-type (AAC76275.1); Blastp hit to AAC76275.1 (309 aa), 95% identity in aa 1 - 309	1
AE006468	AAL22237.1	suppresses inhibitory activity of CsrA	similar to E. coli suppresses inhibitory activity of CsrA (AAC76276.1); Blastp hit to AAC76276.1 (481 aa), 94% identity in aa 1 - 481	1
AE006468	AAL22238.1	putative protease	similar to E. coli orf, hypothetical protein (AAC76277.1); Blastp hit to AAC76277.1 (986 aa), 80% identity in aa 1 - 986	1
AE006468	AAL22239.1	RNase G	similar to E. coli bundles of cytoplasmic filaments (AAC76279.1); Blastp hit to AAC76279.1 (495 aa), 96% identity in aa 7 - 495	1
AE006468	AAL22240.1	putative inhibitor of septum formation	similar to E. coli orf, hypothetical protein (AAC76280.1); Blastp hit to AAC76280.1 (197 aa), 84% identity in aa 1 - 197	1
AE006468	AAL22241.1	rod shape-determining protein	similar to E. coli rod shape-determining protein (AAC76281.1); Blastp hit to AAC76281.1 (162 aa), 94% identity in aa 1 - 162	1
AE006468	AAL22242.1	rod shape-determining protein	similar to E. coli rod shape-determining protein (AAC76282.1); Blastp hit to AAC76282.1 (367 aa), 89% identity in aa 1 - 366	1
AE006468	AAL22243.1	rod shape-determining protein	HSP70 class molecular chaperones involved in cell morphogenesis; similar to E. coli regulator of ftsI, penicillin binding protein 3, septation function (AAC76283.1); Blastp hit to AAC76283.1 (367 aa), 100% identity in aa 21 - 367	1
AE006468	AAL22244.1	putative diguanylate cyclase	similar to E. coli orf, hypothetical protein (AAC76284.1); Blastp hit to AAC76284.1 (646 aa), 84% identity in aa 1 - 646	1
AE006468	AAL22245.1	putative oxidoreductase	similar to E. coli putative dehydrogenase (AAC76285.1); Blastp hit to AAC76285.1 (324 aa), 88% identity in aa 1 - 323	1
AE006468	AAL22246.1	putative nitrate reductase	similar to E. coli putative reductase (AAC75037.1); Blastp hit to AAC75037.1 (334 aa), 88% identity in aa 1 - 334	1
AE006468	AAL22247.1	putative inner membrane protein	similar to E. coli orf, hypothetical protein (AAC75038.1); Blastp hit to AAC75038.1 (211 aa), 85% identity in aa 1 - 195	1
AE006468	AAL22248.1	acetylCoA carboxylase, BCCP subunit	carrier of biotin; similar to E. coli acetylCoA carboxylase, BCCP subunit; carrier of biotin (AAC76287.1); Blastp hit to AAC76287.1 (156 aa), 92% identity in aa 1 - 156	1
AE006468	AAL22249.1	acetyl CoA carboxylase	similar to E. coli acetyl CoA carboxylase, biotin carboxylase subunit (AAC76288.1); Blastp hit to AAC76288.1 (449 aa), 96% identity in aa 1 - 449	1
AE006468	AAL22250.1	putative inner membrane protein	similar to E. coli orf, hypothetical protein (AAC76289.1); Blastp hit to AAC76289.1 (80 aa), 82% identity in aa 1 - 80	1
AE006468	AAL22251.1	SSS family sodium/pantothenate symporter	similar to E. coli sodium/pantothenate symporter (AAC76290.1); Blastp hit to AAC76290.1 (485 aa), 93% identity in aa 3 - 485	1
AE006468	AAL22252.1	methylation of 50S ribosomal subunit protein L11	similar to E. coli methylase for 50S ribosomal subunit protein L11 (AAC76291.1); Blastp hit to AAC76291.1 (293 aa), 95% identity in aa 1 - 292	1
AE006468	AAL22253.1	putative TIM-barrel enzyme	hypothetical 35.9 Kda protein in pmrA-fis intergenic region (ORF1). (SW:YHDG_SALTY); possibly dehydrogenase	1
AE006468	AAL22254.1	site-specific DNA inversion stimulation factor	DNA-binding protein FIS (factor-for-inversion stimulation protein)(HIN recombinational enhancer binding protein). (SW:FIS_ECOLI)	1
AE006468	AAL22255.1	putative methyltransferase	similar to E. coli putative methyltransferase (AAC76294.1); Blastp hit to AAC76294.1 (296 aa), 80% identity in aa 3 - 285	1
AE006468	AAL22256.1	putative periplasmic protein	similar to E. coli orf, hypothetical protein (AAC76295.1); Blastp hit to AAC76295.1 (59 aa), 84% identity in aa 1 - 53	1
AE006468	AAL22257.1	putative membrane domain protein involved in signal transduction	Diguanylate cyclase/phosphodiesterase domain 1; Diguanylate cyclase/phosphodiesterase domain 2; similar to E. coli orf, hypothetical protein (AAC74367.1); Blastp hit to AAC74367.1 (661 aa), 37% identity in aa 228 - 652, 39% identity in aa 144 - 171	1
AE006468	AAL22258.1	transcriptional repressor for envCD (acrEF)	TetR/AcrR family; similar to E. coli putative transcriptional regulator (AAC76296.1); Blastp hit to AAC76296.1 (220 aa), 68% identity in aa 1 - 211	1
AE006468	AAL22259.1	transmembrane protein affecting septum formation and cell membrane permeability	similar to E. coli transmembrane protein affects septum formation and cell membrane permeability (AAC76297.1); Blastp hit to AAC76297.1 (385 aa), 88% identity in aa 1 - 380	1
AE006468	AAL22260.1	RND family multidrug transport protein	similar to E. coli integral transmembrane protein; acridine resistance (AAC76298.1); Blastp hit to AAC76298.1 (1034 aa), 22% identity in aa 1 - 506; acriflavin resistance protein F	1
AE006468	AAL22261.1	putative outer membrane lipoprotein	similar to E. coli orf, hypothetical protein (AAC76299.1); Blastp hit to AAC76299.1 (73 aa), 98% identity in aa 1 - 73	1
AE006468	AAL22262.1	putative ferripyochelin binding protein	similar to E. coli putative transferase (AAC76304.1); Blastp hit to AAC76304.1 (256 aa), 87% identity in aa 73 - 256	1
AE006468	AAL22263.1	putative periplasmic protein	similar to E. coli orf, hypothetical protein (AAC76305.1); Blastp hit to AAC76305.1 (85 aa), 71% identity in aa 1 - 84	1
AE006468	AAL22264.1	dehydroshikimate reductase	similar to E. coli dehydroshikimate reductase (AAC76306.1); Blastp hit to AAC76306.1 (272 aa), 85% identity in aa 1 - 272	1
AE006468	AAL22265.1	putative translation factor	similar to E. coli orf, hypothetical protein (AAC76307.1); Blastp hit to AAC76307.1 (190 aa), 84% identity in aa 1 - 190	1
AE006468	AAL22266.1	putative DNA topoisomerase	similar to E. coli putative DNA topoisomerase (AAC76308.1); Blastp hit to AAC76308.1 (169 aa), 33% identity in aa 3 - 157	1
AE006468	AAL22267.1	putative cytoplasmic protein	similar to E. coli orf, hypothetical protein (AAC76309.1); Blastp hit to AAC76309.1 (157 aa), 94% identity in aa 1 - 157	1
AE006468	AAL22268.1	putative protein involved in DNA uptake	similar to E. coli orf, fragment 1 (AAC76311.1); Blastp hit to AAC76311.1 (253 aa), 66% identity in aa 1 - 248	1
AE006468	AAL22269.1	peptide deformylase	similar to E. coli peptide deformylase (AAC76312.1); Blastp hit to AAC76312.1 (169 aa), 98% identity in aa 1 - 169	1
AE006468	AAL22270.1	10-formyltetrahydrofolate:L-methionyl-tRNA(fMet) N-formyltransferase	similar to E. coli 10-formyltetrahydrofolate:L-methionyl-tRNA(fMet) N-formyltransferase (AAC76313.1); Blastp hit to AAC76313.1 (315 aa), 91% identity in aa 1 - 314	1
AE006468	AAL22271.1	putative rRNA methylase	similar to E. coli orf, hypothetical protein (AAC76314.1); Blastp hit to AAC76314.1 (429 aa), 88% identity in aa 1 - 429	1
AE006468	AAL22272.1	Trk system transport of potassium protein	TRK system potassium uptake protein TRKA. (SW:TRKA_SALTY)	1
AE006468	AAL22273.1	mechanosensitive channel	similar to E. coli mechanosensitive channel (AAC76316.1); Blastp hit to AAC76316.1 (136 aa), 92% identity in aa 1 - 136	1
AE006468	AAL22274.1	putative cytoplasmic protein		1
AE006468	AAL22275.1	Zn(II)-responsive transcriptional regulator	MerR family; similar to E. coli putative transcriptional regulator (AAC76317.1); Blastp hit to AAC76317.1 (141 aa), 92% identity in aa 1 - 141	1
AE006468	AAL22276.1	putative cytoplasmic protein	similar to E. coli orf, hypothetical protein (AAC76318.1); Blastp hit to AAC76318.1 (122 aa), 86% identity in aa 1 - 122	1
AE006468	AAL22277.1	50S ribosomal subunit protein L17	similar to E. coli 50S ribosomal subunit protein L17 (AAC76319.1); Blastp hit to AAC76319.1 (127 aa), 99% identity in aa 1 - 127	1
AE006468	AAL22278.1	RNA polymerase, alpha subunit	DNA-directed RNA polymerase alpha chain. (SW:RPOA_ECOLI)	1
AE006468	AAL22279.1	30S ribosomal subunit protein S4	30S ribosomal protein S4. (SW:RS4_SALTY)	1
AE006468	AAL22280.1	30S ribosomal subunit protein S11	similar to E. coli 30S ribosomal subunit protein S11 (AAC76322.1); Blastp hit to AAC76322.1 (129 aa), 99% identity in aa 1 - 129	1
AE006468	AAL22281.1	30S ribosomal subunit protein S13	similar to E. coli 30S ribosomal subunit protein S13 (AAC76323.1); Blastp hit to AAC76323.1 (118 aa), 96% identity in aa 1 - 118	1
AE006468	AAL22282.1	50S ribosomal subunit protein X	similar to E. coli 50S ribosomal subunit protein L36 (AAC76324.1); Blastp hit to AAC76324.1 (38 aa), 100% identity in aa 1 - 38	1
AE006468	AAL22283.1	preprotein translocase of IISP family	membrane subunit; putative ATPase; similar to E. coli putative ATPase subunit of translocase (AAC76325.1); Blastp hit to AAC76325.1 (443 aa), 99% identity in aa 1 - 443	1
AE006468	AAL22284.1	50S ribosomal subunit protein L15	similar to E. coli 50S ribosomal subunit protein L15 (AAC76326.1); Blastp hit to AAC76326.1 (144 aa), 99% identity in aa 1 - 144	1
AE006468	AAL22285.1	50S ribosomal subunit protein L30	similar to E. coli 50S ribosomal subunit protein L30 (AAC76327.1); Blastp hit to AAC76327.1 (59 aa), 96% identity in aa 1 - 59	1
AE006468	AAL22286.1	30S ribosomal subunit protein S5	30S ribosomal protein S5. (SW:RS5_SALTY)	1
AE006468	AAL22287.1	50S ribosomal subunit protein L18	similar to E. coli 50S ribosomal subunit protein L18 (AAC76329.1); Blastp hit to AAC76329.1 (117 aa), 99% identity in aa 1 - 117	1
AE006468	AAL22288.1	50S ribosomal subunit protein L6	similar to E. coli 50S ribosomal subunit protein L6 (AAC76330.1); Blastp hit to AAC76330.1 (177 aa), 98% identity in aa 1 - 177	1
AE006468	AAL22289.1	30S ribosomal subunit protein S8, and regulator	similar to E. coli 30S ribosomal subunit protein S8, and regulator (AAC76331.1); Blastp hit to AAC76331.1 (130 aa), 100% identity in aa 1 - 130	1
AE006468	AAL22290.1	30S ribosomal subunit protein S14	similar to E. coli 30S ribosomal subunit protein S14 (AAC76332.1); Blastp hit to AAC76332.1 (101 aa), 98% identity in aa 1 - 101	1
AE006468	AAL22291.1	50S ribosomal subunit protein L5	50S ribosomal protein L5. (SW:RL5_SALTY)	1
AE006468	AAL22292.1	50S ribosomal subunit protein L24	50S ribosomal protein L24. (SW:RL24_SALTY)	1
AE006468	AAL22293.1	50S ribosomal subunit protein L14	similar to E. coli 50S ribosomal subunit protein L14 (AAC76335.1); Blastp hit to AAC76335.1 (123 aa), 98% identity in aa 1 - 123	1
AE006468	AAL22294.1	30S ribosomal subunit protein S17	similar to E. coli 30S ribosomal subunit protein S17 (AAC76336.1); Blastp hit to AAC76336.1 (84 aa), 98% identity in aa 1 - 84	1
AE006468	AAL22295.1	50S ribosomal subunit protein L29	similar to E. coli 50S ribosomal subunit protein L29 (AAC76337.1); Blastp hit to AAC76337.1 (63 aa), 98% identity in aa 1 - 63	1
AE006468	AAL22296.1	50S ribosomal subunit protein L16	similar to E. coli 50S ribosomal subunit protein L16 (AAC76338.1); Blastp hit to AAC76338.1 (136 aa), 98% identity in aa 1 - 136	1
AE006468	AAL22297.1	30S ribosomal subunit protein S3	similar to E. coli 30S ribosomal subunit protein S3 (AAC76339.1); Blastp hit to AAC76339.1 (233 aa), 100% identity in aa 1 - 233	1
AE006468	AAL22298.1	50S ribosomal subunit protein L22	similar to E. coli 50S ribosomal subunit protein L22 (AAC76340.1); Blastp hit to AAC76340.1 (110 aa), 100% identity in aa 1 - 110	1
AE006468	AAL22299.1	30S ribosomal subunit protein S19	similar to E. coli 30S ribosomal subunit protein S19 (AAC76341.1); Blastp hit to AAC76341.1 (92 aa), 98% identity in aa 1 - 92	1
AE006468	AAL22300.1	50S ribosomal subunit protein L2	similar to E. coli 50S ribosomal subunit protein L2 (AAC76342.1); Blastp hit to AAC76342.1 (273 aa), 99% identity in aa 1 - 273	1
AE006468	AAL22301.1	50S ribosomal subunit protein L23	similar to E. coli 50S ribosomal subunit protein L23 (AAC76343.1); Blastp hit to AAC76343.1 (100 aa), 99% identity in aa 1 - 100	1
AE006468	AAL22302.1	50S ribosomal subunit protein L4	regulates expression of S10 operon; similar to E. coli 50S ribosomal subunit protein L4, regulates expression of S10 operon (AAC76344.1); Blastp hit to AAC76344.1 (201 aa), 100% identity in aa 1 - 201	1
AE006468	AAL22303.1	50S ribosomal subunit protein L3	similar to E. coli 50S ribosomal subunit protein L3 (AAC76345.1); Blastp hit to AAC76345.1 (209 aa), 98% identity in aa 1 - 209	1
AE006468	AAL22304.1	30S ribosomal subunit protein S10	similar to E. coli 30S ribosomal subunit protein S10 (AAC76346.1); Blastp hit to AAC76346.1 (103 aa), 98% identity in aa 1 - 103	1
AE006468	AAL22305.1	leader peptidase HopD	similar to E. coli leader peptidase, integral membrane protein (AAC76360.1); Blastp hit to AAC76360.1 (225 aa), 47% identity in aa 80 - 215	1
AE006468	AAL22306.1	bacterioferrin	iron storage homoprotein; bacterioferritin (BFR) (cytochrome B-1) (cytochrome B-557). (SW:BFR_SALTY)	1
AE006468	AAL22307.1	regulatory or redox component complexing with Bfr	iron storage and mobilitybacterioferritin-associated ferredoxin. (SW:BFD_SALTY)	1
AE006468	AAL22308.1	protein chain elongation factor EF-Tu	elongation factor TU (EF-TU); duplicate of tufB; (SW:EFTU_SALTY)	1
AE006468	AAL22309.1	protein chain elongation factor EF-G	GTP-binding; elongation factor G (EF-G). (SW:EFG_SALTY)	1
AE006468	AAL22310.1	30S ribosomal subunit protein S7	initiates assembly; (SW:RS7_SALTY)	1
AE006468	AAL22311.1	30S ribosomal subunit protein S12	30S ribosomal protein S12. (SW:RS12_ECOLI)	1
AE006468	AAL22312.1	putative oxidation of intracellular sulfur	similar to E. coli orf, hypothetical protein (AAC76368.1); Blastp hit to AAC76368.1 (95 aa), 68% identity in aa 1 - 95	1
AE006468	AAL22313.1	putative oxidation of intracellular sulfur	similar to E. coli orf, hypothetical protein (AAC76369.1); Blastp hit to AAC76369.1 (119 aa), 84% identity in aa 1 - 119	1
AE006468	AAL22314.1	putative ACR involved in intracellular sulfur reduction	similar to E. coli orf, hypothetical protein (AAC76370.1); Blastp hit to AAC76370.1 (128 aa), 85% identity in aa 1 - 128	1
AE006468	AAL22315.1	putative regulator	similar to E. coli orf, hypothetical protein (AAC76371.1); Blastp hit to AAC76371.1 (244 aa), 97% identity in aa 5 - 244	1
AE006468	AAL22316.1	FKBP-type peptidyl-prolyl cis-trans isomerase	similar to E. coli FKBP-type peptidyl-prolyl cis-trans isomerase (rotamase) (AAC76372.1); Blastp hit to AAC76372.1 (270 aa), 90% identity in aa 1 - 270	1
AE006468	AAL22317.1	putative cytoplasmic protein	similar to E. coli host factor for lysis of phiX174 infection (AAC76373.1); Blastp hit to AAC76373.1 (72 aa), 94% identity in aa 1 - 72	1
AE006468	AAL22318.1	FKBP-type peptidyl prolyl cis-trans isomerase	similar to E. coli FKBP-type peptidyl-prolyl cis-trans isomerase (rotamase) (AAC76374.1); Blastp hit to AAC76374.1 (196 aa), 97% identity in aa 1 - 196	1
AE006468	AAL22319.1	putative cytoplasmic protein		1
AE006468	AAL22320.1	CPA2 family K+:H+ antiporter	similar to E. coli K+ efflux; NEM-activable K+/H+ antiporter (AAC76375.1); Blastp hit to AAC76375.1 (601 aa), 93% identity in aa 1 - 601	1
AE006468	AAL22321.1	putative NAD(P)H oxidoreductase	similar to E. coli putative NAD(P)H oxidoreductase (AAC76376.1); Blastp hit to AAC76376.1 (184 aa), 89% identity in aa 2 - 183	1
AE006468	AAL22322.1	putative ATPase component of ABC transporter	contains duplicated ATPase domain; similar to E. coli putative ATP-binding component of a transport system (AAC76377.1); Blastp hit to AAC76377.1 (637 aa), 93% identity in aa 1 - 631	1
AE006468	AAL22323.1	putative cytoplasmic protein	similar to E. coli orf, hypothetical protein (AAC74737.1); Blastp hit to AAC74737.1 (101 aa), 65% identity in aa 3 - 100	1
AE006468	AAL22324.1	putative hydrolase	contains alpha/beta-hydrolase fold; similar to E. coli orf, hypothetical protein (AAC76378.1); Blastp hit to AAC76378.1 (340 aa), 84% identity in aa 1 - 339	1
AE006468	AAL22325.2	putative cytoplasmic protein	similar to E. coli orf, hypothetical protein (AAC76379.1); Blastp hit to AAC76379.1 (72 aa), 89% identity in aa 8 - 72	1
AE006468	AAL22326.1	putative phosphoribulokinase	similar to E. coli probable phosphoribulokinase (AAC76380.1); Blastp hit to AAC76380.1 (289 aa), 97% identity in aa 1 - 289	1
AE006468	AAL22327.1	putative inner membrane protein	similar to E. coli orf, hypothetical protein (AAC76381.1); Blastp hit to AAC76381.1 (134 aa), 94% identity in aa 1 - 134	1
AE006468	AAL22328.1	catabolite activator protein (CAP)	catabolite gene activator (CAMP receptor protein) (CAMP-regulatoryprotein). (SW:CRP_SALTY); cyclic AMP receptor protein (CRP family)	1
AE006468	AAL22329.1	putative inner membrane protein	similar to E. coli orf, hypothetical protein (AAC76383.1); Blastp hit to AAC76383.1 (696 aa), 86% identity in aa 1 - 695	1
AE006468	AAL22330.1	acetylornithine transaminase	NAcOATase and DapATase; similar to E. coli acetylornithine delta-aminotransferase (AAC76384.1); Blastp hit to AAC76384.1 (406 aa), 91% identity in aa 1 - 404	1
AE006468	AAL22331.1	p-aminobenzoate synthetase component II	para-aminobenzoate synthase glutamine amidotransferase component II. (SW:PABA_SALTY)	1
AE006468	AAL22332.1	putative cell filamentation protein	stationary phase induced gene; affects cell division; cell filamentation protein FIC. (SW:FIC_SALTY)	1
AE006468	AAL22333.1	putative cytoplasmic protein	hypothetical 6.8 Kda protein in fic-ppiA intergenic region. (SW:YHFG_SALTY)	1
AE006468	AAL22334.1	peptidyl-prolyl cis-trans isomerase A	peptidyl-prolyl cis-trans isomerase A. (SW:PPIA_SALTY); rotamase A	1
AE006468	AAL22335.1	putative MFS family transport protein	similar to E. coli putative transport (AAC76389.1); Blastp hit to AAC76389.1 (393 aa), 90% identity in aa 1 - 393	1
AE006468	AAL22336.1	nitrite reductase large subunit	similar to E. coli nitrite reductase (NAD(P)H) subunit (AAC76390.1); Blastp hit to AAC76390.1 (847 aa), 95% identity in aa 1 - 847	1
AE006468	AAL22337.1	nitrite reductase small subunit	nitrite reductase [NAD(P)H] small subunit. (SW:NIRD_SALTY)	1
AE006468	AAL22338.1	FNT family nitrite transport protein	potential nitrite transporter. (SW:NIRC_SALTY)	1
AE006468	AAL22339.1	siroheme synthase	catalyses four separate reactions that are required for the transformation of uroporphyrinogen III into siroheme; SIROHEME synthase [includes: uroporphyrin-III C-methyltransferase]. (SW:CYSG_SALTY)	1
AE006468	AAL22340.1	putative surface-exposed virulence protein	putative surface-exposed virulence protein BigA (gi|5081595)	1
AE006468	AAL22341.1	transposase for IS200	transposase for insertion sequence element IS200 (SW:T200_SALTY)	1
AE006468	AAL22342.1	putative outer membrane lipoprotein	similar to E. coli orf, hypothetical protein (AAC76394.1); Blastp hit to AAC76394.1 (55 aa), 81% identity in aa 1 - 54	1
AE006468	AAL22343.1	tryptophan tRNA synthetase	similar to E. coli tryptophan tRNA synthetase (AAC76409.1); Blastp hit to AAC76409.1 (334 aa), 96% identity in aa 1 - 334	1
AE006468	AAL22344.1	phosphoglycolate phosphatase	similar to E. coli phosphoglycolate phosphatase (AAC76410.1); Blastp hit to AAC76410.1 (252 aa), 90% identity in aa 1 - 252	1
AE006468	AAL22345.1	D-ribulose-5-phosphate 3-epimerase	similar to E. coli D-ribulose-5-phosphate 3-epimerase (AAC76411.1); Blastp hit to AAC76411.1 (225 aa), 97% identity in aa 1 - 224	1
AE006468	AAL22346.1	DNA adenine methylase	DNA adenine methylase. (SW:DMA_SALTY)	1
AE006468	AAL22347.1	membrane protein	similar to E. coli putative membrane protein; interferes with cell division (AAC76413.1); Blastp hit to AAC76413.1 (428 aa), 78% identity in aa 1 - 428	1
AE006468	AAL22348.1	dehydroquinate synthase	3-dehydroquinate synthase. (SW:AROB_SALTY)	1
AE006468	AAL22349.1	shikimate kinase I	similar to E. coli shikimate kinase I (AAC76415.1); Blastp hit to AAC76415.1 (240 aa), 97% identity in aa 68 - 240	1
AE006468	AAL22350.1	putative transport protein	possibly in biosynthesis of type IV pilin; similar to E. coli putative transport portein (AAC76416.1); Blastp hit to AAC76416.1 (412 aa), 86% identity in aa 1 - 412	1
AE006468	AAL22351.1	putative inner membrane protein	similar to E. coli orf, hypothetical protein (AAC76417.1); Blastp hit to AAC76417.1 (147 aa), 61% identity in aa 14 - 146	1
AE006468	AAL22352.1	putative inner membrane protein	similar to E. coli orf, hypothetical protein (AAC76418.1); Blastp hit to AAC76418.1 (146 aa), 46% identity in aa 1 - 146	1
AE006468	AAL22353.1	putative inner membrane protein	similar to E. coli orf, hypothetical protein (AAC76419.1); Blastp hit to AAC76419.1 (179 aa), 49% identity in aa 5 - 179	1
AE006468	AAL22354.1	putative periplasmic protein	similar to E. coli orf, hypothetical protein (AAC76420.1); Blastp hit to AAC76420.1 (268 aa), 65% identity in aa 10 - 266	1
AE006468	AAL22355.1	transpeptidase of penicillin-binding protein 1a	similar to E. coli peptidoglycan synthetase; penicillin-binding protein 1A (AAC76421.1); Blastp hit to AAC76421.1 (858 aa), 92% identity in aa 1 - 858	1
AE006468	AAL22356.1	putative NTP pyrophosphohydrolase	similar to E. coli orf, hypothetical protein (AAC76422.1); Blastp hit to AAC76422.1 (186 aa), 92% identity in aa 1 - 186	1
AE006468	AAL22357.1	putative inner membrane protein	similar to E. coli putative dehydrogenase (AAC76423.1); Blastp hit to AAC76423.1 (711 aa), 83% identity in aa 1 - 710	1
AE006468	AAL22358.1	putative hydrolase	similar to E. coli putative phosphatase (AAC76424.1); Blastp hit to AAC76424.1 (237 aa), 85% identity in aa 16 - 237	1
AE006468	AAL22359.1	heat shock protein	predicted small RNA-binding protein; similar to E. coli orf, hypothetical protein (AAC76425.1); Blastp hit to AAC76425.1 (133 aa), 95% identity in aa 1 - 133	1
AE006468	AAL22360.1	heat shock protein 33	redox regulated chaparone; similar to E. coli orf, hypothetical protein (AAC76426.1); Blastp hit to AAC76426.1 (294 aa), 92% identity in aa 1 - 294	1
AE006468	AAL22361.1	putative inner membrane protein	similar to E. coli putative transport (AAC76427.1); Blastp hit to AAC76427.1 (574 aa), 56% identity in aa 1 - 574	1
AE006468	AAL22362.2	phosphoenolpyruvate carboxykinase	phosphoenolpyruvate carboxykinase [ATP]. (SW:PPCK_SALTY)	1
AE006468	AAL22363.1	sensory histidine kinase in two-component regulatory system with OmpR	osmolarity sensor protein ENVZ. (SW:ENVZ_SALTY)	1
AE006468	AAL22364.1	response regulator in two-component regulatory system with EnvZ	affecting transcription of ompC and ompF (OmpR family); transcriptional regulatory protein OMPR. (SW:OMPR_SALTY)	1
AE006468	AAL22365.1	transcription elongation factor and transcript cleavage	similar to E. coli transcription elongation factor and transcript cleavage (AAC76431.1); Blastp hit to AAC76431.1 (170 aa), 94% identity in aa 13 - 169	1
AE006468	AAL22366.1	putative RNase R	similar to E. coli orf, hypothetical protein (AAC76432.1); Blastp hit to AAC76432.1 (740 aa), 94% identity in aa 1 - 740	1
AE006468	AAL22367.1	ferrous iron transport protein A	similar to E. coli ferrous iron transport protein A (AAC76433.1); Blastp hit to AAC76433.1 (75 aa), 96% identity in aa 1 - 75	1
AE006468	AAL22368.1	ferrous iron transport protein B	FeoB family; ferrous iron transport protein B. (SW:FEOB_SALTY)	1
AE006468	AAL22369.1	putative cytoplasmic protein	similar to E. coli orf, hypothetical protein (AAC76435.1); Blastp hit to AAC76435.1 (78 aa), 89% identity in aa 1 - 78	1
AE006468	AAL22370.1	putative cytoplasmic protein	similar to E. coli orf, hypothetical protein (AAC75365.1); Blastp hit to AAC75365.1 (296 aa), 67% identity in aa 1 - 296	1
AE006468	AAL22371.1	putative hydrolase	biotin biosynthesis; reaction prior to pimeloyl CoA; similar to E. coli biotin biosynthesis; reaction prior to pimeloyl CoA (AAC76437.1); Blastp hit to AAC76437.1 (256 aa), 81% identity in aa 1 - 253	1
AE006468	AAL22372.1	putative amidophosphoribosyltransferase	similar to E. coli orf, hypothetical protein (AAC76438.1); Blastp hit to AAC76438.1 (243 aa), 85% identity in aa 17 - 243	1
AE006468	AAL22373.1	putative thioredoxin-like proteins and domain protein	similar to E. coli orf, hypothetical protein (AAC76439.1); Blastp hit to AAC76439.1 (191 aa), 98% identity in aa 1 - 191	1
AE006468	AAL22374.1	high-affinity gluconate permease in GNT I system	GntP family; similar to E. coli high-affinity transport of gluconate / gluconate permease (AAC76440.1); Blastp hit to AAC76440.1 (437 aa), 96% identity in aa 1 - 437	1
AE006468	AAL22375.1	4-alpha-glucanotransferase (	similar to E. coli 4-alpha-glucanotransferase (amylomaltase) (AAC76441.1); Blastp hit to AAC76441.1 (694 aa), 85% identity in aa 1 - 694	1
AE006468	AAL22376.1	maltodextrin phosphorylase	similar to E. coli maltodextrin phosphorylase (AAC76442.1); Blastp hit to AAC76442.1 (797 aa), 90% identity in aa 1 - 797	1
AE006468	AAL22377.1	transcriptional activator of the mal genes	binds inducer (maltotriose) and ATP (LysR family); similar to E. coli positive regulator of mal regulon (AAC76443.1); Blastp hit to AAC76443.1 (901 aa), 91% identity in aa 1 - 901	1
AE006468	AAL22378.1	putative cytoplasmic protein	similar to E. coli orf, hypothetical protein (AAC73329.1); Blastp hit to AAC73329.1 (92 aa), 78% identity in aa 1 - 91	1
AE006468	AAL22379.1	putative DNA-damage-inducibile protein	resembles dinJ; similar to E. coli damage-inducible protein J (AAC73330.1); Blastp hit to AAC73330.1 (86 aa), 83% identity in aa 1 - 86	1
AE006468	AAL22380.1	RNA 3'-terminal phosphate cyclase (with b3419)	similar to E. coli orf, hypothetical protein (AAC76444.1); Blastp hit to AAC76444.1 (201 aa), 58% identity in aa 3 - 199	1
AE006468	AAL22381.1	putative cytoplasmic protein	similar to E. coli orf, hypothetical protein (AAC76446.1); Blastp hit to AAC76446.1 (408 aa), 87% identity in aa 1 - 408	1
AE006468	AAL22382.1	putative ribonucleoprotein related-protein		1
AE006468	AAL22383.1	sigma N (sigma 54)-dependent regulator of rtcBA expression	EBP family; similar to E. coli putative 2-component regulator (AAC76447.1); Blastp hit to AAC76447.1 (532 aa), 84% identity in aa 1 - 527	1
AE006468	AAL22384.1	transcriptional repressor of the glp operon	DeoR family; similar to E. coli repressor of the glp operon (AAC76448.1); Blastp hit to AAC76448.1 (252 aa), 93% identity in aa 1 - 252	1
AE006468	AAL22385.1	protein of glp regulon	similar to E. coli protein of glp regulon (AAC76449.1); Blastp hit to AAC76449.1 (276 aa), 88% identity in aa 1 - 275	1
AE006468	AAL22386.1	thiosulfate/cyanide sulfurtransferase	rhodanese; similar to E. coli protein of glp regulon (AAC76450.1); Blastp hit to AAC76450.1 (108 aa), 81% identity in aa 1 - 108	1
AE006468	AAL22387.1	sn-glycerol-3-phosphate dehydrogenase	aerobic; similar to E. coli sn-glycerol-3-phosphate dehydrogenase (aerobic) (AAC76451.1); Blastp hit to AAC76451.1 (501 aa), 90% identity in aa 1 - 501	1
AE006468	AAL22388.1	putative inner membrane protein	similar to E. coli orf, hypothetical protein (AAC73602.1); Blastp hit to AAC73602.1 (86 aa), 35% identity in aa 21 - 85	1
AE006468	AAL22389.1	putative periplasmic phosphate-binding protein		1
AE006468	AAL22390.1	putative glycerol dehydrogenase	similar to E. coli glycerol dehydrogenase, (NAD) (AAC76927.1); Blastp hit to AAC76927.1 (380 aa), 49% identity in aa 21 - 373	1
AE006468	AAL22391.1	putative dihydroxyacid dehydratase	similar to E. coli putative dehydratase (AAC73372.1); Blastp hit to AAC73372.1 (655 aa), 39% identity in aa 86 - 578	1
AE006468	AAL22392.1	putative dihydrodipicolinate synthetase	similar to E. coli putative lyase/synthase (AAC73371.1); Blastp hit to AAC73371.1 (309 aa), 43% identity in aa 8 - 308	1
AE006468	AAL22393.1	putative bacterial transcriptional regulator	similar to E. coli putative regulator (AAC75308.1); Blastp hit to AAC75308.1 (260 aa), 38% identity in aa 4 - 249	1
AE006468	AAL22394.1	glycogen phosphorylase	similar to E. coli glycogen phosphorylase (AAC76453.1); Blastp hit to AAC76453.1 (815 aa), 93% identity in aa 1 - 815	1
AE006468	AAL22395.1	glycogen synthase	glycogen synthase. (SW:GLGA_SALTY)	1
AE006468	AAL22396.1	glucose-1-phosphate adenylyltransferase	glucose-1-phosphate adenylyltransferase. (SW:GLGC_SALTY)	1
AE006468	AAL22397.1	glycosyl hydrolase	similar to E. coli part of glycogen operon, a glycosyl hydrolase, debranching enzyme (AAC76456.1); Blastp hit to AAC76456.1 (657 aa), 85% identity in aa 1 - 657	1
AE006468	AAL22398.1	1,4-alpha-glucan branching enzyme	similar to E. coli 1,4-alpha-glucan branching enzyme (AAC76457.1); Blastp hit to AAC76457.1 (728 aa), 93% identity in aa 1 - 728	1
AE006468	AAL22399.1	aspartate-semialdehyde dehydrogenase	aspartate-semialdehyde dehydrogenase. (SW:DHAS_SALTY)	1
AE006468	AAL22400.1	putative inner membrane protein	similar to E. coli orf, hypothetical protein (AAC76459.1); Blastp hit to AAC76459.1 (197 aa), 72% identity in aa 4 - 39	1
AE006468	AAL22401.1	low affinity gluconate permease	similar to E. coli low-affinity gluconate transport permease protein, interrupted (AAC76461.1); Blastp hit to AAC76461.1 (332 aa), 96% identity in aa 1 - 331	1
AE006468	AAL22402.1	gluconate kinase 2 in GNT I system	thermoresistant; similar to E. coli gluconokinase 2, thermoresistant (AAC76462.1); Blastp hit to AAC76462.1 (162 aa), 96% identity in aa 1 - 161	1
AE006468	AAL22403.1	transcriptional repressor gnt-I	gntUKR; GalR/LacI family; similar to E. coli regulator of gluconate (gnt) operon (AAC76463.1); Blastp hit to AAC76463.1 (313 aa), 97% identity in aa 1 - 304	1
AE006468	AAL22404.1	putative cytoplasmic protein	similar to E. coli orf, hypothetical protein (AAC76464.1); Blastp hit to AAC76464.1 (231 aa), 93% identity in aa 1 - 231	1
AE006468	AAL22405.1	putative oxidoreductase	similar to E. coli putative regulator (AAC76465.1); Blastp hit to AAC76465.1 (345 aa), 92% identity in aa 1 - 345	1
AE006468	AAL22406.1	putative transferase	similar to E. coli orf, hypothetical protein (AAC76466.1); Blastp hit to AAC76466.1 (162 aa), 82% identity in aa 1 - 162	1
AE006468	AAL22407.1	putative transcriptional regulator of sugar metabolism	ORF 408 (gi|4456874)	1
AE006468	AAL22408.1	putative cytoplasmic protein	ORF 245 (gi|4456875)	1
AE006468	AAL22409.1	putative inner membrane protein		1
AE006468	AAL22410.1	putative phosphotriesterase	similar to E. coli putative hydrolase (AAC76404.1); Blastp hit to AAC76404.1 (292 aa), 28% identity in aa 24 - 289, 71% identity in aa 7 - 20	1
AE006468	AAL22411.1	gamma-glutamyltranspeptidase	similar to E. coli gamma-glutamyltranspeptidase (AAC76472.1); Blastp hit to AAC76472.1 (580 aa), 91% identity in aa 2 - 580	1
AE006468	AAL22412.1	putative outer membrane protein	similar to E. coli orf, hypothetical protein (AAC76473.1); Blastp hit to AAC76473.1 (146 aa), 66% identity in aa 1 - 146	1
AE006468	AAL22413.1	cytosolic glycerophosphodiester phosphodiesterase	similar to E. coli glycerophosphodiester phosphodiesterase, cytosolic (AAC76474.1); Blastp hit to AAC76474.1 (247 aa), 87% identity in aa 1 - 244	1
AE006468	AAL22414.1	sn-glycerol 3-phosphate transport protein	ABC superfamily (atp_bind); similar to E. coli ATP-binding component of sn-glycerol 3-phosphate transport system (AAC76475.1); Blastp hit to AAC76475.1 (369 aa), 88% identity in aa 14 - 369	1
AE006468	AAL22415.1	sn-glycerol 3-phosphate transport protein	ABC superfamily (membrane); similar to E. coli sn-glycerol 3-phosphate transport system, integral membrane protein (AAC76476.1); Blastp hit to AAC76476.1 (281 aa), 91% identity in aa 1 - 281	1
AE006468	AAL22416.1	sn-glycerol 3-phosphate transport protein	ABC superfamily (membrane); similar to E. coli sn-glycerol 3-phosphate transport system, integral membrane protein (AAC76477.1); Blastp hit to AAC76477.1 (295 aa), 93% identity in aa 1 - 295	1
AE006468	AAL22417.1	sn-glycerol 3-phosphate transport protein	ABC superfamily (peri_perm); similar to E. coli sn-glycerol 3-phosphate transport system; periplasmic binding protein (AAC76478.1); Blastp hit to AAC76478.1 (438 aa), 91% identity in aa 1 - 438	1
AE006468	AAL22418.1	homology to death -on-curing protein of phage P1		1
AE006468	AAL22419.1	putative cytoplasmic protein	hypothetical protein in livF 5'region. (SW:YHHV_SALTY)	1
AE006468	AAL22420.1	high-affinity branched-chain amino acid transporter	ABC superfamily (atp_bind); high-affinity branched-chain amino acid transport ATP-binding protein LIVF. (SW:LIVF_SALTY)	1
AE006468	AAL22421.1	high-affinity branched-chain amino acid transporter	ABC superfamily (atp_bind); high-affinity branched-chain amino acid transport ATP-binding protein LIVG. (SW:LIVG_SALTY)	1
AE006468	AAL22422.1	high-affinity branched-chain amino acid transporter	ABC superfamily (membrane); high-affinity branched-chain amino acid transport system permeaseprotein LIVM. (SW:LIVM_SALTY)	1
AE006468	AAL22423.1	high-affinity branched-chain amino acid transporter	ABC superfamily (membrane); high-affinity branched-chain amino acid transport system permeaseprotein LIVH. (SW:LIVH_SALTY)	1
AE006468	AAL22424.1	high-affinity branched-chain amino acid transporter	ABC superfamily (bind_prot); leucine-specific binding protein precursor (LS-BP). (SW:LIVK_SALTY)	1
AE006468	AAL22425.1	putative acetyltransferase	similar to E. coli orf, hypothetical protein (AAC76484.1); Blastp hit to AAC76484.1 (127 aa), 82% identity in aa 1 - 126	1
AE006468	AAL22426.1	putative cytoplasmic protein	hypothetical protein	1
AE006468	AAL22427.1	high-affinity branched-chain amino acid transporter	ABC superfamily (bind_prot); leu/ile/val/thr-binding protein precursor (LIVT-BP). (SW:LIVJ_SALTY)	1
AE006468	AAL22428.1	sigma H factor of RNA polymerase	transcription of heat shock proteins induced by cytoplasmic stress; similar to E. coli RNA polymerase, sigma(32) factor; regulation of proteins induced at high temperatures (AAC76486.1); Blastp hit to AAC76486.1 (284 aa), 96% identity in aa 1 - 284; sigma 32	1
AE006468	AAL22429.1	putative integral membrane cell division protein	similar to E. coli cell division membrane protein (AAC76487.1); Blastp hit to AAC76487.1 (352 aa), 92% identity in aa 1 - 352	1
AE006468	AAL22430.1	putative ATPase involved in cell division	similar to E. coli ATP-binding component of a membrane-associated complex involved in cell division (AAC76488.1); Blastp hit to AAC76488.1 (222 aa), 95% identity in aa 1 - 222	1
AE006468	AAL22431.1	GTPase domain of cell division membrane protein	similar to E. coli cell division membrane protein (AAC76489.1); Blastp hit to AAC76489.1 (497 aa), 83% identity in aa 1 - 497	1
AE006468	AAL22432.1	putative methyltransferase	similar to E. coli orf, hypothetical protein (AAC76490.1); Blastp hit to AAC76490.1 (198 aa), 86% identity in aa 1 - 198	1
AE006468	AAL22433.1	putative inner membrane protein	similar to E. coli orf, hypothetical protein (AAC76491.1); Blastp hit to AAC76491.1 (89 aa), 86% identity in aa 1 - 89	1
AE006468	AAL22434.1	putative inner membrane protein	similar to E. coli putative receptor (AAC76492.1); Blastp hit to AAC76492.1 (119 aa), 84% identity in aa 1 - 116	1
AE006468	AAL22435.1	putative inner membrane protein	similar to E. coli putative enzyme (AAC76493.1); Blastp hit to AAC76493.1 (208 aa), 91% identity in aa 1 - 208	1
AE006468	AAL22436.1	P-type ATPase family	Pb/Cd/Zn/Hg transporting ATPase; similar to E. coli zinc-transporting ATPase (AAC76494.1); Blastp hit to AAC76494.1 (732 aa), 84% identity in aa 1 - 731	1
AE006468	AAL22437.1	methyl-accepting transmembrane citrate/phenol chemoreceptor	methyl-accepting chemotaxis citrate transducer (citrate chemoreceptorprotein). (SW:MCPC_SALTY)	1
AE006468	AAL22438.1	small ubiquitous protein required for normal growth	similar to E. coli orf, hypothetical protein (AAC76495.1); Blastp hit to AAC76495.1 (81 aa), 91% identity in aa 1 - 79	1
AE006468	AAL22439.1	putative integral membrane protein	similar to E. coli orf, hypothetical protein (AAC76496.1); Blastp hit to AAC76496.1 (221 aa), 89% identity in aa 1 - 221	1
AE006468	AAL22440.1	putative inner membrane lipoprotein	similar to E. coli orf, hypothetical protein (AAC76497.1); Blastp hit to AAC76497.1 (203 aa), 80% identity in aa 19 - 203	1
AE006468	AAL22441.1	putative MFS family transport protein	similar to E. coli putative transport (AAC76498.1); Blastp hit to AAC76498.1 (419 aa), 89% identity in aa 1 - 419	1
AE006468	AAL22442.1	putative PerM family permease	similar to E. coli orf, hypothetical protein (AAC76499.1); Blastp hit to AAC76499.1 (376 aa), 89% identity in aa 28 - 376	1
AE006468	AAL22443.1	putative phosphopantetheinyl transferase	similar to E. coli orf, hypothetical protein (AAC76500.1); Blastp hit to AAC76500.1 (195 aa), 78% identity in aa 1 - 188	1
AE006468	AAL22444.1	nickel-responsive transcriptional regulator	similar to E. coli orf, hypothetical protein (AAC76506.1); Blastp hit to AAC76506.1 (133 aa), 98% identity in aa 1 - 133	1
AE006468	AAL22445.1	putative ABC superfamily transport protein	atp_bind/membrane; similar to E. coli putative transporter (AAC76510.1); Blastp hit to AAC76510.1 (375 aa), 92% identity in aa 2 - 375	1
AE006468	AAL22446.1	putative ABC-type multidrug transport system	ATPase component; Permease component of an ABC-transporter; similar to E. coli putative ATP-binding component of a transport system, fragment 1 (AAC76511.1); Blastp hit to AAC76511.1 (894 aa), 89% identity in aa 1 - 894	1
AE006468	AAL22447.1	putative membrane protein	similar to E. coli putative membrane protein (AAC76512.1); Blastp hit to AAC76512.1 (355 aa), 87% identity in aa 1 - 355	1
AE006468	AAL22448.1	putative periplasmic protein	similar to E. coli orf, hypothetical protein (AAC76517.1); Blastp hit to AAC76517.1 (400 aa), 88% identity in aa 1 - 398	1
AE006468	AAL22449.1	low-affinity phosphate transporter	PiT family; similar to E. coli low-affinity phosphate transport (AAC76518.1); Blastp hit to AAC76518.1 (499 aa), 92% identity in aa 1 - 499	1
AE006468	AAL22450.1	universal stress protein B	involved in stationary-phase resistance to ethanol; similar to E. coli orf, hypothetical protein (AAC76519.1); Blastp hit to AAC76519.1 (111 aa), 95% identity in aa 1 - 111	1
AE006468	AAL22451.1	universal stress protein A	similar to E. coli universal stress protein; broad regulatory function? (AAC76520.1); Blastp hit to AAC76520.1 (144 aa), 99% identity in aa 1 - 144	1
AE006468	AAL22452.1	putative POT family peptide transport protein	similar to E. coli putative transport protein (AAC76521.1); Blastp hit to AAC76521.1 (489 aa), 88% identity in aa 1 - 486	1
AE006468	AAL22453.1	putative SAM-dependent methyltransferase	hypothetical 27.4 Kda protein in uspA-prlC intergenic region. (SW:YHIQ_SALTY)	1
AE006468	AAL22454.1	oligopeptidase A	oligopeptidase A. (SW:OPDA_SALTY)	1
AE006468	AAL22455.1	putative phosphatase		1
AE006468	AAL22456.1	putative cytoplasmic protein	similar to E. coli orf, hypothetical protein (AAC76524.1); Blastp hit to AAC76524.1 (280 aa), 92% identity in aa 1 - 280	1
AE006468	AAL22457.1	glutathione oxidoreductase	similar to E. coli glutathione oxidoreductase (AAC76525.1); Blastp hit to AAC76525.1 (450 aa), 94% identity in aa 1 - 450	1
AE006468	AAL22458.1	putative L-asparaginase	similar to E. coli periplasmic L-asparaginase II (AAC75994.1); Blastp hit to AAC75994.1 (348 aa), 46% identity in aa 22 - 348	1
AE006468	AAL22459.1	putative inner membrane protein	similar to E. coli anaerobic dicarboxylate transport (AAC77098.1); Blastp hit to AAC77098.1 (433 aa), 42% identity in aa 1 - 433	1
AE006468	AAL22460.1	putative sugar kinases	ribokinase family; similar to E. coli putative kinase (AAC76399.1); Blastp hit to AAC76399.1 (261 aa), 30% identity in aa 7 - 261	1
AE006468	AAL22461.1	putative phosphosugar isomerase	similar to E. coli putative transport protein (AAC76396.1); Blastp hit to AAC76396.1 (347 aa), 28% identity in aa 42 - 303	1
AE006468	AAL22462.1	putative gntR family regulatory protein	similar to E. coli putative transcriptional regulator (AAC76400.1); Blastp hit to AAC76400.1 (265 aa), 28% identity in aa 27 - 260	1
AE006468	AAL22463.1	cytoplasmic trehalase	similar to E. coli cytoplasmic trehalase (AAC76544.1); Blastp hit to AAC76544.1 (549 aa), 92% identity in aa 1 - 549	1
AE006468	AAL22464.1	putative inner membrane protein		1
AE006468	AAL22465.1	putative phage endolysin		1
AE006468	AAL22466.1	putative transcriptional regulator	LuxR/UhpA family; similar to E. coli putative regulator (AAC76545.1); Blastp hit to AAC76545.1 (200 aa), 72% identity in aa 1 - 200	1
AE006468	AAL22467.1	putative LysR family transcriptional regulator	similar to E. coli putative transcriptional regulator LYSR-type (AAC76546.1); Blastp hit to AAC76546.1 (323 aa), 66% identity in aa 25 - 320	1
AE006468	AAL22468.1	putative tRNA-processing ribonuclease	similar to E. coli orf, hypothetical protein (AAC76547.1); Blastp hit to AAC76547.1 (337 aa), 85% identity in aa 1 - 336	1
AE006468	AAL22469.1	putative MFS family transport protein	similar to E. coli putative transport protein (AAC76548.1); Blastp hit to AAC76548.1 (440 aa), 94% identity in aa 1 - 440	1
AE006468	AAL22470.1	putative inner membrane protein	similar to E. coli orf, hypothetical protein (AAC76549.1); Blastp hit to AAC76549.1 (691 aa), 93% identity in aa 6 - 691	1
AE006468	AAL22471.1	putative diguanylate cyclase/phosphodiesterase domain 3 containing protein	similar to E. coli orf, hypothetical protein (AAC76550.1); Blastp hit to AAC76550.1 (256 aa), 79% identity in aa 2 - 256	1
AE006468	AAL22472.1	ketodeoxygluconokinase	similar to E. coli ketodeoxygluconokinase (AAC76551.1); Blastp hit to AAC76551.1 (382 aa), 92% identity in aa 74 - 381	1
AE006468	AAL22473.1	putative Zn-dependent peptidase	protein YHJJ precursor. (SW:YHJJ_SALTY)	1
AE006468	AAL22474.1	DAACS family C4-dicarboxylic acids transport protein	C4-dicarboxylate transport protein. (SW:DCTA_SALTY)	1
AE006468	AAL22475.1	putative diguanylate cyclase/phosphodiesterase	similar to E. coli orf, hypothetical protein (AAC76554.1); Blastp hit to AAC76554.1 (651 aa), 84% identity in aa 1 - 651	1
AE006468	AAL22476.1	putative TPR-repeat-containing protein	similar to E. coli putative oxidoreductase subunit (AAC76555.1); Blastp hit to AAC76555.1 (1166 aa), 80% identity in aa 20 - 1166	1
AE006468	AAL22477.1	endo-1,4-D-glucanase	similar to E. coli putative endoglucanase (AAC76556.1); Blastp hit to AAC76556.1 (368 aa), 81% identity in aa 1 - 367	1
AE006468	AAL22478.1	putative cellulose synthase	similar to E. coli orf, hypothetical protein (AAC76557.1); Blastp hit to AAC76557.1 (779 aa), 82% identity in aa 1 - 779	1
AE006468	AAL22479.1	glycosyltransferase	probably involved in cell wall biogenesis; similar to E. coli putative cellulose synthase (AAC76558.1); Blastp hit to AAC76558.1 (888 aa), 88% identity in aa 17 - 887	1
AE006468	AAL22480.1	putative ATPase involved in chromosome partitioning	similar to E. coli orf, hypothetical protein (AAC76559.1); Blastp hit to AAC76559.1 (242 aa), 77% identity in aa 1 - 240	1
AE006468	AAL22481.1	putative cytoplasmic protein	similar to E. coli orf, hypothetical protein (AAC76560.1); Blastp hit to AAC76560.1 (62 aa), 76% identity in aa 1 - 60	1
AE006468	AAL22482.1	putative cytoplasmic protein	similar to E. coli putative protease (AAC76561.1); Blastp hit to AAC76561.1 (523 aa), 80% identity in aa 1 - 523	1
AE006468	AAL22483.1	putative inner membrane protein	similar to E. coli orf, hypothetical protein (AAC76562.1); Blastp hit to AAC76562.1 (62 aa), 80% identity in aa 1 - 62	1
AE006468	AAL22484.1	putative inner membrane protein	similar to E. coli orf, hypothetical protein (AAC76563.1); Blastp hit to AAC76563.1 (559 aa), 84% identity in aa 1 - 559	1
AE006468	AAL22485.1	cystathionine gamma-synthase		1
AE006468	AAL22486.1	putative HAAAP family transport protein	similar to E. coli putative transporter protein (AAC76564.1); Blastp hit to AAC76564.1 (423 aa), 87% identity in aa 5 - 423	1
AE006468	AAL22487.1	dipeptide transport protein	ABC superfamily (atp_bind); similar to E. coli putative ATP-binding component of dipeptide transport system (AAC76565.1); Blastp hit to AAC76565.1 (334 aa), 95% identity in aa 1 - 334	1
AE006468	AAL22488.1	dipeptide transport protein	ABC superfamily (atp_bind); similar to E. coli putative ATP-binding component of dipeptide transport system (AAC76566.1); Blastp hit to AAC76566.1 (327 aa), 95% identity in aa 1 - 327	1
AE006468	AAL22489.1	dipeptide transport protein 2	ABC superfamily (membrane); similar to E. coli dipeptide transport system permease protein 2 (AAC76567.1); Blastp hit to AAC76567.1 (300 aa), 94% identity in aa 1 - 300	1
AE006468	AAL22490.1	dipeptide transport protein 1	ABC superfamily (membrane); similar to E. coli dipeptide transport system permease protein 1 (AAC76568.1); Blastp hit to AAC76568.1 (339 aa), 97% identity in aa 1 - 339	1
AE006468	AAL22491.1	dipeptide transport protein	ABC superfamily (peri_perm); similar to E. coli dipeptide transport protein (AAC76569.1); Blastp hit to AAC76569.1 (535 aa), 93% identity in aa 1 - 535	1
AE006468	AAL22492.1	putative xanthine permease	similar to E. coli putative permease (AAC75926.1); Blastp hit to AAC75926.1 (505 aa), 27% identity in aa 54 - 466	1
AE006468	AAL22493.1	putative PQQ enzyme repeat protein		1
AE006468	AAL22494.1	putative bacterial regulatory protein	lacI family; similar to E. coli regulator for rbs operon (AAC76776.1); Blastp hit to AAC76776.1 (330 aa), 27% identity in aa 2 - 304	1
AE006468	AAL22495.1	putative membrane-associated metal-dependent hydrolase	membrane-protein YHJW. (SW:YHJW_SALTY)	1
AE006468	AAL22496.1	long polar fimbrial minor protein	PFE protein precursor (SW:LPFE_SALTY)	1
AE006468	AAL22497.1	long polar fimbrial operon protein	LPFD protein precursor. (SW:LPFD_SALTY)	1
AE006468	AAL22498.1	long polar fimbrial outer membrane usher protein	outer membrane usher protein LPFC precursor. (SW:LPFC_SALTY)	1
AE006468	AAL22499.1	long polar fimbrial chaperone	chaperone protein LPFB precursor. (SW:LPFB_SALTY)	1
AE006468	AAL22500.1	long polar fimbria	long polar fimbria protein A precursor. (SW:LPFA_SALTY)	1
AE006468	AAL22501.1	putative lipase	similar to E. coli putative lipase (AAC76572.1); Blastp hit to AAC76572.1 (234 aa), 72% identity in aa 3 - 234	1
AE006468	AAL22502.1	constitutive 3-methyl-adenine DNA glycosylase I	similar to E. coli 3-methyl-adenine DNA glycosylase I, constitutive (AAC76573.1); Blastp hit to AAC76573.1 (187 aa), 85% identity in aa 1 - 186	1
AE006468	AAL22503.1	putative acetyltransferase	similar to E. coli orf, hypothetical protein (AAC76574.1); Blastp hit to AAC76574.1 (146 aa), 60% identity in aa 1 - 145	1
AE006468	AAL22504.1	biotin sulfoxide reductase	similar to E. coli biotin sulfoxide reductase (AAC76575.1); Blastp hit to AAC76575.1 (739 aa), 86% identity in aa 2 - 739	1
AE006468	AAL22505.1	putative outer membrane lipoprotein	similar to E. coli putative outer membrane protein (AAC76576.1); Blastp hit to AAC76576.1 (219 aa), 94% identity in aa 1 - 219	1
AE006468	AAL22506.1	2-keto-D-gluconate reductase	similar to E. coli putative dehydrogenase (AAC76577.1); Blastp hit to AAC76577.1 (328 aa), 83% identity in aa 5 - 327	1
AE006468	AAL22507.1	putative outer membrane lipoprotein	similar to E. coli orf, hypothetical protein (AAC76578.1); Blastp hit to AAC76578.1 (276 aa), 88% identity in aa 41 - 276	1
AE006468	AAL22508.1	putative transcriptional regulator	similar to E. coli orf, hypothetical protein (AAC76579.1); Blastp hit to AAC76579.1 (96 aa), 79% identity in aa 1 - 96	1
AE006468	AAL22509.1	major cold shock protein 7.4	transcriptional activator of hns; cold shock protein CSPA. (SW:CSPA_SALTY)	1
AE006468	AAL22510.1	putative periplasmic or exported protein		1
AE006468	AAL22511.1	putative acetyltransferase		1
AE006468	AAL22512.1	putative cytoplasmic protein		1
AE006468	AAL22513.1	putative acetyltransferase	similar to E. coli orf, hypothetical protein (AAC73338.1); Blastp hit to AAC73338.1 (150 aa), 33% identity in aa 4 - 145	1
AE006468	AAL22514.1	glycine tRNA synthetase, beta subunit	similar to E. coli glycine tRNA synthetase, beta subunit (AAC76583.1); Blastp hit to AAC76583.1 (689 aa), 92% identity in aa 1 - 689	1
AE006468	AAL22515.1	glycine tRNA synthetase, alpha subunit	similar to E. coli glycine tRNA synthetase, alpha subunit (AAC76584.1); Blastp hit to AAC76584.1 (303 aa), 99% identity in aa 1 - 303	1
AE006468	AAL22516.1	putative outer membrane lipoprotein		1
AE006468	AAL22517.1	putative inner membrane protein	similar to E. coli orf, hypothetical protein (AAC76585.1); Blastp hit to AAC76585.1 (331 aa), 81% identity in aa 1 - 331	1
AE006468	AAL22518.1	putative inner membrane protein	similar to E. coli orf, hypothetical protein (AAC76587.1); Blastp hit to AAC76587.1 (117 aa), 33% identity in aa 15 - 109	1
AE006468	AAL22519.1	xylulokinase	similar to E. coli xylulokinase (AAC76588.1); Blastp hit to AAC76588.1 (484 aa), 85% identity in aa 1 - 484	1
AE006468	AAL22520.1	D-xylose isomerase	similar to E. coli D-xylose isomerase (AAC76589.1); Blastp hit to AAC76589.1 (440 aa), 92% identity in aa 1 - 440	1
AE006468	AAL22521.1	xylose operon regulatory protein	AraC/XylS family; similar to E. coli putative regulator of xyl operon (AAC76593.1); Blastp hit to AAC76593.1 (392 aa), 92% identity in aa 1 - 392	1
AE006468	AAL22522.1	gene transcribed divergently from malS	similar to E. coli putative ATP-binding protein (AAC76594.1); Blastp hit to AAC76594.1 (274 aa), 89% identity in aa 1 - 274	1
AE006468	AAL22523.1	alpha-amylase	similar to E. coli alpha-amylase (AAC76595.1); Blastp hit to AAC76595.1 (676 aa), 81% identity in aa 1 - 676	1
AE006468	AAL22524.1	valine-pyruvate aminotransferase	similar to E. coli alanine-alpha-ketoisovalerate (or valine-pyruvate) transaminase, transaminase C (AAC76596.1); Blastp hit to AAC76596.1 (417 aa), 92% identity in aa 1 - 415	1
AE006468	AAL22525.1	putative oxidoreductase	similar to E. coli orf, hypothetical protein (AAC76597.1); Blastp hit to AAC76597.1 (157 aa), 72% identity in aa 1 - 156	1
AE006468	AAL22526.1	IclR family transcriptional repressor	similar to E. coli putative regulator (AAC76598.1); Blastp hit to AAC76598.1 (282 aa), 91% identity in aa 16 - 276	1
AE006468	AAL22527.1	putative malate dehydrogenase	similar to E. coli putative dehydrogenase (AAC76599.1); Blastp hit to AAC76599.1 (332 aa), 89% identity in aa 1 - 332	1
AE006468	AAL22528.1	putative cytoplasmic protein	similar to E. coli putative lipase (AAC76600.1); Blastp hit to AAC76600.1 (155 aa), 82% identity in aa 1 - 154	1
AE006468	AAL22529.1	putative chemotaxis protein, resembles cheA		1
AE006468	AAL22530.1	putative transporter	similar to E. coli orf, hypothetical protein (AAC76601.1); Blastp hit to AAC76601.1 (157 aa), 76% identity in aa 1 - 157	1
AE006468	AAL22531.1	putative DedA family, membrane protein	similar to E. coli putative membrane protein (AAC76602.1); Blastp hit to AAC76602.1 (424 aa), 90% identity in aa 1 - 398	1
AE006468	AAL22532.1	putative dicarboxylate-binding periplasmic protein	similar to E. coli putative solute-binding transport protein (AAC76603.1); Blastp hit to AAC76603.1 (328 aa), 87% identity in aa 1 - 328	1
AE006468	AAL22533.1	cryptic L-xylulose kinase	similar to E. coli L-xylulose kinase, cryptic (AAC76604.1); Blastp hit to AAC76604.1 (498 aa), 85% identity in aa 1 - 498	1
AE006468	AAL22534.1	putative 3-hexulose-6-phosphate isomerase	similar to E. coli probable 3-hexulose 6-phosphate synthase (AAC76605.1); Blastp hit to AAC76605.1 (220 aa), 90% identity in aa 1 - 220	1
AE006468	AAL22535.1	putative 3-hexulose-6-phosphate isomerase	similar to E. coli probable 3-hexulose-6-phosphate isomerase (AAC76606.1); Blastp hit to AAC76606.1 (297 aa), 91% identity in aa 12 - 297	1
AE006468	AAL22536.1	L-ribulose-5-phosphate 4-epimerase	similar to E. coli putative epimerase/aldolase (AAC76607.1); Blastp hit to AAC76607.1 (231 aa), 93% identity in aa 1 - 231	1
AE006468	AAL22537.1	putative bacterial regulatory helix-turn-helix protein	araC family; similar to E. coli putative ARAC-type regulatory protein (AAC76936.1); Blastp hit to AAC76936.1 (283 aa), 25% identity in aa 112 - 274	1
AE006468	AAL22538.1	putative cytoplasmic protein		1
AE006468	AAL22539.1	aldehyde dehydrogenase B	lactaldehyde dehydrogenase; similar to E. coli aldehyde dehydrogenase B (lactaldehyde dehydrogenase) (AAC76612.1); Blastp hit to AAC76612.1 (542 aa), 96% identity in aa 31 - 542	1
AE006468	AAL22540.1	putative transcriptional regulator	similar to E. coli possible NAGC-like transcriptional regulator (AAC73497.1); Blastp hit to AAC73497.1 (348 aa), 24% identity in aa 49 - 348	1
AE006468	AAL22541.1	selenocysteinyl-tRNA-specific translation factor	similar to E. coli selenocysteinyl-tRNA-specific translation factor (AAC76614.1); Blastp hit to AAC76614.1 (614 aa), 85% identity in aa 1 - 614	1
AE006468	AAL22542.1	selenocysteine synthase	combine with SelD; similar to E. coli selenocysteine synthase: L-seryl-tRNA (Ser) selenium transferase (AAC76615.1); Blastp hit to AAC76615.1 (463 aa), 86% identity in aa 1 - 463	1
AE006468	AAL22543.1	putative glutathione S-transferase	similar to E. coli putative S-transferase (AAC76616.1); Blastp hit to AAC76616.1 (202 aa), 86% identity in aa 1 - 202	1
AE006468	AAL22544.1	PTS family, mannitol-specific enzyme IIABC components	similar to E. coli PTS system, mannitol-specific enzyme IIABC components (AAC76623.1); Blastp hit to AAC76623.1 (637 aa), 95% identity in aa 1 - 637	1
AE006468	AAL22545.1	mannitol-1-phosphate dehydrogenase	similar to E. coli mannitol-1-phosphate dehydrogenase (AAC76624.1); Blastp hit to AAC76624.1 (382 aa), 93% identity in aa 1 - 380	1
AE006468	AAL22546.1	repressor for mtl	similar to E. coli repressor for mtl (AAC76625.1); Blastp hit to AAC76625.1 (195 aa), 92% identity in aa 5 - 195	1
AE006468	AAL22547.1	putative cytoplasmic protein	hypothetical protein	1
AE006468	AAL22548.1	putative cytoplasmic protein	similar to E. coli orf, hypothetical protein (AAC76626.1); Blastp hit to AAC76626.1 (120 aa), 90% identity in aa 1 - 120	1
AE006468	AAL22549.1	putative inner membrane lipoprotein		1
AE006468	AAL22550.1	putative inner membrane protein	similar to E. coli putative membrane protein (AAC74454.1); Blastp hit to AAC74454.1 (1122 aa), 21% identity in aa 33 - 530, 22% identity in aa 123 - 528, 20% identity in aa 113 - 565, 24% identity in aa 164 - 579, 23-1073758628dentity in aa 75 - 485, 28% identity in aa 217 - 484, 25-1073758654dentity in aa 113 - 459, 21% identity in aa 174 - 486, 20% identity in aa 58 - 497, 19% identity in aa 2 - 486, 19% identity in aa 88 - 534, 20% identity in aa 125 - 463, 18% identity in aa 98 - 482, 22% identity in aa 645 - 1110, 19-1073758588dentity in aa 780 - 1104, 24% identity in aa 968 - 1113, 26-1073758532dentity in aa 961 - 1047, 22% identity in aa 967 - 1089, 22% identity in aa 962 - 1116, 29% identity in aa 965 - 1093, 23% identity in aa 1006 - 1114, 20-1073758588dentity in aa 765 - 859, 29% identity in aa 1011 - 1083, 23% identity in aa 982 - 1117, 24-1073758532dentity in aa 807 - 859, 25% identity in aa 965 - 1114, 25% identity in aa 787 - 873, 19% identity in aa 829 - 859	1
AE006468	AAL22551.1	LctP transporter	similar to E. coli L-lactate permease (AAC76627.1); Blastp hit to AAC76627.1 (551 aa), 94% identity in aa 1 - 551	1
AE006468	AAL22552.1	putative transcriptional GntR family regulator for lct operon	similar to E. coli transcriptional regulator (AAC76628.1); Blastp hit to AAC76628.1 (258 aa), 86% identity in aa 1 - 258	1
AE006468	AAL22553.1	L-lactate dehydrogenase	similar to E. coli L-lactate dehydrogenase (AAC76629.1); Blastp hit to AAC76629.1 (396 aa), 94% identity in aa 1 - 396	1
AE006468	AAL22554.1	putative tRNA/rRNA methyltransferase	similar to E. coli orf, hypothetical protein (AAC76630.1); Blastp hit to AAC76630.1 (157 aa), 94% identity in aa 1 - 156	1
AE006468	AAL22555.1	putative transcriptional regulator	similar to E. coli L-idonate transcriptional regulator (AAC77221.1); Blastp hit to AAC77221.1 (332 aa), 30% identity in aa 7 - 326	1
AE006468	AAL22556.1	putative mandelate racemase	muconate lactonizing enzyme family; similar to E. coli starvation sensing protein (AAC74653.1); Blastp hit to AAC74653.1 (404 aa), 32% identity in aa 18 - 153, 26% identity in aa 198 - 379, 42% identity in aa 370 - 388	1
AE006468	AAL22557.1	putative permease	similar to E. coli putative transport protein (AAC75831.1); Blastp hit to AAC75831.1 (450 aa), 49% identity in aa 9 - 444	1
AE006468	AAL22558.1	serine acetyltransferase	serine acetyltransferase. (SW:CYSE_SALTY)	1
AE006468	AAL22559.1	glycerol-3-phosphate dehydrogenase (NAD+)	glycerol-3-phosphate dehydrogenase [NAD+]. (SW:GPDA_SALTY)	1
AE006468	AAL22560.1	molecular chaperone in protein export	similar to E. coli protein export; molecular chaperone; may bind to signel sequence (AAC76633.1); Blastp hit to AAC76633.1 (155 aa), 96% identity in aa 1 - 155	1
AE006468	AAL22561.1	glutaredoxin 3	similar to E. coli glutaredoxin 3 (AAC76634.1); Blastp hit to AAC76634.1 (83 aa), 89% identity in aa 1 - 83	1
AE006468	AAL22562.1	putative rhodanese-related sulfurtransferases	similar to E. coli orf, hypothetical protein (AAC76635.1); Blastp hit to AAC76635.1 (143 aa), 93% identity in aa 1 - 143	1
AE006468	AAL22563.1	phosphoglyceromutase	similar to E. coli putative 2,3-bisphosphoglycerate-independent phosphoglycerate mutase (AAC76636.1); Blastp hit to AAC76636.1 (514 aa), 94% identity in aa 1 - 514	1
AE006468	AAL22564.1	putative membrane protein	similar to E. coli putative membrane protein (AAC76637.1); Blastp hit to AAC76637.1 (427 aa), 91% identity in aa 1 - 427	1
AE006468	AAL22565.1	putative periplasmic protein	similar to E. coli orf, hypothetical protein (AAC76638.1); Blastp hit to AAC76638.1 (277 aa), 81% identity in aa 1 - 276	1
AE006468	AAL22566.1	putative glycosyltransferase	similar to E. coli putative regulator (AAC76639.1); Blastp hit to AAC76639.1 (344 aa), 80% identity in aa 1 - 343	1
AE006468	AAL22567.1	threonine 3-dehydrogenase	similar to E. coli threonine dehydrogenase (AAC76640.1); Blastp hit to AAC76640.1 (341 aa), 97% identity in aa 1 - 341	1
AE006468	AAL22568.1	2-amino-3-ketobutyrate CoA ligase	glycine acetyltransferase; 2-amino-3-ketobutyrate coenzyme A ligase. (SW:KBL_SALTY)	1
AE006468	AAL22569.1	ADP-L-glycero-D-mannoheptose-6-epimerase	ADP-L-glycero-D-manno-heptose-6-epimerase. (SW:RFAD_SALTY)	1
AE006468	AAL22570.1	ADP-heptose; LPS heptosyltransferase 1	AFP-heptose--lps heptosyltransferase II. (SW:RFAF_SALTY)	1
AE006468	AAL22571.1	heptosyl transferase I	lipopolysaccharide heptosyltransferase-1. (SW:RFAC_SALTY)	1
AE006468	AAL22572.1	O-antigen ligase	O-antigen ligase. (SW:RFAL_SALTY)	1
AE006468	AAL22573.1	putative hexose transferase	lipopolysaccharide core biosynthesis; lipopolysaccharide 1,2-N-acetylglucosaminetransferase. (SW:RFAK_SALTY)	1
AE006468	AAL22574.1	lipopolysaccharide core biosynthesis protein	lipopolysaccharide core biosynthesis protein RFAZ. (SW:RFAZ_SALTY)	1
AE006468	AAL22575.1	lipopolysaccharide core biosynthesis protein	modification of heptose region of the core; lipopolysaccharide core biosynthesis protein RFAY. (SW:RFAY_SALTY)	1
AE006468	AAL22576.1	UDP-D-glucose:(galactosyl)lipopolysaccharide glucosyltransferase	lipopolysaccharide 1,2-glucosyltransferase. (SW:RFAJ_SALTY)	1
AE006468	AAL22577.1	UDP-D-galactose:(glucosyl)lipopolysaccharide- alpha-1,3-D-galactosyltransferase	lipopolysaccharide 1,3-galactosyltransferase. (SW:RFAI_SALTY)	1
AE006468	AAL22578.1	UDP-D-galactose:(glucosyl)lipopolysaccharide-1, 6-D-galactosyltransferase	lipopolysaccharide 1,6-galactosyltransferase. (SW:RFAB_SALTY)	1
AE006468	AAL22579.1	putative inner membrane protein	hypothetical 9.0 Kda protein in rfaB-rfaP intergenic region. (SW:YIBR_SALTY)	1
AE006468	AAL22580.1	lipopolysaccharide core biosynthesis protein	phosphorylation of core heptose; lipopolysaccharide core biosynthesis protein RFAP. (SW:RFAP_SALTY)	1
AE006468	AAL22581.1	glucosyltransferase I	similar to E. coli glucosyltransferase I; lipopolysaccharide core biosynthesis (AAC76655.1); Blastp hit to AAC76655.1 (374 aa), 86% identity in aa 1 - 374	1
AE006468	AAL22582.1	lipopolysaccharide core biosynthesis protein	modification of heptose region of core; similar to E. coli lipopolysaccharide core biosynthesis (AAC76656.1); Blastp hit to AAC76656.1 (344 aa), 78% identity in aa 1 - 344	1
AE006468	AAL22583.1	3-deoxy-D-manno-octulosonic-acid transferase	KDO transferase; similar to E. coli 3-deoxy-D-manno-octulosonic-acid transferase (KDO transferase) (AAC76657.1); Blastp hit to AAC76657.1 (425 aa), 96% identity in aa 1 - 425	1
AE006468	AAL22584.1	phosphopantetheine adenylyltransferase	similar to E. coli putative enzyme of lipopolysaccharide synthesis (AAC76658.1); Blastp hit to AAC76658.1 (159 aa), 93% identity in aa 1 - 158	1
AE006468	AAL22585.1	formamidopyrimidine DNA glycosylase	formamidopyrimidine-DNA glycosylase. (SW:FPG_SALTY)	1
AE006468	AAL22586.1	50S ribosomal subunit protein L33	50S ribosomal protein L33. (SW:RL33_ECOLI)	1
AE006468	AAL22587.1	50S ribosomal subunit protein L28	50S ribosomal protein L28. (SW:RL28_SALTY)	1
AE006468	AAL22588.1	putative DNA repair protein	associated with replication forks; similar to E. coli DNA repair protein (AAC76662.1); Blastp hit to AAC76662.1 (224 aa), 83% identity in aa 10 - 224	1
AE006468	AAL22589.1	flavoprotein	affecting synthesis of DNA and pantothenate metabolism; similar to E. coli flavoprotein affecting synthesis of DNA and pantothenate metabolism (AAC76663.1); Blastp hit to AAC76663.1 (430 aa), 92% identity in aa 24 - 430	1
AE006468	AAL22590.1	deoxyuridinetriphosphatase	similar to E. coli deoxyuridinetriphosphatase (AAC76664.1); Blastp hit to AAC76664.1 (151 aa), 92% identity in aa 1 - 151	1
AE006468	AAL22591.1	putative TetR/ArcR family transcriptional regulator	similar to E. coli putative transcriptional regulator (AAC76665.1); Blastp hit to AAC76665.1 (212 aa), 96% identity in aa 15 - 212	1
AE006468	AAL22592.1	orotate phosphoribosyltransferase	orotate phosphoribosyltransferase. (SW:PYRE_SALTY)	1
AE006468	AAL22593.1	RNase PH	ribonuclease PH. (SW:RNPH_SALTY)	1
AE006468	AAL22594.1	putative stress-induced protein	similar to E. coli putative alpha helix protein (AAC76668.1); Blastp hit to AAC76668.1 (287 aa), 96% identity in aa 1 - 287	1
AE006468	AAL22595.1	putative LysR family transcriptional regulator	similar to E. coli putative transcriptional regulator LYSR-type (AAC73730.1); Blastp hit to AAC73730.1 (266 aa), 25% identity in aa 2 - 219	1
AE006468	AAL22596.1	putative Zn-dependent hydrolase	including glyoxylases; similar to E. coli orf, hypothetical protein (AAC74013.1); Blastp hit to AAC74013.1 (215 aa), 28% identity in aa 28 - 135	1
AE006468	AAL22597.1	putative inner membrane protein	similar to E. coli orf, hypothetical protein (AAC76670.1); Blastp hit to AAC76670.1 (223 aa), 94% identity in aa 19 - 223	1
AE006468	AAL22598.1	putative DNA ligase	similar to E. coli putative enzyme (AAC76671.1); Blastp hit to AAC76671.1 (562 aa), 69% identity in aa 3 - 560	1
AE006468	AAL22599.1	guanylate kinase	similar to E. coli guanylate kinase (AAC76672.1); Blastp hit to AAC76672.1 (207 aa), 95% identity in aa 1 - 207	1
AE006468	AAL22600.1	RNA polymerase, omega subunit	similar to E. coli RNA polymerase, omega subunit (AAC76673.1); Blastp hit to AAC76673.1 (91 aa), 100% identity in aa 1 - 91	1
AE006468	AAL22601.1	(p)ppGpp synthetase II	bifunctional; similar to E. coli (p)ppGpp synthetase II; also guanosine-3',5'-bis pyrophosphate 3'-pyrophosphohydrolase (AAC76674.1); Blastp hit to AAC76674.1 (702 aa), 98% identity in aa 1 - 702	1
AE006468	AAL22602.1	putative tRNA/rRNA methyltransferase	similar to E. coli putative RNA methylase (AAC76675.1); Blastp hit to AAC76675.1 (229 aa), 96% identity in aa 1 - 229	1
AE006468	AAL22603.1	DNA helicase	resolution of Holliday junctions; branch migration; similar to E. coli DNA helicase, resolution of Holliday junctions, branch migration (AAC76676.1); Blastp hit to AAC76676.1 (693 aa), 94% identity in aa 1 - 693	1
AE006468	AAL22604.1	putative cytoplasmic protein		1
AE006468	AAL22605.1	GltS family glutamate transport protein	similar to E. coli glutamate transport (AAC76677.1); Blastp hit to AAC76677.1 (401 aa), 92% identity in aa 1 - 401	1
AE006468	AAL22606.1	putative NCS2 family purine/xanthine transport protein	similar to E. coli putative transport protein (AAC76678.1); Blastp hit to AAC76678.1 (463 aa), 95% identity in aa 1 - 462	1
AE006468	AAL22607.1	putative inner membrane protein	similar to E. coli orf, hypothetical protein (AAC76679.1); Blastp hit to AAC76679.1 (569 aa), 80% identity in aa 1 - 567	1
AE006468	AAL22608.1	putative alpha-xylosidase	similar to E. coli orf, hypothetical protein (AAC76680.1); Blastp hit to AAC76680.1 (772 aa), 88% identity in aa 1 - 772	1
AE006468	AAL22609.1	putative GPH family transport protein	similar to E. coli putative permease (AAC76681.1); Blastp hit to AAC76681.1 (479 aa), 91% identity in aa 20 - 479	1
AE006468	AAL22610.1	putative cytoplasmic protein	Pathogenicity island encoded protein: SPI3	1
AE006468	AAL22611.1	ATP binding protein	putative cytoplasmic protein; Pathogenicity island encoded protein: SPI3; putative ATP binding protein SugR (gi|4324607)	1
AE006468	AAL22612.1	putative cytoplasmic protein	Pathogenicity island encoded protein: SPI3; putative ATP binding protein SugR (gi|4324607)	1
AE006468	AAL22613.1	putative cytoplasmic protein	Pathogenicity island encoded protein: SPI3; RhuM (gi|4324608)	1
AE006468	AAL22614.1	putative cytoplasmic protein	Pathogenicity island encoded protein: SPI3; RmbA (gi|4324609)	1
AE006468	AAL22615.1	putative autotransported protein	Pathogenicity island encoded protein: SPI3; MisL (gi|4324610)	1
AE006468	AAL22616.1	putative inner membrane protein	Pathogenicity island encoded protein: SPI3; FidL (gi|4324611)	1
AE006468	AAL22617.1	putative transcriptional regulatory protein	Pathogenicity island encoded protein: SPI3; putative transcriptional regulator MarT (gi|4324612)	1
AE006468	AAL22618.1	putative cytoplasmic protein	Pathogenicity island encoded protein: SPI3	1
AE006468	AAL22619.1	putative inner membrane protein	Pathogenicity island encoded protein: SPI3; SlsA (gi|4324613)	1
AE006468	AAL22620.1	putative inner membrane protein	Pathogenicity island encoded protein: SPI3; CigR (gi|4324614)	1
AE006468	AAL22621.1	Mg2+ transport protein	Pathogenicity island encoded protein: SPI3; Mg(2+) transport ATPase, P-type 2. (SW:ATMB_SALTY)	1
AE006468	AAL22622.1	Mg2+ transport protein	Pathogenicity island encoded protein: SPI3; Mg(2+) transport ATPase protein C. (SW:ATMC_SALTY)	1
AE006468	AAL22623.1	putative permease	integral membrane protein; hypothetical protein in selC 3'region. (SW:YICL_SALTY)	1
AE006468	AAL22624.1	putative cytoplasmic protein	similar to E. coli orf, hypothetical protein (AAC75365.1); Blastp hit to AAC75365.1 (296 aa), 67% identity in aa 1 - 278, 45% identity in aa 216 - 296	1
AE006468	AAL22625.1	putative cytoplasmic protein		1
AE006468	AAL22626.1	putative selenocysteine synthase (L-seryl-tRNA(Ser) selenium transferase)		1
AE006468	AAL22627.1	putative phosphotransferase system enzyme II	similar to E. coli PTS enzyme IID, mannose-specific (AAC74889.1); Blastp hit to AAC74889.1 (286 aa), 39% identity in aa 16 - 286	1
AE006468	AAL22628.1	putative phosphotransferase system enzyme IIC	similar to E. coli PTS system N-acetylgalactosamine-specific IIC component 1 (AAC76173.1); Blastp hit to AAC76173.1 (267 aa), 31% identity in aa 19 - 232	1
AE006468	AAL22629.1	putative phosphotransferase system enzyme IIB	similar to E. coli PTS enzyme IIAB, mannose-specific (AAC74887.1); Blastp hit to AAC74887.1 (323 aa), 29% identity in aa 164 - 320	1
AE006468	AAL22630.1	putative phosphotransferase system enzyme IIA		1
AE006468	AAL22631.1	putative NtrC family transcriptional regulator	ATPase domain; similar to E. coli psp operon transcriptional activator (AAC74385.1); Blastp hit to AAC74385.1 (330 aa), 33% identity in aa 12 - 239	1
AE006468	AAL22632.1	putative inner membrane protein		1
AE006468	AAL22633.1	putative glycosyl hydrolase family	similar to E. coli 6-phospho-beta-glucosidase; cryptic (AAC75758.1); Blastp hit to AAC75758.1 (474 aa), 34% identity in aa 4 - 472	1
AE006468	AAL22634.1	putative MFS family tranport protein	1st mdule; similar to E. coli putative transport protein (AAC76685.1); Blastp hit to AAC76685.1 (451 aa), 87% identity in aa 56 - 448	1
AE006468	AAL22635.1	putative cytoplasmic protein		1
AE006468	AAL22636.1	putative helix-turn-helix protein		1
AE006468	AAL22637.1	putative phosphotransferase system	HPr-related protein; similar to E. coli PTS system protein HPr (AAC75468.1); Blastp hit to AAC75468.1 (85 aa), 28% identity in aa 1 - 83	1
AE006468	AAL22638.1	putative fructose-bisphosphate aldolase class-II	similar to E. coli tagatose-bisphosphate aldolase 2 (AAC76171.1); Blastp hit to AAC76171.1 (286 aa), 36% identity in aa 1 - 277	1
AE006468	AAL22639.1	putative sugar (pentulose and hexulose) kinase	similar to E. coli L-fuculokinase (AAC75845.1); Blastp hit to AAC75845.1 (482 aa), 24% identity in aa 17 - 444	1
AE006468	AAL22640.1	putative PTS system galactitol-specific enzyme IIC component	similar to E. coli PTS system galactitol-specific enzyme IIC (AAC75153.1); Blastp hit to AAC75153.1 (451 aa), 40% identity in aa 5 - 432	1
AE006468	AAL22641.1	putative periplasmic protein	similar to E. coli galactitol-specific enzyme IIB of phosphotransferase system (AAC75154.1); Blastp hit to AAC75154.1 (94 aa), 37% identity in aa 1 - 94	1
AE006468	AAL22642.1	putative phosphotransferase system mannitol/fructose-specific IIA domain containing protein	similar to E. coli galactitol-specific enzyme IIA of phosphotransferase system (AAC75155.1); Blastp hit to AAC75155.1 (150 aa), 23% identity in aa 5 - 143	1
AE006468	AAL22643.1	putative gntR family regulatory protein	similar to E. coli transcriptional regulator of succinylCoA synthetase operon (AAC73824.1); Blastp hit to AAC73824.1 (240 aa), 31% identity in aa 3 - 216	1
AE006468	AAL22644.1	putative inner membrane protein	similar to E. coli orf, hypothetical protein (AAC76686.1); Blastp hit to AAC76686.1 (159 aa), 82% identity in aa 10 - 159	1
AE006468	AAL22645.1	MFS family hexose phosphate transport protein	hexose phosphate transport protein. (SW:UHPT_SALTY)	1
AE006468	AAL22646.1	regulator of uhpT expression	membrane protein; regulatory protein UHPC. (SW:UHPC_SALTY)	1
AE006468	AAL22647.1	sensory histidine kinase in two-component regulatory sytem with UhpA	sensor protein UHPB. (SW:UHPB_SALTY)	1
AE006468	AAL22648.1	response regulator (repressor) in two-component regulatory system wtih UhpB	regulates uhpT operon; LuxR/UhpA family; transcriptional regulatory protein UHPA. (SW:UHPA_SALTY)	1
AE006468	AAL22649.1	putative cytoplasmic protein		1
AE006468	AAL22650.1	putative L-fucose permease	similar to E. coli fucose permease (AAC75843.1); Blastp hit to AAC75843.1 (438 aa), 34% identity in aa 17 - 428	1
AE006468	AAL22651.1	putative sugar kinase	ribokinase family; similar to E. coli ribokinase (AAC76775.1); Blastp hit to AAC76775.1 (309 aa), 36% identity in aa 7 - 305	1
AE006468	AAL22652.1	putative deoR family regulatory protein	similar to E. coli transcriptional repressor for deo operon, tsx, nupG (AAC73927.1); Blastp hit to AAC73927.1 (252 aa), 38% identity in aa 1 - 251	1
AE006468	AAL22653.1	acetolactate synthase I, small subunit	similar to E. coli acetolactate synthase I, valine sensitive, small subunit (AAC76693.1); Blastp hit to AAC76693.1 (96 aa), 90% identity in aa 1 - 96	1
AE006468	AAL22654.1	acetolactate synthase I, large subunit	valine sensitive; similar to E. coli acetolactate synthase I,valine-sensitive, large subunit (AAC76694.1); Blastp hit to AAC76694.1 (562 aa), 91% identity in aa 1 - 562	1
AE006468	AAL22655.1	ilvB operon leader peptide	similar to E. coli ilvB operon leader peptide (AAC76695.1); Blastp hit to AAC76695.1 (32 aa), 84% identity in aa 1 - 32	1
AE006468	AAM89474.1	YsdA		1
AE006468	AAL22656.1	conserved protein in the LexA regulon		1
AE006468	AAL22657.1	integral membrane protein		1
AE006468	AAL22658.1	MFS family multidrug tranport protein	similar to E. coli 2-module integral membrane pump; multidrug resistance (AAC76696.1); Blastp hit to AAC76696.1 (396 aa), 92% identity in aa 3 - 396	1
AE006468	AAL22659.1	putative periplasmic protein		1
AE006468	AAL22660.1	LysR family transcriptional activator	similar to E. coli D-serine dehydratase (deaminase) transcriptional activator (AAC75423.1); Blastp hit to AAC75423.1 (311 aa), 90% identity in aa 1 - 307	1
AE006468	AAL22661.1	putative Gnt family transport protein	similar to E. coli transport system permease (serine?) (AAC75424.1); Blastp hit to AAC75424.1 (445 aa), 93% identity in aa 1 - 445	1
AE006468	AAL22662.1	D-serine deaminase	similar to E. coli D-serine dehydratase (deaminase) (AAC75425.1); Blastp hit to AAC75425.1 (442 aa), 89% identity in aa 1 - 442	1
AE006468	AAL22663.1	putative cytoplasmic protein	similar to E. coli putative transcriptional regulator (AAC76697.1); Blastp hit to AAC76697.1 (165 aa), 48% identity in aa 1 - 165	1
AE006468	AAL22664.1	putative inner membrane protein	similar to E. coli orf, hypothetical protein (AAC76698.1); Blastp hit to AAC76698.1 (120 aa), 82% identity in aa 1 - 116	1
AE006468	AAL22665.1	putative inner membrane protein	similar to E. coli orf, hypothetical protein (AAC76699.1); Blastp hit to AAC76699.1 (115 aa), 94% identity in aa 1 - 115	1
AE006468	AAL22666.1	putative transport protein	similar to E. coli putative transport protein (AAC76708.1); Blastp hit to AAC76708.1 (561 aa), 88% identity in aa 9 - 561	1
AE006468	AAL22667.1	small heat shock protein	similar to E. coli heat shock protein (AAC76709.1); Blastp hit to AAC76709.1 (144 aa), 88% identity in aa 3 - 144	1
AE006468	AAL22668.1	small heat shock protein	similar to E. coli heat shock protein (AAC76710.1); Blastp hit to AAC76710.1 (137 aa), 97% identity in aa 1 - 137	1
AE006468	AAL22669.1	putative outer membrane lipoprotein	similar to E. coli orf, hypothetical protein (AAC76711.1); Blastp hit to AAC76711.1 (135 aa), 82% identity in aa 25 - 133	1
AE006468	AAL22670.1	putative cytoplasmic protein	similar to E. coli orf, hypothetical protein (AAC76712.1); Blastp hit to AAC76712.1 (416 aa), 79% identity in aa 13 - 416	1
AE006468	AAL22671.1	putative heme lyase subunit	cytochrome c-type biogenesis; similar to E. coli possible subunit of heme lyase (AAC75254.1); Blastp hit to AAC75254.1 (350 aa), 73% identity in aa 1 - 342	1
AE006468	AAL22672.1	heme lyase disulfide oxidoreductase	cytochrome c-type biogenesis; similar to E. coli disulfide oxidoreductase (in biogenesis of cytochrome c? (AAC75255.1); Blastp hit to AAC75255.1 (185 aa), 87% identity in aa 1 - 185	1
AE006468	AAL22673.1	cytochrome c-type biogenesis protein	similar to E. coli cytochrome c-type biogenesis protein (AAC75256.1); Blastp hit to AAC75256.1 (647 aa), 85% identity in aa 1 - 646	1
AE006468	AAL22674.1	periplasmic heme-dependent peroxidase	cytochrome c-type biogenesis protein; similar to E. coli cytochrome c biogenesis, possible subunit of a heme lyase (AAC75257.1); Blastp hit to AAC75257.1 (159 aa), 82% identity in aa 1 - 159	1
AE006468	AAL22675.1	heme exporter protein C	cytochrome c-type biogenesis protein; similar to E. coli heme exporter protein C (AAC75258.1); Blastp hit to AAC75258.1 (69 aa), 77% identity in aa 1 - 69	1
AE006468	AAL22676.1	ABC superfamily (membrane) heme exporter protein	cytochrome c-type biogenesis protein; similar to E. coli heme exporter protein C (AAC75259.1); Blastp hit to AAC75259.1 (245 aa), 86% identity in aa 1 - 245	1
AE006468	AAL22677.1	heme exporter protein	ABC superfamily (membrane); cytochrome c-type biogenesis protein; similar to E. coli heme exporter protein B, cytochrome c-type biogenesis protein (AAC75260.1); Blastp hit to AAC75260.1 (220 aa), 84% identity in aa 2 - 220	1
AE006468	AAL22678.1	heme exporter protein	ABC superfamily (atp_bind); cytochrome c-type biogenesis protein; similar to E. coli ATP binding protein of heme exporter A (AAC75261.1); Blastp hit to AAC75261.1 (205 aa), 79% identity in aa 1 - 200	1
AE006468	AAL22679.1	putative cytochrome c peroxidase	similar to E. coli putative cytochrome C peroxidase (AAC76543.1); Blastp hit to AAC76543.1 (465 aa), 82% identity in aa 2 - 463	1
AE006468	AAL22680.1	cytoplasmic chaperone which interacts with TorA	similar to E. coli part of trimethylamine-N-oxide oxidoreductase (AAC74083.1); Blastp hit to AAC74083.1 (199 aa), 63% identity in aa 4 - 195	1
AE006468	AAL22681.1	trimethylamine N-oxide reductase subunit	similar to E. coli trimethylamine N-oxide reductase subunit (AAC74082.1); Blastp hit to AAC74082.1 (848 aa), 90% identity in aa 1 - 845	1
AE006468	AAL22682.1	trimethylamine N-oxide reductase	cytochrome c-type subunit; also has activity as negativer regulator of tor operon; similar to E. coli trimethylamine N-oxide reductase, cytochrome c-type subunit (AAC74081.1); Blastp hit to AAC74081.1 (390 aa), 90% identity in aa 1 - 388	1
AE006468	AAL22683.1	response regulator in multi-component regualtory system wtih TorS (sensory kinase) and TorT (periplasmic sensor)	regulates tor operon (TorR family); similar to E. coli response transcriptional regulator for torA (sensor TorS) (AAC74080.1); Blastp hit to AAC74080.1 (230 aa), 81% identity in aa 1 - 229	1
AE006468	AAL22684.1	periplasmic sensor in multi-comopnent regulatory system with TorS (sensory kinase) and TorR (regulator)	regulates tor operon; similar to E. coli part of regulation of tor operon, periplasmic (AAC74079.1); Blastp hit to AAC74079.1 (342 aa), 65% identity in aa 1 - 342	1
AE006468	AAL22685.1	sensory kinase in multi-component regulatory system with TorR (regulator) and TorT (periplasmic sensor)	regulates tor operon; similar to E. coli sensor protein torS (regulator TorR) (AAC74078.1); Blastp hit to AAC74078.1 (904 aa), 62% identity in aa 1 - 896	1
AE006468	AAL22686.1	MFS family D-galactonate transport protein	similar to E. coli D-galactonate transport (AAC76714.1); Blastp hit to AAC76714.1 (445 aa), 90% identity in aa 1 - 445	1
AE006468	AAL22687.1	galactonate dehydratase	bifunctional; similar to E. coli 2-oxo-3-deoxygalactonate 6-phosphate aldolase and galactonate dehydratase (AAC76715.1); Blastp hit to AAC76715.1 (587 aa), 92% identity in aa 206 - 587	1
AE006468	AAL22688.1	2-oxo-3-deoxygalactonate kinase	similar to E. coli 2-oxo-3-deoxygalactonate kinase (AAC76716.1); Blastp hit to AAC76716.1 (292 aa), 81% identity in aa 1 - 292	1
AE006468	AAL22689.1	galactonate operon transcriptional repressor	GntR family; similar to E. coli regulator protein for dgo operon (AAC76718.1); Blastp hit to AAC76718.1 (128 aa), 94% identity in aa 1 - 112	1
AE006468	AAL22690.1	putative hydrolase of the HAD superfamily	similar to E. coli orf, hypothetical protein (AAC76720.1); Blastp hit to AAC76720.1 (270 aa), 93% identity in aa 1 - 270	1
AE006468	AAL22691.1	putative permease	similar to E. coli putative transport protein (AAC75831.1); Blastp hit to AAC75831.1 (450 aa), 27% identity in aa 15 - 435	1
AE006468	AAL22692.1	putative mandelate racemase	muconate lactonizing enzyme family; similar to E. coli starvation sensing protein (AAC74653.1); Blastp hit to AAC74653.1 (404 aa), 28% identity in aa 18 - 385	1
AE006468	AAL22693.1	putative LysR family transcriptional regulator	similar to E. coli putative transcriptional regulator LYSR-type (AAC73855.1); Blastp hit to AAC73855.1 (338 aa), 27% identity in aa 22 - 318	1
AE006468	AAL22694.1	DNA gyrase, subunit B	type II topoisomerase; DNA gyrase subunit B. (SW:GYRB_SALTY)	1
AE006468	AAL22695.1	gap repair protein	RECF protein. (SW:RECF_SALTY)	1
AE006468	AAL22696.1	DNA polymerase III, beta-subunit	DNA polymerase iii, beta chain. (SW:DP3B_SALTY)	1
AE006468	AAL22697.1	DNA replication initiator protein	chromosomal replication initiator protein DNAA. (SW:DNAA_SALTY)	1
AE006468	AAL22698.1	50S ribosomal subunit protein L34	similar to E. coli 50S ribosomal subunit protein L34 (AAC76726.1); Blastp hit to AAC76726.1 (46 aa), 100% identity in aa 1 - 46	1
AE006468	AAL22699.1	RNase P	protein component (protein C5); processes tRNA and 4.5S RNA; similar to E. coli RNase P, protein component; protein C5; processes tRNA, 4.5S RNA (AAC76727.1); Blastp hit to AAC76727.1 (119 aa), 97% identity in aa 1 - 119	1
AE006468	AAL22700.1	putative inner membrane protein		1
AE006468	AAL22701.1	putative preprotein translocase subunit YidC	similar to E. coli 60 KD inner-membrane protein (AAC76728.1); Blastp hit to AAC76728.1 (548 aa), 95% identity in aa 1 - 548	1
AE006468	AAL22702.1	GTPase for tRNA modification and thiophene and furan oxidation	similar to E. coli GTP-binding protein in thiophene and furan oxidation (AAC76729.1); Blastp hit to AAC76729.1 (454 aa), 94% identity in aa 1 - 454	1
AE006468	AAL22703.1	putative inner membrane protein		1
AE006468	AAL22704.1	putative reverse transcriptase	RNA-dependent DNA polymerase	1
AE006468	AAL22705.1	putative MFS family tranport protein	1st mdule; similar to E. coli putative transport protein (AAC76733.1); Blastp hit to AAC76733.1 (391 aa), 77% identity in aa 1 - 391	1
AE006468	AAL22706.1	putative LysR family transcriptional regulator	similar to E. coli putative transcriptional regulator LYSR-type (AAC76734.1); Blastp hit to AAC76734.1 (319 aa), 85% identity in aa 1 - 314	1
AE006468	AAL22707.1	putative cytoplasmic protein	similar to E. coli orf, hypothetical protein (AAC76735.1); Blastp hit to AAC76735.1 (253 aa), 77% identity in aa 5 - 253	1
AE006468	AAL22708.1	putative oxidoreductase	similar to E. coli orf, hypothetical protein (AAC76736.1); Blastp hit to AAC76736.1 (188 aa), 92% identity in aa 1 - 187	1
AE006468	AAL22709.1	putative xanthine/uracil permeases family	similar to E. coli putative membrane / transport protein (AAC76737.1); Blastp hit to AAC76737.1 (445 aa), 96% identity in aa 1 - 445	1
AE006468	AAL22710.1	putative phosphatase/phosphohexomutase	similar to E. coli putative phosphatase (AAC76738.1); Blastp hit to AAC76738.1 (221 aa), 81% identity in aa 1 - 220	1
AE006468	AAL22711.1	regulatory gene for high affinity phosphate uptake	similar to E. coli negative regulator for pho regulon and putative enzyme in phosphate metabolism (AAC76747.1); Blastp hit to AAC76747.1 (241 aa), 95% identity in aa 1 - 238	1
AE006468	AAL22712.1	high-affinity phosphate transporter	ABC superfamily (atp_bind); similar to E. coli ATP-binding component of high-affinity phosphate-specific transport system (AAC76748.1); Blastp hit to AAC76748.1 (257 aa), 98% identity in aa 1 - 257	1
AE006468	AAL22713.1	high-affinity phosphate transporter	ABC superfamily (membrane); similar to E. coli high-affinity phosphate-specific transport system (AAC76749.1); Blastp hit to AAC76749.1 (296 aa), 95% identity in aa 1 - 296	1
AE006468	AAL22714.1	high-affinity phosphate transporter	ABC superfamily (membrane); similar to E. coli high-affinity phosphate-specific transport system, cytoplasmic membrane component (AAC76750.1); Blastp hit to AAC76750.1 (319 aa), 97% identity in aa 1 - 319	1
AE006468	AAL22715.1	high-affinity phosphate transporter	ABC superfamily (bind_prot); similar to E. coli high-affinity phosphate-specific transport system; periplasmic phosphate-binding protein (AAC76751.1); Blastp hit to AAC76751.1 (346 aa), 92% identity in aa 1 - 346	1
AE006468	AAL22716.1	putative phosphotransferase system fructose-specific component IIB	similar to E. coli PTS system, fructose-specific transport protein (AAC75228.1); Blastp hit to AAC75228.1 (563 aa), 66% identity in aa 104 - 552	1
AE006468	AAL22717.1	putative shikimate	similar to E. coli dehydroshikimate reductase (AAC76306.1); Blastp hit to AAC76306.1 (272 aa), 26% identity in aa 20 - 258; quinate 5-dehydrogenase	1
AE006468	AAL22718.1	putative dipeptide/oligopeptide/nickel ABC-type transport systems	periplasmic component; similar to E. coli putative transport protein (AAC73180.1); Blastp hit to AAC73180.1 (551 aa), 49% identity in aa 1 - 309, 29% identity in aa 297 - 548	1
AE006468	AAL22719.1	L-glutamine:D-fructose-6-phosphate aminotransferase	similar to E. coli L-glutamine:D-fructose-6-phosphate aminotransferase (AAC76752.1); Blastp hit to AAC76752.1 (609 aa), 99% identity in aa 1 - 609	1
AE006468	AAL22720.1	N-acetyl glucosamine-1-phosphate uridyltransferase	similar to E. coli N-acetyl glucosamine-1-phosphate uridyltransferase (AAC76753.1); Blastp hit to AAC76753.1 (456 aa), 91% identity in aa 1 - 456; glucosamine-1-phosphate acetyl transferase	1
AE006468	AAL22721.1	putative permease		1
AE006468	AAL22722.1	membrane-bound ATP synthase, F1 sector, epsilon-subunit	similar to E. coli membrane-bound ATP synthase, F1 sector, epsilon-subunit (AAC76754.1); Blastp hit to AAC76754.1 (139 aa), 97% identity in aa 1 - 139	1
AE006468	AAL22723.1	membrane-bound ATP synthase, F1 sector, beta-subunit	similar to E. coli membrane-bound ATP synthase, F1 sector, beta-subunit (AAC76755.1); Blastp hit to AAC76755.1 (460 aa), 99% identity in aa 1 - 460	1
AE006468	AAL22724.1	membrane-bound ATP synthase, F1 sector, gamma-subunit	similar to E. coli membrane-bound ATP synthase, F1 sector, gamma-subunit (AAC76756.1); Blastp hit to AAC76756.1 (287 aa), 96% identity in aa 1 - 287	1
AE006468	AAL22725.1	membrane-bound ATP synthase, F1 sector, alpha-subunit	similar to E. coli membrane-bound ATP synthase, F1 sector, alpha-subunit (AAC76757.1); Blastp hit to AAC76757.1 (513 aa), 98% identity in aa 1 - 513	1
AE006468	AAL22726.1	membrane-bound ATP synthase, F1 sector, delta-subunit	similar to E. coli membrane-bound ATP synthase, F1 sector, delta-subunit (AAC76758.1); Blastp hit to AAC76758.1 (177 aa), 94% identity in aa 1 - 177	1
AE006468	AAL22727.1	membrane-bound ATP synthase, F0 sector, subunit b	similar to E. coli membrane-bound ATP synthase, F0 sector, subunit b (AAC76759.1); Blastp hit to AAC76759.1 (156 aa), 96% identity in aa 1 - 156	1
AE006468	AAL22728.1	membrane-bound ATP synthase, F0 sector, subunit c	ATP synthase C chain. (SW:ATPL_ECOLI)	1
AE006468	AAL22729.1	membrane-bound ATP synthase, F0 sector, subunit a	important for FO assembly; similar to E. coli membrane-bound ATP synthase, F0 sector, subunit a (AAC76761.1); Blastp hit to AAC76761.1 (271 aa), 96% identity in aa 1 - 271	1
AE006468	AAL22730.1	membrane-bound ATP synthase subunit, F1-F0-type proton-ATPase	similar to E. coli membrane-bound ATP synthase, dispensable protein, affects expression of atpB (AAC76762.1); Blastp hit to AAC76762.1 (130 aa), 91% identity in aa 5 - 130	1
AE006468	AAL22731.1	associated with glucose-inhibited division	similar to E. coli glucose-inhibited division; chromosome replication? (AAC76763.1); Blastp hit to AAC76763.1 (207 aa), 85% identity in aa 1 - 207	1
AE006468	AAL22732.1	associated with glucose-inhibited division	similar to E. coli glucose-inhibited division; chromosome replication? (AAC76764.1); Blastp hit to AAC76764.1 (629 aa), 97% identity in aa 1 - 629	1
AE006468	AAL22733.1	initiation of chromosome replication	similar to E. coli initiation of chromosome replication (AAC76765.1); Blastp hit to AAC76765.1 (147 aa), 87% identity in aa 1 - 147	1
AE006468	AAL22734.1	transcriptional regulator for asnA, gidA	AsnC family; similar to E. coli regulator for asnA, asnC and gidA (AAC76766.1); Blastp hit to AAC76766.1 (152 aa), 97% identity in aa 1 - 152	1
AE006468	AAL22735.1	asparagine synthetase A	similar to E. coli asparagine synthetase A (AAC76767.1); Blastp hit to AAC76767.1 (330 aa), 94% identity in aa 1 - 330	1
AE006468	AAL22736.1	putative inner membrane protein	similar to E. coli orf, hypothetical protein (AAC76768.1); Blastp hit to AAC76768.1 (427 aa), 89% identity in aa 1 - 427	1
AE006468	AAL22737.1	putative regulator protein	similar to E. coli putative 2-component regulator (AAC76769.1); Blastp hit to AAC76769.1 (506 aa), 86% identity in aa 9 - 506	1
AE006468	AAL22738.1	KUP family low affinity potassium transport system	similar to E. coli low affinity potassium transport system (AAC76770.1); Blastp hit to AAC76770.1 (519 aa), 96% identity in aa 1 - 505	1
AE006468	AAL22739.1	D-ribose high-affinity transport system	membrane-associated protein; similar to E. coli D-ribose high-affinity transport system; membrane-associated protein (AAC76771.1); Blastp hit to AAC76771.1 (151 aa), 87% identity in aa 13 - 151	1
AE006468	AAL22740.1	D-ribose high-affinity transport protein	ABC superfamily (atp_bind); similar to E. coli ATP-binding component of D-ribose high-affinity transport system (AAC76772.1); Blastp hit to AAC76772.1 (501 aa), 96% identity in aa 1 - 501	1
AE006468	AAL22741.1	D-ribose high-affinity transport protein (1st module, ATP-binding subunit)	ABC superfamily (membrane); similar to E. coli D-ribose high-affinity transport system (AAC76773.1); Blastp hit to AAC76773.1 (321 aa), 96% identity in aa 1 - 321	1
AE006468	AAL22742.1	D-ribose transport protein	ABC superfamily (peri_perm); D-ribose-binding periplasmic protein precursor. (SW:RBSB_SALTY)	1
AE006468	AAL22743.1	ribokinase	similar to E. coli ribokinase (AAC76775.1); Blastp hit to AAC76775.1 (309 aa), 88% identity in aa 1 - 308	1
AE006468	AAL22744.1	transcriptional repressor for rbs operon (GalR/LacI family)	similar to E. coli regulator for rbs operon (AAC76776.1); Blastp hit to AAC76776.1 (330 aa), 89% identity in aa 1 - 329	1
AE006468	AAL22745.1	putative MFS family tranport protein	1st mdule; similar to E. coli putative transport protein (AAC76777.1); Blastp hit to AAC76777.1 (475 aa), 86% identity in aa 1 - 475	1
AE006468	AAL22746.1	putative gntR family regulatory protein	similar to E. coli orf, hypothetical protein (AAC76778.1); Blastp hit to AAC76778.1 (181 aa), 82% identity in aa 1 - 181	1
AE006468	AAL22747.1	putative LysR family transcriptional regulator	similar to E. coli orf, hypothetical protein (AAC77483.1); Blastp hit to AAC77483.1 (198 aa), 83% identity in aa 1 - 196	1
AE006468	AAL22748.1	putative LysR type transcriptional regulator with pssR	similar to E. coli orf, hypothetical protein (AAC77485.1); Blastp hit to AAC77485.1 (112 aa), 95% identity in aa 1 - 112	1
AE006468	AAL22749.1	putative magnesium chelatase, subunit ChlI	hypothetical 55.0 Kda protein in pssR-ilLl intergenic region. (SW:YIFB_SALTY)	1
AE006468	AAL22750.1	ilvGEDA operon leader peptide	ilvGmedA operon leader peptide (attenuator peptide). (SW:LPID_ECOLI)	1
AE006468	AAL22751.1	acetolactate synthase II, large subunit	fragment 1; cryptic; similar to E. coli acetolactate synthase II, large subunit, cryptic, interrupted (AAC77488.1); Blastp hit to AAC77488.1 (327 aa), 93% identity in aa 1 - 325	1
AE006468	AAL22752.1	acetolactate synthase II, small subunit	similar to E. coli acetolactate synthase II, valine insensitive, small subunit (AAC77489.1); Blastp hit to AAC77489.1 (87 aa), 93% identity in aa 2 - 87	1
AE006468	AAL22753.1	branched-chain amino-acid aminotransferase	branched-chain amino acid aminotransferase. (SW:ILVE_SALTY)	1
AE006468	AAL22754.1	dihydroxyacid dehydratase	dihydroxy-acid dehydratase. (SW:ILVD_SALTY)	1
AE006468	AAL22755.1	threonine deaminase	threonine dehydratase biosynthetic. (SW:THD1_SALTY)	1
AE006468	AAL22756.1	putative cytoplasmic protein		1
AE006468	AAL22757.1	putative cytoplasmic protein		1
AE006468	AAL22758.1	positive LysR family regulator for ilvC	similar to E. coli positive regulator for ilvC (AAC77493.1); Blastp hit to AAC77493.1 (297 aa), 97% identity in aa 1 - 295	1
AE006468	AAL22759.1	ketol-acid reductoisomerase	ketol-acid reductoisomerase. (SW:ILVC_SALTY)	1
AE006468	AAL22760.1	peptidyl-prolyl cis-trans isomerase C	similar to E. coli peptidyl-prolyl cis-trans isomerase C (rotamase C) (AAC76780.1); Blastp hit to AAC76780.1 (93 aa), 94% identity in aa 1 - 92	1
AE006468	AAL22761.1	putative inner membrane protein	similar to E. coli required for NMN transport (AAC73838.1); Blastp hit to AAC73838.1 (239 aa), 61% identity in aa 200 - 238	1
AE006468	AAL22762.1	rep helicase	single-stranded DNA dependent ATPase; similar to E. coli rep helicase, a single-stranded DNA dependent ATPase (AAC76783.1); Blastp hit to AAC76783.1 (673 aa), 96% identity in aa 1 - 673	1
AE006468	AAL22763.1	guanosine pentaphosphatase	similar to E. coli guanosine pentaphosphatase; exopolyphosphatase (AAC76784.1); Blastp hit to AAC76784.1 (494 aa), 89% identity in aa 1 - 493	1
AE006468	AAL22764.1	putative helicase	putative ATP-dependent RNA helicase RHLB. (SW:RHLB_SALTY)	1
AE006468	AAL22765.1	thioredoxin 1	redox factor; thioredoxin 1 (TRX1) (TRX). (SW:THIO_ECOLI)	1
AE006468	AAL22766.1	transcription termination factor Rho	polarity suppressor; transcription termination factor Rho. (SW:RHO_SALTY)	1
AE006468	AAL22767.1	undecaprenyl-phosphate N-acetylglucosaminyltransferase	similar to E. coli UDP-GlcNAc:undecaprenylphosphate GlcNAc-1-phosphate transferase; synthesis of enterobacterial common antigen (ECA) (AAC76789.1); Blastp hit to AAC76789.1 (367 aa), 87% identity in aa 1 - 367	1
AE006468	AAL22768.1	modulator of enterobacterial common antigen (ECA) polysaccharide chain length	similar to E. coli putative transport protein (AAC76790.1); Blastp hit to AAC76790.1 (349 aa), 91% identity in aa 2 - 346	1
AE006468	AAL22769.1	UDP-N-acetyl glucosamine-2-epimerase	similar to E. coli UDP-N-acetyl glucosamine -2-epimerase; synthesis of enterobacterial common antigen (ECA) (AAC76791.1); Blastp hit to AAC76791.1 (389 aa), 85% identity in aa 15 - 389	1
AE006468	AAL22770.1	UDP-N-acetyl-D-mannosaminuronic acid dehydrogenase	similar to E. coli UDP-N-acetyl-D-mannosaminuronic acid dehydrogenase; synthesis of enterobacterial common antigen (ECA) (AAC76792.1); Blastp hit to AAC76792.1 (420 aa), 90% identity in aa 1 - 420	1
AE006468	AAL22771.1	dTDP-glucose 4,6-dehydratase	similar to E. coli dTDP-glucose 4,6-dehydratase (AAC76793.1); Blastp hit to AAC76793.1 (355 aa), 88% identity in aa 1 - 354	1
AE006468	AAL22772.1	glucose-1-phosphate thymidyl transferase	similar to E. coli glucose-1-phosphate thymidylyltransferase (AAC76794.1); Blastp hit to AAC76794.1 (293 aa), 95% identity in aa 240 - 24	1
AE006468	AAL22773.1	lipopolysaccharide biosynthesis protein	similar to E. coli orf, hypothetical protein (AAC76795.1); Blastp hit to AAC76795.1 (181 aa), 78% identity in aa 1 - 181	1
AE006468	AAL22774.1	TDP-4-oxo-6-deoxy-D-glucose transaminase	similar to E. coli putative regulator (AAC76796.1); Blastp hit to AAC76796.1 (376 aa), 92% identity in aa 1 - 376	1
AE006468	AAL22775.1	O-antigen translocase in LPS biosynthesis	similar to E. coli putative cytochrome (AAC76797.1); Blastp hit to AAC76797.1 (416 aa), 89% identity in aa 1 - 416	1
AE006468	AAL22776.1	putative inner membrane protein	similar to E. coli orf, conceptual translation in SwissProt is fused with b4404 (AAC76799.1); Blastp hit to AAC76799.1 (204 aa), 85% identity in aa 1 - 202	1
AE006468	AAL22777.1	TDP-Fuc4NAc:lipidII transferase	probable 4-alpha-L-fucosyltransferase. (SW:WECF_SALTY)	1
AE006468	AAL22778.1	putative UDP-N-acetyl-D-mannosaminuronic acid transferase	probable UDP-N-acetyl-D-mannosaminuronic acid transferase. (SW:WECG_SALTY)	1
AE006468	AAL22779.1	putative APC family amino-acid transport protein	permease protein; probable transport protein YIFK. (SW:YIFK_SALTY)	1
AE006468	AAL22780.1	protein for a late step of protoheme IX synthesis	similar to E. coli a late step of protoheme IX synthesis (AAC76805.1); Blastp hit to AAC76805.1 (398 aa), 95% identity in aa 1 - 398	1
AE006468	AAL22781.1	uroporphyrinogen III methylase	similar to E. coli uroporphyrinogen III methylase (AAC76806.1); Blastp hit to AAC76806.1 (393 aa), 87% identity in aa 1 - 393	1
AE006468	AAL22782.1	uroporphyrinogen III synthase	similar to E. coli uroporphyrinogen III synthase (AAC76807.1); Blastp hit to AAC76807.1 (246 aa), 82% identity in aa 1 - 246	1
AE006468	AAL22783.1	porphobilinogen deaminase	hydroxymethylbilane synthase; porphobilinogen deaminase. (SW:HEM3_SALTY)	1
AE006468	AAL22784.1	adenylate cyclase	adenylate cyclase. (SW:CYAA_SALTY)	1
AE006468	AAL22785.1	putative inner membrane protein		1
AE006468	AAL22786.1	putative inner membrane protein		1
AE006468	AAL22787.1	putative cytoplasmic protein		1
AE006468	AAL22788.1	putative frataxin family transport protein	CYAY protein. (SW:CYAY_SALTY)	1
AE006468	AAL22789.1	putative inner membrane protein		1
AE006468	AAL22790.1	putative outer membrane lipoprotein		1
AE006468	AAL22791.1	diaminopimelate epimerase	similar to E. coli diaminopimelate epimerase (AAC76812.1); Blastp hit to AAC76812.1 (275 aa), 95% identity in aa 1 - 275	1
AE006468	AAL22792.1	putative cytoplasmic protein	hypothetical protein in dapF-xerC intergenic region. (SW:YIGA_SALTY)	1
AE006468	AAL22793.1	putative site-specific integrase/recombinase	integrase/recombinase XERC. (SW:XERC_SALTY)	1
AE006468	AAL22794.1	putative hydrolase of the HAD superfamily	similar to E. coli putative phosphatase (AAC76815.1); Blastp hit to AAC76815.1 (238 aa), 87% identity in aa 1 - 238	1
AE006468	AAL22795.1	DNA-dependent ATPase I and helicase II	DNA helicase II. (SW:UVRD_SALTY)	1
AE006468	AAL22796.1	MIT family Mg2+/Ni2+/Co2+ transport protein	Mg transport system I; magnesium and cobalt transport protein CORA. (SW:CORA_SALTY)	1
AE006468	AAL22797.1	putative inner membrane protein	hypothetical 14.6 Kda protein in corA-rarD intergenic region. (SW:YIGF_SALTY)	1
AE006468	AAL22798.1	putative inner membrane protein	similar to E. coli orf, hypothetical protein (AAC76821.1); Blastp hit to AAC76821.1 (138 aa), 57% identity in aa 7 - 136	1
AE006468	AAL22799.1	chloramphenicol resistance	similar to E. coli orf, hypothetical protein (AAC76822.1); Blastp hit to AAC76822.1 (300 aa), 83% identity in aa 8 - 297	1
AE006468	AAL22800.1	putative PaaI protein	possibly involved in aromatic compounds catabolism; hypothetical protein in rarD-pldA intergenic region. (SW:YIGI_SALTY)	1
AE006468	AAL22801.1	outer membrane phospholipase A	phospholipase A1 precursor. (SW:PA1_SALTY)	1
AE006468	AAL22802.1	ATP-dependent DNA helicase	ATP-dependent DNA helicase RECQ. (SW:RECQ_SALTY)	1
AE006468	AAL22803.1	RhtB family threonine efflux protein	similar to E. coli orf, hypothetical protein (AAC76826.1); Blastp hit to AAC76826.1 (122 aa), 87% identity in aa 1 - 122	1
AE006468	AAL22804.1	homoserine/homoserine lactone efflux protein	similar to E. coli orf, hypothetical protein (AAC76827.1); Blastp hit to AAC76827.1 (138 aa), 86% identity in aa 1 - 138	1
AE006468	AAL22805.1	lysophospholipase L(2)	similar to E. coli lysophospholipase L(2) (AAC76828.1); Blastp hit to AAC76828.1 (340 aa), 81% identity in aa 1 - 336	1
AE006468	AAL22806.1	putative hydrolase of the HAD superfamily	similar to E. coli orf, hypothetical protein (AAC76829.1); Blastp hit to AAC76829.1 (171 aa), 85% identity in aa 1 - 167	1
AE006468	AAL22807.1	putative transport protein	similar to E. coli orf, hypothetical protein (AAC76830.1); Blastp hit to AAC76830.1 (299 aa), 91% identity in aa 1 - 299	1
AE006468	AAL22808.1	regulator for metE and metH	LysR family; transcriptional activator protein metR. (SW:METR_SALTY)	1
AE006468	AAL22809.1	5-methyltetrahydropteroyltriglutamate- homocysteine S-methyltransferase	5-methyltetrahydropteroyltriglutamate--homocysteine methyltransferase. (SW:METE_SALTY)	1
AE006468	AAL22810.1	putative arylsulfatase regulator	similar to E. coli putative arylsulfatase regulator (AAC76803.1); Blastp hit to AAC76803.1 (411 aa), 47% identity in aa 11 - 402	1
AE006468	AAL22811.1	putative dienelactone hydrolase family	similar to E. coli putative enzyme (AAC76833.1); Blastp hit to AAC76833.1 (332 aa), 91% identity in aa 2 - 181	1
AE006468	AAL22812.1	uridine phosphorylase	uridine phosphorylase. (SW:UDP_SALTY)	1
AE006468	AAL22813.1	putative inner membrane protein	similar to E. coli putative alpha helix chain (AAC76835.1); Blastp hit to AAC76835.1 (475 aa), 87% identity in aa 1 - 473	1
AE006468	AAL22814.1	S-adenosylmethionine	similar to E. coli 2-octaprenyl-6-methoxy-1,4-benzoquinone --> 2-octaprenyl-3-methyl-6-methoxy-1,4-benzoquinone (AAC76836.1); Blastp hit to AAC76836.1 (251 aa), 95% identity in aa 1 - 251; 2-DMK methyltransferase; 2-octaprenyl-6-methoxy-1,4-benzoquinone methylase	1
AE006468	AAL22815.1	putative inner membrane protein	similar to E. coli orf, hypothetical protein (AAC76837.1); Blastp hit to AAC76837.1 (201 aa), 86% identity in aa 1 - 201	1
AE006468	AAL22816.1	putative regulator in ubiquinone biosynthesis	similar to E. coli orf, hypothetical protein (AAC76838.1); Blastp hit to AAC76838.1 (546 aa), 94% identity in aa 1 - 546	1
AE006468	AAL22817.1	component of Sec-independent protein secretion pathway	SEC-independent protein translocase protein TATA. (SW:TATA_SALTY)	1
AE006468	AAL22818.1	component of Sec-independent protein secretion pathway	SEC-independent protein translocase protein TATB. (SW:TATB_SALTY)	1
AE006468	AAL22819.1	component of sec-independent protein export	integral membrane protein; similar to E. coli orf, hypothetical protein (AAC76842.1); Blastp hit to AAC76842.1 (258 aa), 89% identity in aa 1 - 258	1
AE006468	AAL22820.1	putative hydrolase of PHP superfamily	similar to E. coli orf, hypothetical protein (AAC76843.1); Blastp hit to AAC76843.1 (206 aa), 80% identity in aa 5 - 184	1
AE006468	AAL22821.1	transcriptional activator	affecting biosynthesis of lipopolysaccharide core, F pilin, and haemolysin; similar to E. coli transcriptional activator affecting biosynthesis of lipopolysaccharide core, F pilin, and haemolysin (AAC76845.1); Blastp hit to AAC76845.1 (162 aa), 87% identity in aa 1 - 162	1
AE006468	AAL22822.1	putative oxidoreductase	similar to E. coli putative oxidoreductase (AAC76846.1); Blastp hit to AAC76846.1 (497 aa), 95% identity in aa 1 - 491	1
AE006468	AAL22823.1	FMN reductase	similar to E. coli ferrisiderophore reductase; flavin reductase (NADPH:flavin oxidoreductase) (AAC76847.1); Blastp hit to AAC76847.1 (233 aa), 90% identity in aa 1 - 233	1
AE006468	AAL22824.1	putative outer membrane protein		1
AE006468	AAL22825.1	putative cytoplasmic protein		1
AE006468	AAL22826.1	3-ketoacyl-CoA thiolase	similar to E. coli thiolase I; 3-ketoacyl-CoA thiolase; acetyl-CoA transferase (AAC76848.1); Blastp hit to AAC76848.1 (387 aa), 94% identity in aa 1 - 387; forms complex with FadB	1
AE006468	AAL22827.1	3-hydroxyacyl-coA dehydrogenase of 4-enzyme FadB protein	similar to E. coli 4-enzyme protein: 3-hydroxyacyl-CoA dehydrogenase; 3-hydroxybutyryl-CoA epimerase; delta(3)-cis-delta(2)-trans-enoyl-CoA isomerase; enoyl-CoA hydratase (AAC76849.1); Blastp hit to AAC76849.1 (729 aa), 95% identity in aa 1 - 729	1
AE006468	AAL22828.1	proline dipeptidase	similar to E. coli proline dipeptidase (AAC76850.1); Blastp hit to AAC76850.1 (443 aa), 95% identity in aa 1 - 443	1
AE006468	AAL22829.1	putative cytoplasmic protein	similar to E. coli orf, hypothetical protein (AAC76851.1); Blastp hit to AAC76851.1 (205 aa), 91% identity in aa 2 - 205	1
AE006468	AAL22830.1	Trk family potassium transport protein	requires TrkE; similar to E. coli potassium uptake, requires TrkE (AAC76852.1); Blastp hit to AAC76852.1 (432 aa), 28% identity in aa 1 - 218	1
AE006468	AAL22831.1	protoporphyrin oxidase	similar to E. coli protoporphyrin oxidase (AAC76853.1); Blastp hit to AAC76853.1 (181 aa), 87% identity in aa 1 - 181	1
AE006468	AAL22832.1	molybdopterin-guanine dinucleotide biosynthesis protein B	GTP-binding; similar to E. coli molybdopterin-guanine dinucleotide biosynthesis protein B (AAC76854.1); Blastp hit to AAC76854.1 (170 aa), 77% identity in aa 1 - 167	1
AE006468	AAL22833.1	putative molybdopterin-guanine dinucleotide biosynthesis protein	similar to E. coli molybdopterin ---> molybdopterin-guanine dinucleotide, protein Ar (AAC76855.1); Blastp hit to AAC76855.1 (194 aa), 77% identity in aa 1 - 193	1
AE006468	AAL22834.1	putative cytoplasmic protein	similar to E. coli orf, hypothetical protein (AAC76856.1); Blastp hit to AAC76856.1 (89 aa), 94% identity in aa 1 - 89	1
AE006468	AAL22835.1	putative homoserine kinase type II	protein kinase; similar to E. coli orf, hypothetical protein (AAC76857.1); Blastp hit to AAC76857.1 (328 aa), 85% identity in aa 1 - 328	1
AE006468	AAL22836.1	periplasmic protein disulfide isomerase I	thiol:disulfide interchange protein DABA precursor. (SW:DSBA_SALTY)	1
AE006468	AAL22837.1	putative endonuclease	similar to E. coli putative endonuclease (AAC76860.1); Blastp hit to AAC76860.1 (310 aa), 82% identity in aa 10 - 307	1
AE006468	AAL22838.1	DNA polymerase I	3'->5' polymerase, 5'->3' and 3'->5' exonuclease; similar to E. coli DNA polymerase I, 3' --> 5' polymerase, 5' --> 3' and 3' --> 5' exonuclease (AAC76861.1); Blastp hit to AAC76861.1 (928 aa), 93% identity in aa 1 - 928	1
AE006468	AAL22839.1	spot 42 RNA, inhibition of DNA synthesis		1
AE006468	AAL22840.1	putative GTPase involved in coordination of cell cycle	similar to E. coli orf, hypothetical protein (AAC76862.1); Blastp hit to AAC76862.1 (199 aa), 94% identity in aa 1 - 199	1
AE006468	AAL22841.1	putative cytoplasmic protein		1
AE006468	AAL22842.1	putative cytoplasmic protein	hypothetical 19.2 Kda protein in polA-hemN intergenic region. (SW:YIHI_SALTY)	1
AE006468	AAL22843.1	O2-independent coproporphyrinogen III oxidase	oxygen-independent coproporphyrinogen III oxidase. (SW:HEMN_SALTY)	1
AE006468	AAL22844.1	EBP family response regulator in two-component regulatory system with GlnL	nitrogen regulation protein NR(I). (SW:NTRC_SALTY)	1
AE006468	AAL22845.1	sensory kinase (phosphatase) in two-component regulatory system with GlnG (nitrogen regulator II, NRII)	nitrogen regulation protein nr(II). (SW:NTRB_SALTY)	1
AE006468	AAL22846.1	glutamine synthetase	glutamine synthetase. (SW:GLNA_SALTY)	1
AE006468	AAL22847.1	putative cytoplasmic protein		1
AE006468	AAL22848.1	GTP-binding elongation factor family protein	similar to E. coli putative GTP-binding factor (AAC76868.1); Blastp hit to AAC76868.1 (591 aa), 96% identity in aa 1 - 591	1
AE006468	AAL22849.1	putative hydrolase	similar to E. coli putative phosphatase (AAC73853.1); Blastp hit to AAC73853.1 (272 aa), 44% identity in aa 147 - 267, 30% identity in aa 1 - 169	1
AE006468	AAL22850.1	putative inner membrane protein		1
AE006468	AAL22851.1	putative coproporphyrinogen III oxidase and related FeS oxidoreductase	similar to E. coli O2-independent coproporphyrinogen III oxidase (AAC76864.1); Blastp hit to AAC76864.1 (459 aa), 28% identity in aa 14 - 248, 25% identity in aa 319 - 379	1
AE006468	AAL22852.1	putative membrane-associated metal-dependent hydrolase		1
AE006468	AAL22853.1	putative periplasmic protein		1
AE006468	AAL22854.1	putative cytoplasmic protein		1
AE006468	AAL22855.1	putative outer membrane protein	similar to E. coli orf, hypothetical protein (AAC76872.1); Blastp hit to AAC76872.1 (230 aa), 88% identity in aa 1 - 230	1
AE006468	AAL22856.1	putative GPH family transport protein	similar to E. coli putative permease (AAC76873.1); Blastp hit to AAC76873.1 (487 aa), 80% identity in aa 3 - 471	1
AE006468	AAL22857.1	putative GPH family transport protein	similar to E. coli putative permease (AAC76874.1); Blastp hit to AAC76874.1 (468 aa), 91% identity in aa 12 - 467	1
AE006468	AAL22858.1	putative alpha-xylosidase	similar to E. coli putative glycosidase (AAC76875.1); Blastp hit to AAC76875.1 (678 aa), 88% identity in aa 10 - 678	1
AE006468	AAL22859.1	putative aldose-1-epimerase	similar to E. coli putative aldose-1-epimerase (AAC76876.1); Blastp hit to AAC76876.1 (308 aa), 54% identity in aa 9 - 303	1
AE006468	AAL22860.1	putative isomerase	similar to E. coli orf, hypothetical protein (AAD13442.1); Blastp hit to AAD13442.1 (418 aa), 92% identity in aa 6 - 418	1
AE006468	AAL22861.1	putative aldolase	similar to E. coli putative aldolase (AAD13443.1); Blastp hit to AAD13443.1 (292 aa), 87% identity in aa 1 - 292	1
AE006468	AAL22862.1	putative oxidoreductase	similar to E. coli putative dehydrogenase (AAD13444.1); Blastp hit to AAD13444.1 (298 aa), 86% identity in aa 1 - 297	1
AE006468	AAL22863.1	putative sugar kinase	similar to E. coli putative kinase (AAD13445.1); Blastp hit to AAD13445.1 (300 aa), 85% identity in aa 3 - 300	1
AE006468	AAL22864.1	putative glycerol-3-phosphate regulon repressor	DeoR family; similar to E. coli putative DEOR-type transcriptional regulator (AAD13446.1); Blastp hit to AAD13446.1 (269 aa), 89% identity in aa 9 - 263	1
AE006468	AAL22865.1	putative enzyme	similar to E. coli putative phosphatase (AAD13447.1); Blastp hit to AAD13447.1 (206 aa), 89% identity in aa 8 - 206	1
AE006468	AAL22866.1	tRNA processing exoribonuclease BN	similar to E. coli tRNA processing exoribonuclease BN (AAD13448.1); Blastp hit to AAD13448.1 (290 aa), 93% identity in aa 1 - 290	1
AE006468	AAL22867.1	D-Tyr-tRNA(Tyr) deacylase	similar to E. coli orf, hypothetical protein (AAD13449.1); Blastp hit to AAD13449.1 (145 aa), 91% identity in aa 1 - 145	1
AE006468	AAL22868.1	putative acetyltransferase	similar to E. coli putative acetyltransferase (AAD13450.1); Blastp hit to AAD13450.1 (329 aa), 93% identity in aa 1 - 329	1
AE006468	AAL22869.1	putative cytoplasmic protein	similar to E. coli orf, hypothetical protein (AAC76117.1); Blastp hit to AAC76117.1 (138 aa), 45% identity in aa 19 - 138	1
AE006468	AAL22870.1	putative cytoplasmic protein	similar to E. coli orf, hypothetical protein (AAC76118.1); Blastp hit to AAC76118.1 (104 aa), 40% identity in aa 1 - 99	1
AE006468	AAL22871.1	putative acetyl esterase	similar to E. coli putative lipase (AAC73578.1); Blastp hit to AAC73578.1 (319 aa), 32% identity in aa 84 - 312	1
AE006468	AAL22872.1	putative merR family bacterial regulatory protein		1
AE006468	AAL22873.1	putative formate dehydrogenase formation protein	Mn_fn; similar to E. coli affects formate dehydrogenase-N (AAD13453.1); Blastp hit to AAD13453.1 (309 aa), 93% identity in aa 1 - 309	1
AE006468	AAL22874.1	formate dehydrogenase, cytochrome B556 (FDO) subunit	similar to E. coli formate dehydrogenase, cytochrome B556 (FDO) subunit (AAD13454.1); Blastp hit to AAD13454.1 (211 aa), 96% identity in aa 1 - 211	1
AE006468	AAL22875.1	formate dehydrogenase-O, Fe-S subunit	similar to E. coli formate dehydrogenase-O, iron-sulfur subunit (AAD13455.1); Blastp hit to AAD13455.1 (300 aa), 93% identity in aa 1 - 300	1
AE006468	AAL22876.1	formate dehydrogenase	similar to E. coli formate dehydrogenase-O, major subunit (AAD13456.1); Blastp hit to AAD13456.1 (1016 aa), 93% identity in aa 1 - 1016	1
AE006468	AAL22877.1	putative formate dehydrogenase formation protein	similar to E. coli affects formate dehydrogenase-N (AAC76877.1); Blastp hit to AAC76877.1 (277 aa), 85% identity in aa 7 - 275	1
AE006468	AAL22878.1	putative inner membrane lipoprotein	similar to E. coli orf, hypothetical protein (AAC76878.1); Blastp hit to AAC76878.1 (351 aa), 36% identity in aa 45 - 348, 44% identity in aa 1 - 56	1
AE006468	AAL22879.1	putative cytoplasmic protein	similar to E. coli orf, hypothetical protein (AAC76878.1); Blastp hit to AAC76878.1 (351 aa), 67% identity in aa 15 - 351	1
AE006468	AAL22880.1	putative inner membrane protein		1
AE006468	AAL22881.1	putative branched-chain amino acid permease	similar to E. coli orf, hypothetical protein (AAC74516.1); Blastp hit to AAC74516.1 (178 aa), 25% identity in aa 8 - 160	1
AE006468	AAL22882.1	hypothetical protein		1
AE006468	AAL22883.1	putative cytoplasmic protein	similar to E. coli orf, hypothetical protein (AAC76883.1); Blastp hit to AAC76883.1 (104 aa), 91% identity in aa 1 - 103	1
AE006468	AAL22884.1	putative iron-containing alcohol dehydrogenase	similar to E. coli putative oxidoreductase (AAC76613.1); Blastp hit to AAC76613.1 (382 aa), 47% identity in aa 8 - 379	1
AE006468	AAL22885.1	rhamnulose-1-phosphate aldolase	similar to E. coli rhamnulose-phosphate aldolase (AAC76884.1); Blastp hit to AAC76884.1 (274 aa), 91% identity in aa 1 - 274	1
AE006468	AAL22886.1	L-rhamnose isomerase	L-rhamnose isomerase. (SW:RHAA_SALTY)	1
AE006468	AAL22887.1	rhamnulokinase	rhamnulokinase. (SW:RHAB_SALTY)	1
AE006468	AAL22888.1	positive regulator for rhaBAD operon	AraC/XylS family; L-rhamnose operon regulatory protein RHAS. (SW:RHAS_SALTY)	1
AE006468	AAL22889.1	positive regulator for rhaRS operon	AraC/XylS family; L-rhamnose operon transcriptional activator RHAR. (SW:RHAR_SALTY)	1
AE006468	AAL22890.1	DMT Superfamily L-rhamnose:H+ symporter protein	L-rhamnose-proton symport (L-rhamnose-H+ transport protein). (SW:RHAT_SALTY)	1
AE006468	AAL22891.1	putative outer membrane protein	hypothetical 15.6 Kda protein in RHAT 5'region. (SW:YIIY_SALTY)	1
AE006468	AAL22892.1	putative C4-dicarboxylate transport system	similar to E. coli putative membrane protein (AAC76602.1); Blastp hit to AAC76602.1 (424 aa), 33% identity in aa 5 - 412	1
AE006468	AAL22893.1	putative C4-dicarboxylate transport system	similar to E. coli orf, hypothetical protein (AAC76601.1); Blastp hit to AAC76601.1 (157 aa), 25% identity in aa 4 - 151	1
AE006468	AAL22894.1	putative dicarboxylate-binding periplasmic protein	hypothetical protein in sodA 5'region. (SW:YIIZ_SALTY)	1
AE006468	AAL22895.1	superoxide dismutase	manganese; superoxide dismutase [MN]. (SW:SODM_SALTY)	1
AE006468	AAL22896.1	putative cytoplasmic protein	similar to E. coli orf, hypothetical protein (AAC76892.1); Blastp hit to AAC76892.1 (234 aa), 76% identity in aa 4 - 233	1
AE006468	AAL22897.1	putative inner membrane protein		1
AE006468	AAL22898.1	sensory kinase in two-component regulatory system with CpxR	senses misfolded proteins in bacterial envelope; similar to E. coli probable sensor protein (histidine protein kinase), acting on arcA (AAC76893.1); Blastp hit to AAC76893.1 (457 aa), 96% identity in aa 1 - 457	1
AE006468	AAL22899.1	response reguator in two-component regulatory system with CpxA	regulates expression of protein folding and degrading factors (OmpR family); similar to E. coli transcriptional regulator in 2-component system (AAC76894.1); Blastp hit to AAC76894.1 (232 aa), 97% identity in aa 1 - 232	1
AE006468	AAL22900.1	periplasmic repressor of cpx regulon by interaction with CpxA	rescue from transitory stresses; similar to E. coli orf, hypothetical protein (AAC76896.1); Blastp hit to AAC76896.1 (122 aa), 94% identity in aa 1 - 122	1
AE006468	AAL22901.1	putative CDF family transport protein	similar to E. coli putative transport system permease protein (AAC76897.1); Blastp hit to AAC76897.1 (300 aa), 92% identity in aa 1 - 296	1
AE006468	AAL22902.1	6-phosphofructokinase I	similar to E. coli 6-phosphofructokinase I (AAC76898.1); Blastp hit to AAC76898.1 (320 aa), 95% identity in aa 1 - 320	1
AE006468	AAL22903.1	sulfate transport protein	ABC superfamily (bind_prot); sulfate-binding protein. (SW:SUBI_SALTY)	1
AE006468	AAL22904.1	CDP-diacylglycerol phosphotidylhydrolase	CDP-diacylglycerol pyrophosphatase. (SW:CDH_SALTY)	1
AE006468	AAL22905.1	putative permease of the Na+:galactoside symporter family	hypothetical protein (gi|7688349)	1
AE006468	AAL22906.1	putative sugar kinase	ribokinase family; similar to E. coli putative kinase (AAD13445.1); Blastp hit to AAD13445.1 (300 aa), 28% identity in aa 14 - 297	1
AE006468	AAL22907.1	putative ADP-ribosylglycohydrolase	similar to E. coli orf, hypothetical protein (AAC75160.1); Blastp hit to AAC75160.1 (334 aa), 30% identity in aa 108 - 325, 32% identity in aa 5 - 188	1
AE006468	AAL22908.1	putative gntR family regulatory protein	similar to E. coli transcriptional regulator of succinylCoA synthetase operon (AAC73824.1); Blastp hit to AAC73824.1 (240 aa), 28% identity in aa 5 - 220	1
AE006468	AAL22909.1	putative periplasmic protein		1
AE006468	AAL22910.1	putative cytoplasmic protein	similar to E. coli CDP-diacylglycerol phosphotidylhydrolase (AAC76900.1); Blastp hit to AAC76900.1 (251 aa), 81% identity in aa 214 - 250	1
AE006468	AAL22911.1	putative mannose-6-phosphate isomerase		1
AE006468	AAL22912.1	putative sugar kinase	similar to E. coli putative kinase (AAC74584.1); Blastp hit to AAC74584.1 (530 aa), 82% identity in aa 1 - 530	1
AE006468	AAL22913.1	putative transcriptional repressor	similar to E. coli putative transcriptional regulator, sorC family (AAC74585.1); Blastp hit to AAC74585.1 (317 aa), 77% identity in aa 4 - 316	1
AE006468	AAL22914.1	putative ABC-type sugar aldose transport system	ATPase component; similar to E. coli putative ATP-binding component of a transport system (AAC74586.1); Blastp hit to AAC74586.1 (511 aa), 75% identity in aa 1 - 511	1
AE006468	AAL22915.1	putative sugar transport protein	ABC superfamily (membrane); similar to E. coli putative transport system permease protein (AAC74587.1); Blastp hit to AAC74587.1 (342 aa), 83% identity in aa 1 - 342	1
AE006468	AAL22916.1	putative sugar transport protein	ABC superfamily (membrane); similar to E. coli putative transport system permease protein (AAC74588.1); Blastp hit to AAC74588.1 (330 aa), 83% identity in aa 4 - 326	1
AE006468	AAL22917.1	putative sugar transport protein	ABC superfamily (peri_perm); similar to E. coli putative LACI-type transcriptional regulator (AAC74589.1); Blastp hit to AAC74589.1 (340 aa), 85% identity in aa 1 - 340	1
AE006468	AAL22918.1	putative fructose-1,6-bisphosphate aldolase	similar to E. coli orf, hypothetical protein (AAC74590.1); Blastp hit to AAC74590.1 (291 aa), 89% identity in aa 1 - 290	1
AE006468	AAL22919.1	putative inner membrane protein	similar to E. coli orf, hypothetical protein (AAC74591.1); Blastp hit to AAC74591.1 (96 aa), 80% identity in aa 1 - 96	1
AE006468	AAL22920.1	putative ribulose-5-phosphate 3-epimerase	similar to E. coli D-ribulose-5-phosphate 3-epimerase (AAC76411.1); Blastp hit to AAC76411.1 (225 aa), 26% identity in aa 1 - 217	1
AE006468	AAL22921.1	triosephosphate isomerase	similar to E. coli triosephosphate isomerase (AAC76901.1); Blastp hit to AAC76901.1 (255 aa), 96% identity in aa 1 - 255	1
AE006468	AAL22922.1	putative periplasmic protein	similar to E. coli orf, hypothetical protein (AAC76902.1); Blastp hit to AAC76902.1 (199 aa), 81% identity in aa 1 - 198	1
AE006468	AAL22923.1	putative inner membrane protein	similar to E. coli orf, hypothetical protein (AAC76903.1); Blastp hit to AAC76903.1 (146 aa), 90% identity in aa 1 - 141	1
AE006468	AAL22924.1	ferredoxin-NADP reductase	similar to E. coli ferredoxin-NADP reductase (AAC76906.1); Blastp hit to AAC76906.1 (248 aa), 89% identity in aa 1 - 248	1
AE006468	AAL22925.1	unknown function in glycerol metabolism	similar to E. coli unknown function in glycerol metabolism (AAC76907.1); Blastp hit to AAC76907.1 (336 aa), 94% identity in aa 1 - 336	1
AE006468	AAL22926.1	glycerol kinase	similar to E. coli glycerol kinase (AAC76908.1); Blastp hit to AAC76908.1 (502 aa), 95% identity in aa 1 - 502	1
AE006468	AAL22927.1	glycerol diffusion MIP channel	similar to E. coli facilitated diffusion of glycerol (AAC76909.1); Blastp hit to AAC76909.1 (281 aa), 92% identity in aa 1 - 281	1
AE006468	AAL22928.1	putative cytoplasmic protein	similar to E. coli orf, hypothetical protein (AAC76910.1); Blastp hit to AAC76910.1 (81 aa), 94% identity in aa 3 - 81	1
AE006468	AAL22929.1	putative methyltransferase in menaquinone biosynthesis protein	similar to E. coli menaquinone biosynthesis, unknown (AAC76911.1); Blastp hit to AAC76911.1 (161 aa), 97% identity in aa 1 - 161	1
AE006468	AAL22930.1	1,4-dihydroxy-2-naphthoate octaprenyltransferase	similar to E. coli 1,4-dihydroxy-2-naphthoate --> dimethylmenaquinone (AAC76912.1); Blastp hit to AAC76912.1 (308 aa), 94% identity in aa 1 - 307	1
AE006468	AAL22931.1	ATPase component of the HslUV protease	ATP-dependent HAL protease ATP-binding subunit HSLU (heat shock protein HSLU). (SW:HSLU_SALTY)	1
AE006468	AAL22932.1	peptidase component of the HslUV protease	similar to E. coli heat shock protein hslVU, proteasome-related peptidase subunit (AAC76914.1); Blastp hit to AAC76914.1 (176 aa), 97% identity in aa 1 - 176	1
AE006468	AAL22933.1	essential cell division protein	similar to E. coli essential cell division protein (AAC76915.1); Blastp hit to AAC76915.1 (319 aa), 82% identity in aa 1 - 319	1
AE006468	AAL22934.1	GalR/LacI family transcriptional repressor	similar to E. coli regulator for deo operon, udp, cdd, tsx, nupC, and nupG (AAC76916.1); Blastp hit to AAC76916.1 (341 aa), 86% identity in aa 1 - 341	1
AE006468	AAL22935.1	primosomal protein N'	directs replication fork assembly at D-loops; similar to E. coli primosomal protein N'(= factor Y)(putative helicase) (AAC76917.1); Blastp hit to AAC76917.1 (732 aa), 90% identity in aa 1 - 732	1
AE006468	AAL22936.1	50S ribosomal subunit protein L31	similar to E. coli 50S ribosomal subunit protein L31 (AAC76918.1); Blastp hit to AAC76918.1 (70 aa), 82% identity in aa 1 - 70	1
AE006468	AAL22937.1	putative outer membrane lipoprotein		1
AE006468	AAL22938.1	putative arylsulfate sulfotransferase		1
AE006468	AAL22939.1	transcriptional repressor of all met genes but metF	MetJ family; met repressor (met regulon regulatory protein METJ). (SW:METJ_SALTY)	1
AE006468	AAL22940.1	cystathionine gamma-synthase	similar to E. coli cystathionine gamma-synthase (AAC76921.1); Blastp hit to AAC76921.1 (386 aa), 96% identity in aa 1 - 386	1
AE006468	AAL22941.1	aspartokinase II	bifunctional; similar to E. coli aspartokinase II and homoserine dehydrogenase II (AAC76922.1); Blastp hit to AAC76922.1 (810 aa), 94% identity in aa 1 - 810	1
AE006468	AAL22942.1	putative inner membrane protein	similar to E. coli putative transport protein (AAC75961.1); Blastp hit to AAC75961.1 (286 aa), 54% identity in aa 1 - 281	1
AE006468	AAL22943.1	putative cytoplasmic protein		1
AE006468	AAL22944.1	putative 5'-nucleotidase	related esterase; similar to E. coli UDP-sugar hydrolase (5'-nucleotidase) (AAC73582.1); Blastp hit to AAC73582.1 (550 aa), 25% identity in aa 34 - 253, 28% identity in aa 383 - 506; 2',3'-cyclic phosphodiesterase	1
AE006468	AAL22945.1	5,10-methylenetetrahydrofolate reductase	5,10-methylenetetrahydrofolate reductase. (SW:METF_SALTY)	1
AE006468	AAL22946.1	catalase; hydroperoxidase HPI(I)	peroxidase/catalase HPI. (SW:CATA_SALTY)	1
AE006468	AAL22947.1	putative periplasmic protein	similar to E. coli orf, hypothetical protein (AAC76926.1); Blastp hit to AAC76926.1 (205 aa), 67% identity in aa 1 - 203	1
AE006468	AAL22948.1	glycerol dehydrogenase, NAD	similar to E. coli glycerol dehydrogenase, (NAD) (AAC76927.1); Blastp hit to AAC76927.1 (380 aa), 91% identity in aa 14 - 380	1
AE006468	AAL22949.1	putative transaldolase	similar to E. coli putative transaldolase (AAC76928.1); Blastp hit to AAC76928.1 (220 aa), 89% identity in aa 1 - 220	1
AE006468	AAL22950.1	general PTS family enzyme I	similar to E. coli PEP-protein phosphotransferase system enzyme I (AAC76929.1); Blastp hit to AAC76929.1 (711 aa), 90% identity in aa 1 - 711	1
AE006468	AAL22951.1	PTS system fructose-like IIC component	similar to E. coli PTS system, fructose-like enzyme II component (AAC76931.1); Blastp hit to AAC76931.1 (359 aa), 93% identity in aa 1 - 359	1
AE006468	AAL22952.1	PTS system fructose-like IIB component 1	similar to E. coli PTS system fructose-like IIB component 1 (AAC76932.1); Blastp hit to AAC76932.1 (106 aa), 96% identity in aa 1 - 106	1
AE006468	AAL22953.1	putative pyruvate formate lyase II	similar to E. coli formate acetyltransferase 2 (AAC76933.1); Blastp hit to AAC76933.1 (765 aa), 92% identity in aa 1 - 765	1
AE006468	AAL22954.1	putative pyruvate formate lyase activating enzyme 2	similar to E. coli probable pyruvate formate lyase activating enzyme 2 (AAC76934.1); Blastp hit to AAC76934.1 (292 aa), 78% identity in aa 1 - 292	1
AE006468	AAL22955.1	PTS system fructose-like IIB component 2	similar to E. coli PTS system fructose-like IIB component 2 (AAC76935.1); Blastp hit to AAC76935.1 (113 aa), 83% identity in aa 3 - 113	1
AE006468	AAL22956.1	putative AraC/XylS family regulator	similar to E. coli putative ARAC-type regulatory protein (AAC76936.1); Blastp hit to AAC76936.1 (283 aa), 89% identity in aa 1 - 282	1
AE006468	AAL22957.1	putative integral membrane protein	similar to E. coli orf, hypothetical protein (AAC76937.1); Blastp hit to AAC76937.1 (577 aa), 89% identity in aa 1 - 577	1
AE006468	AAL22958.1	phosphoenolpyruvate carboxylase	similar to E. coli phosphoenolpyruvate carboxylase (AAC76938.1); Blastp hit to AAC76938.1 (883 aa), 93% identity in aa 1 - 883	1
AE006468	AAL22959.1	acetylornithine deacetylase	similar to E. coli acetylornithine deacetylase (AAC76939.1); Blastp hit to AAC76939.1 (383 aa), 93% identity in aa 1 - 383	1
AE006468	AAL22960.1	N-acetyl-gamma-glutamylphosphate reductase	similar to E. coli N-acetyl-gamma-glutamylphosphate reductase (AAC76940.1); Blastp hit to AAC76940.1 (334 aa), 91% identity in aa 1 - 334	1
AE006468	AAL22961.1	acetylglutamate kinase	similar to E. coli acetylglutamate kinase (AAC76941.1); Blastp hit to AAC76941.1 (258 aa), 94% identity in aa 1 - 258	1
AE006468	AAL22962.1	argininosuccinate lyase	similar to E. coli argininosuccinate lyase (AAC76942.1); Blastp hit to AAC76942.1 (457 aa), 94% identity in aa 1 - 456	1
AE006468	AAL22963.1	regulatory protein sensor for oxidative stress	regulates intracellular hydrogen peroxide (LysR family); similar to E. coli activator, hydrogen peroxide-inducible genes (AAC76943.1); Blastp hit to AAC76943.1 (305 aa), 95% identity in aa 1 - 305	1
AE006468	AAL22964.1	soluble pyridine nucleotide transhydrogenase	similar to E. coli putative oxidoreductase (AAC76944.1); Blastp hit to AAC76944.1 (444 aa), 97% identity in aa 1 - 444	1
AE006468	AAL22965.1	putative TetR/AcrR family transcriptional repressor	similar to E. coli orf, hypothetical protein (AAC76945.1); Blastp hit to AAC76945.1 (234 aa), 98% identity in aa 19 - 225	1
AE006468	AAL22966.1	putative inner membrane protein	similar to E. coli orf, hypothetical protein (AAC76946.1); Blastp hit to AAC76946.1 (119 aa), 90% identity in aa 1 - 119	1
AE006468	AAL22967.1	tRNA (uracil-5-)-methyltransferase	tRNA (uracil-5-)-methyltransferase. (SW:TRMA_SALTY)	1
AE006468	AAL22968.1	outer membrane receptor for transport of vitamin B12, E colicins, and bacteriophage BF23	vitamin B12 receptor precursor. (SW:BTUB_SALTY)	1
AE006468	AAL22969.1	glutamate racemase	glutamate racemase. (SW:MURI_SALTY)	1
AE006468	AAL22970.1	UDP-N-acetylenolpyruvoylglucosamine reductase	UDP-N-acetylenolpyruvoylglucosamine reductase. (SW:MURB_SALTY)	1
AE006468	AAL22971.1	biotin-[acetylCoA carboxylase] holoenzyme synthetase	bifunctional; BirA family; BIRA bifunctional protein. (SW:BIRA_SALTY); biotin operon transcriptional repressor	1
AE006468	AAL22972.1	pantothenate kinase	pantothenate kinase. (SW:COAA_SALTY)	1
AE006468	AAL22973.1	putative cytoplasmic protein	similar to E. coli orf, hypothetical protein (AAC76953.1); Blastp hit to AAC76953.1 (51 aa), 55% identity in aa 1 - 40	1
AE006468	AAL22974.1	protein chain elongation factor EF-Tu	duplicate of tufA; elongation factor TU (EF-TU). (SW:EFTU_SALTY)	1
AE006468	AAL22975.1	preprotein translocase IISP family, membrane subunit	similar to E. coli preprotein translocase (AAC76955.1); Blastp hit to AAC76955.1 (127 aa), 96% identity in aa 1 - 127	1
AE006468	AAL22976.1	component in transcription antitermination	similar to E. coli component in transcription antitermination (AAC76956.1); Blastp hit to AAC76956.1 (181 aa), 99% identity in aa 1 - 181	1
AE006468	AAL22977.1	50 S ribosomal subunit protein L11	similar to E. coli 50S ribosomal subunit protein L11 (AAC76957.1); Blastp hit to AAC76957.1 (142 aa), 100% identity in aa 1 - 142	1
AE006468	AAL22978.1	50S ribosomal subunit protein L1	regulates synthesis of L1 and L11; similar to E. coli 50S ribosomal subunit protein L1, regulates synthesis of L1 and L11 (AAC76958.1); Blastp hit to AAC76958.1 (234 aa), 98% identity in aa 1 - 234	1
AE006468	AAL22979.1	50S ribosomal subunit protein L10	50S ribosomal protein L10 (L8). (SW:RL10_SALTY)	1
AE006468	AAL22980.1	50S ribosomal subunit protein L7/L12	5Ss ribosomal protein L7/L12 (L8). (SW:RL7_SALTY)	1
AE006468	AAL22981.1	RNA polymerase, beta subunit	DNA-directed RNA polymerase beta chain. (SW:RPOB_SALTY)	1
AE006468	AAL22982.1	RNA polymerase, beta prime subunit	similar to E. coli RNA polymerase, beta prime subunit (AAC76962.1); Blastp hit to AAC76962.1 (1407 aa), 98% identity in aa 1 - 1407	1
AE006468	AAL22983.1	putative inner membrane protein		1
AE006468	AAL22984.1	putative cytoplasmic protein		1
AE006468	AAL22985.1	putative cytoplasmic protein		1
AE006468	AAL22986.1	putative cytoplasmic protein		1
AE006468	AAL22987.1	thiamine biosynthesis protein, thiazole moiety	deoxyxylulose-5-P + thi-S-COSH + tyrosine = 4-methyl-5-(beta-hydroxyethyl)thiazole-P + 4-hydroxy-benzyl-alcohol + C1 of tyrosine; similar to E. coli thiamin biosynthesis, thiazole moiety (AAC76964.1); Blastp hit to AAC76964.1 (377 aa), 89% identity in aa 1 - 375	1
AE006468	AAL22988.1	thiamine biosynthesis protein, thiazole moiety	deoxyxylulose-5-P + thi-S-COSH + tyrosine = 4-methyl-5-(beta-hydroxyethyl)thiazole-P + 4-hydroxy-benzyl-alcohol + C1 of tyrosine; similar to E. coli thiamin biosynthesis, thiazole moiety (AAC76965.1); Blastp hit to AAC76965.1 (281 aa), 92% identity in aa 26 - 281	1
AE006468	AAL22989.1	putative protein involved in thiamine biosynthesis		1
AE006468	AAL22990.1	thiamine biosynthesis protein, thiazole moiety	catalyzes the adenylation of thisS as part of thiazole synthesis; with ThiI it catalyses the transfer of sulfur from cysteine to the ThiS enzyme; similar to E. coli thiamin biosynthesis, thiazole moiety (AAC76966.1); Blastp hit to AAC76966.1 (245 aa), 84% identity in aa 1 - 245	1
AE006468	AAL22991.1	thiamine phosphate synthase	similar to E. coli thiamin biosynthesis, thiazole moiety (AAC76967.1); Blastp hit to AAC76967.1 (211 aa), 89% identity in aa 1 - 211; thiamine phosphate pyrophosphorylase	1
AE006468	AAL22992.1	5'-phosphoryl-5-aminoimidazole	4-amino-5-hydroxymethyl-2-methylpyrimidine-P; similar to E. coli thiamin biosynthesis, pyrimidine moiety (AAC76968.1); Blastp hit to AAC76968.1 (631 aa), 93% identity in aa 1 - 631	1
AE006468	AAL22993.1	regulator of sigma D	contains binding activity to the major sigma subunit of RNAP; similar to E. coli putative transcriptional regulator (AAC76969.1); Blastp hit to AAC76969.1 (158 aa), 88% identity in aa 1 - 158	1
AE006468	AAL22994.1	putative NTP pyrophosphohydrolases containing a Zn-finger	probably nucleic-acid-binding; NADH pyrophosphatase. (SW:NUDC_SALTY)	1
AE006468	AAL22995.2	uroporphyrinogen decarboxylase	similar to E. coli uroporphyrinogen decarboxylase (AAC76971.1); Blastp hit to AAC76971.1 (354 aa), 96% identity in aa 1 - 353	1
AE006468	AAL22996.1	endonuclease V	deoxyinosine 3'endoduclease; similar to E. coli endonuclease V (deoxyinosine 3'endoduclease) (AAC76972.1); Blastp hit to AAC76972.1 (225 aa), 94% identity in aa 3 - 220	1
AE006468	AAL22997.1	putative cytoplasmic protein	similar to E. coli orf, hypothetical protein (AAC76973.1); Blastp hit to AAC76973.1 (196 aa), 94% identity in aa 1 - 196	1
AE006468	AAL22998.1	DNA-binding protein HU-alpha	HU-2; DNA-binding protein HU-alpha (NS2) (HU-2). (SW:DBHA_SALTY)	1
AE006468	AAL22999.1	putative inner membrane protein	similar to E. coli orf, hypothetical protein (AAC76975.1); Blastp hit to AAC76975.1 (231 aa), 76% identity in aa 1 - 231	1
AE006468	AAL23000.1	zinc-resistance associated protein	similar to E. coli orf, hypothetical protein (AAC76976.1); Blastp hit to AAC76976.1 (188 aa), 64% identity in aa 48 - 188	1
AE006468	AAL23001.1	sensory kinase in two component regulatory system with HydG	sensor protein HYDA. (SW:HYDH_SALTY)	1
AE006468	AAL23002.1	response regulator in two-component reguatory system with HydH	regulates hydrogenase 3 activity (EBP family); transcriptional regulatory protein HYDG. (SW:HYDG_SALTY)	1
AE006468	AAL23003.1	phosphoribosylglycinamide synthetase	GAR synthetase; phosphoribosylamine--glycine ligase. (SW:PUR2_SALTY)	1
AE006468	AAL23004.1	phosphoribosylaminoimidazolecarboxamide formyltransferase	bifunctional; bifunctional purine biosynthesis protein PURH. (SW:PUR9_SALTY); IMP cyclohydrolase	1
AE006468	AAL23005.1	putative acetyltransferase	hypothetical protein in rrfE-metA intergenic region. (SW:YJAB_SALTY)	1
AE006468	AAL23006.1	homoserine transsuccinylase	homoserine O-succinyltransferase. (SW:META_SALTY)	1
AE006468	AAL23007.1	malate synthase A	similar to E. coli malate synthase A (AAC76984.1); Blastp hit to AAC76984.1 (533 aa), 90% identity in aa 1 - 533	1
AE006468	AAL23008.1	isocitrate lyase	isocitrate lyase. (SW:ACEA_SALTY)	1
AE006468	AAL23009.1	isocitrate dehydrogenase kinase/phosphatase	contains ATPase activity; isocitrate dehydrogenase kinase/phosphatase (LDH kinase/phosphatase). (SW:ACEK_SALTY)	1
AE006468	AAL23010.1	putative cytoplasmic protein		1
AE006468	AAL23011.1	acetate operon transcriptional repressor	IclR family; acetate operon repressor. (SW:ICLR_SALTY)	1
AE006468	AAL23012.1	B12-dependent homocysteine-N5-methyltetrahydrofolate transmethylase	repressor of metE and metF; 5-methyltetrahydrofolate--homocysteine methyltransferase. (SW:METH_SALTY)	1
AE006468	AAL23013.1	putative PNaS family transport protein	hypothetical protein in metH-pepE intergenic region. (SW:YJBB_SALTY)	1
AE006468	AAL23014.1	(alpha)-aspartyl dipeptidase	peptidase E. (SW:PEPE_SALTY)	1
AE006468	AAL23015.1	putative cytoplasmic protein	hypothetical protein	1
AE006468	AAL23016.1	putative cytoplasmic protein	similar to E. coli nucleoprotein/polynucleotide-associated enzyme (AAC73457.1); Blastp hit to AAC73457.1 (218 aa), 86% identity in aa 40 - 218	1
AE006468	AAL23017.1	putative pseudouridine synthase	similar to E. coli orf, hypothetical protein (AAC76992.1); Blastp hit to AAC76992.1 (290 aa), 90% identity in aa 1 - 290	1
AE006468	AAL23018.1	putative cytoplasmic protein	similar to E. coli orf, hypothetical protein (AAC76993.1); Blastp hit to AAC76993.1 (90 aa), 92% identity in aa 1 - 90	1
AE006468	AAL23019.1	putative Na+-dependent transporter		1
AE006468	AAL23020.1	putative cytoplasmic protein		1
AE006468	AAL23021.1	putative inner membrane protein		1
AE006468	AAL23022.1	putative cytoplasmic protein		1
AE006468	AAL23023.1	putative cytoplasmic protein		1
AE006468	AAL23024.1	putative phage tail fiber protein H	similar to E. coli putative membrane protein (AAC74454.1); Blastp hit to AAC74454.1 (1122 aa), 31% identity in aa 312 - 498, 33% identity in aa 426 - 547, 22% identity in aa 233 - 444, 30% identity in aa 132 - 266, 23-1073758628dentity in aa 170 - 398, 21% identity in aa 178 - 417, 24-1073758654dentity in aa 111 - 354, 23% identity in aa 950 - 1104, 20% identity in aa 1015 - 1106	1
AE006468	AAL23025.1	putative phage tail protein		1
AE006468	AAL23026.1	putative phage baseplate protein		1
AE006468	AAL23027.1	putative phage baseplate protein		1
AE006468	AAL23028.1	putative inner membrane protein		1
AE006468	AAL23029.1	putative phage glycosyltransferase	similar to E. coli putative glycan biosynthesis enzyme (AAC75410.1); Blastp hit to AAC75410.1 (306 aa), 80% identity in aa 1 - 305	1
AE006468	AAL23030.1	putative phage glucose translocase	similar to E. coli orf, hypothetical protein (AAC75409.1); Blastp hit to AAC75409.1 (120 aa), 69% identity in aa 1 - 120	1
AE006468	AAL23031.1	putative phage baseplate component		1
AE006468	AAL23032.1	putative cytoplasmic protein		1
AE006468	AAL23033.1	putative inner membrane protein		1
AE006468	AAL23034.1	putative methyl-accepting chemotaxis protein		1
AE006468	AAL23035.1	putative phage tail protein		1
AE006468	AAL23036.1	putative phage tail core protein		1
AE006468	AAL23037.1	putative phage tail sheath protein		1
AE006468	AAL23038.1	putative cytoplasmic protein	hypothetical protein	1
AE006468	AAL23039.1	putative cytoplasmic protein		1
AE006468	AAL23040.1	putative inner membrane protein		1
AE006468	AAL23041.1	putative soluble lytic murein transglycosylase		1
AE006468	AAL23042.1	putative inner membrane protein	hypothetical protein	1
AE006468	AAL23043.1	putative cytoplasmic protein		1
AE006468	AAL23044.1	lysine sensitive aspartokinase III	similar to E. coli aspartokinase III, lysine sensitive (AAC76994.1); Blastp hit to AAC76994.1 (449 aa), 93% identity in aa 1 - 449	1
AE006468	AAL23045.1	glucosephosphate isomerase	similar to E. coli glucosephosphate isomerase (AAC76995.1); Blastp hit to AAC76995.1 (549 aa), 95% identity in aa 1 - 548	1
AE006468	AAL23046.1	putative outer membrane protein	similar to E. coli orf, hypothetical protein (AAC76996.1); Blastp hit to AAC76996.1 (80 aa), 96% identity in aa 1 - 80	1
AE006468	AAL23047.1	putative outer membrane lipoprotein	similar to E. coli orf, hypothetical protein (AAC76997.1); Blastp hit to AAC76997.1 (222 aa), 86% identity in aa 1 - 221	1
AE006468	AAL23048.1	putative periplasmic protein	similar to E. coli orf, hypothetical protein (AAC76998.1); Blastp hit to AAC76998.1 (245 aa), 74% identity in aa 1 - 245	1
AE006468	AAL23049.1	putative outer membrane lipoprotein	similar to E. coli orf, hypothetical protein (AAC76999.1); Blastp hit to AAC76999.1 (698 aa), 92% identity in aa 1 - 698	1
AE006468	AAL23050.1	putative inner membrane protein	similar to E. coli orf, hypothetical protein (AAC77000.1); Blastp hit to AAC77000.1 (136 aa), 87% identity in aa 1 - 136	1
AE006468	AAL23051.1	maltose transport protein	ABC superfamily (membrane); maltose transport system permease protein MALG. (SW:MALG_SALTY)	1
AE006468	AAL23052.1	maltose transport protein	ABC superfamily (membrane); maltose transport system permease protein MALF. (SW:MALF_SALTY)	1
AE006468	AAL23053.1	maltose transport protein	ABC superfamily (bind_prot); substrate recognition for transport and chemotaxis; maltose-binding periplasmic protein precursor (maltodextrin-binding protein) (MMBP). (SW:MALE_SALTY)	1
AE006468	AAL23054.1	maltose transport protein	bifunctional; ABC superfamily (atp_bind); maltose/maltodextrin transport ATP-binding protein malk. (SW:MALK_SALTY); phenotypic repressor of mal operon	1
AE006468	AAL23055.1	phage lambda receptor protein	maltose high-affinity receptor; facilitates diffusion of maltose and maltoseoligosaccharides; maltoporin precursor (maltose-inducible porin) (lambda receptorprotein). (SW:LAMB_SALTY)	1
AE006468	AAL23056.1	periplasmic protein of mal regulon	maltose operon periplasmic protein precursor. (SW:MALM_SALTY)	1
AE006468	AAL23057.1	chorismate pyruvate lyase	similar to E. coli chorismate lyase (AAC77009.1); Blastp hit to AAC77009.1 (202 aa), 86% identity in aa 38 - 202	1
AE006468	AAL23058.1	p-hydroxybenzoate: octaprenyltransferase	similar to E. coli 4-hydroxybenzoate-octaprenyltransferase (AAC77010.1); Blastp hit to AAC77010.1 (290 aa), 93% identity in aa 1 - 290	1
AE006468	AAL23059.1	glycerolphosphate acyltransferase activity	similar to E. coli glycerol-3-phosphate acyltransferase (AAC77011.1); Blastp hit to AAC77011.1 (827 aa), 94% identity in aa 21 - 826	1
AE006468	AAL23060.1	diacylglycerol kinase	similar to E. coli diacylglycerol kinase (AAC77012.1); Blastp hit to AAC77012.1 (122 aa), 86% identity in aa 1 - 121	1
AE006468	AAL23061.1	SOS response regulator	transcriptional repressor (LexA family); LEXA repressor. (SW:LEXA_SALTY)	1
AE006468	AAL23062.1	DNA-damage-inducible protein F	induced by UV and mitomycin C; SOS, lexA regulon; similar to E. coli DNA-damage-inducible protein F (AAC77014.1); Blastp hit to AAC77014.1 (459 aa), 89% identity in aa 19 - 457	1
AE006468	AAL23063.1	putative cytoplasmic protein	hypothetical protein	1
AE006468	AAL23064.1	putative cytoplasmic protein	similar to E. coli orf, hypothetical protein (AAC77015.1); Blastp hit to AAC77015.1 (69 aa), 95% identity in aa 1 - 69	1
AE006468	AAL23065.1	transcriptional repressor of znuABC operon	Fur family; similar to E. coli putative regulator (AAC77016.1); Blastp hit to AAC77016.1 (191 aa), 92% identity in aa 21 - 191	1
AE006468	AAL23066.1	putative outer membrane or exported protein		1
AE006468	AAL23067.1	putative TIM-barrel enzyme	possibly dehydrogenases; nifR3 family; similar to E. coli orf, hypothetical protein (AAC77019.1); Blastp hit to AAC77019.1 (345 aa), 90% identity in aa 7 - 345	1
AE006468	AAL23068.1	putative inner membrane protein	similar to E. coli orf, hypothetical protein (AAC77020.1); Blastp hit to AAC77020.1 (150 aa), 82% identity in aa 71 - 150	1
AE006468	AAL23069.1	NADPH dependent quinone oxidoreductase	similar to E. coli quinone oxidoreductase (AAC77021.1); Blastp hit to AAC77021.1 (327 aa), 90% identity in aa 1 - 327	1
AE006468	AAL23070.1	putative replicative DNA helicase	chromosome replication; chain elongation; replicative DNA helicase. (SW:DNAB_SALTY)	1
AE006468	AAL23071.1	biosynthetic alanine racemase 1	alanine racemase, biosynthetic. (SW:ALR1_SALTY)	1
AE006468	AAL23072.1	tyrosine aminotransferase	tyrosine repressible; aromatic-amino-acid aminotransferase. (SW:TYRB_SALTY)	1
AE006468	AAL23073.1	non-specific acid phosphatase/phosphotransferase, class B	similar to E. coli diadenosine tetraphosphatase (AAC77025.1); Blastp hit to AAC77025.1 (237 aa), 89% identity in aa 1 - 237	1
AE006468	AAL23074.1	putative cytoplasmic protein	similar to E. coli orf, hypothetical protein (AAC77026.1); Blastp hit to AAC77026.1 (138 aa), 78% identity in aa 1 - 138	1
AE006468	AAL23075.1	putative cytoplasmic protein	similar to E. coli orf, hypothetical protein (AAC77027.1); Blastp hit to AAC77027.1 (118 aa), 92% identity in aa 1 - 117	1
AE006468	AAL23076.1	putative inner membrane protein		1
AE006468	AAL23077.1	putative outer membrane lipoprotein		1
AE006468	AAL23078.1	DNA excision repair enzyme	complexes with UvrBC; excinuclease ABC subunit A. (SW:UVRA_SALTY)	1
AE006468	AAL23079.1	putative cytoplasmic protein		1
AE006468	AAL23080.1	ssDNA-binding protein	controls activity of RecBCD nuclease; single-strand binding protein (SSB) (helix-destabilizing protein). (SW:SSB_SALTY)	1
AE006468	AAL23081.1	putative inner membrane or exported	hypothetical protein spi4_A (gi|7467268)	1
AE006468	AAL23082.1	putative methyl-accepting chemotaxis protein	hypothetical protein spi4_A (gi|7467268)	1
AE006468	AAL23083.1	putative ABC exporter outer membrane component-like protein	ABC exporter outer membrane component homolog (gi|7467234)	1
AE006468	AAL23084.1	membrane permease	predicted cation efflux pump; HLYD secretion protein (gi|7467244)	1
AE006468	AAL23085.1	putative inner membrane protein	fusion of two hypothetical proteins; (gi|7467255) and (gi|7467255)	1
AE006468	AAL23086.1	putative ABC-type bacteriocin/lantibiotic exporter	contains an N-terminal double-glycine peptidase domain; leukotoxin expression protein B homolog (gi|7467272)	1
AE006468	AAL23087.1	putative inner membrane protein	similar to E. coli orf, hypothetical protein (AAC77030.1); Blastp hit to AAC77030.1 (116 aa), 83% identity in aa 24 - 116	1
AE006468	AAL23088.1	putative diguanylate cyclase/phosphodiesterase	similar to E. coli orf, hypothetical protein (AAC77031.1); Blastp hit to AAC77031.1 (528 aa), 64% identity in aa 1 - 528	1
AE006468	AAL23089.1	transcriptional activator of superoxide response regulon	AraC/XylS family; regulatory protein SOXS. (SW:SOXS_SALTY)	1
AE006468	AAL23090.1	redox-sensing transcriptional activator SoxR	contains iron-sulfur center for redox-sensing (MerR family); redox-sensitive transcriptional activator SOXR. (SW:SOXR_SALTY)	1
AE006468	AAL23091.1	putative glutathione S-transferase		1
AE006468	AAL23092.1	putative xanthine/uracil permease family	similar to E. coli orf, hypothetical protein (AAC77034.1); Blastp hit to AAC77034.1 (449 aa), 97% identity in aa 1 - 449	1
AE006468	AAL23093.1	putative CPA1 family Na:H transport protein	similar to E. coli orf, hypothetical protein (AAC77035.1); Blastp hit to AAC77035.1 (549 aa), 95% identity in aa 1 - 549	1
AE006468	AAL23094.1	putative LysR family transcriptional regulator	similar to E. coli activator, hydrogen peroxide-inducible genes (AAC76943.1); Blastp hit to AAC76943.1 (305 aa), 28% identity in aa 1 - 275	1
AE006468	AAL23095.1	putative inner membrane protein	similar to E. coli orf, hypothetical protein (AAC75202.1); Blastp hit to AAC75202.1 (132 aa), 33% identity in aa 13 - 113	1
AE006468	AAL23096.1	putative inner membrane protein	similar to E. coli putative seritonin transporter (AAC75203.1); Blastp hit to AAC75203.1 (231 aa), 36% identity in aa 9 - 222	1
AE006468	AAL23097.1	putative SSS family transport protein	similar to E. coli putative transport protein (AAC77037.1); Blastp hit to AAC77037.1 (549 aa), 96% identity in aa 1 - 549	1
AE006468	AAL23098.1	putative inner membrane protein	similar to E. coli orf, hypothetical protein (AAC77038.1); Blastp hit to AAC77038.1 (104 aa), 89% identity in aa 1 - 102	1
AE006468	AAL23099.1	acetyl-CoA synthetase	similar to E. coli acetyl-CoA synthetase (AAC77039.1); Blastp hit to AAC77039.1 (652 aa), 95% identity in aa 1 - 652	1
AE006468	AAL23100.1	putative cytoplasmic protein	hypothetical protein	1
AE006468	AAL23101.1	nitrite reductase periplasmic cytochrome c(552)	similar to E. coli periplasmic cytochrome c(552): plays a role in nitrite reduction (AAC77040.1); Blastp hit to AAC77040.1 (478 aa), 89% identity in aa 1 - 478	1
AE006468	AAL23102.1	formate-dependent nitrite reductase	a penta-haeme cytochrome c; similar to E. coli formate-dependent nitrite reductase; a penta-haeme cytochrome c (AAC77041.1); Blastp hit to AAC77041.1 (190 aa), 88% identity in aa 1 - 190	1
AE006468	AAL23103.1	putative formate-dependent nitrite reductase	Fe-S centers; similar to E. coli formate-dependent nitrite reductase; Fe-S centers (AAC77042.1); Blastp hit to AAC77042.1 (223 aa), 91% identity in aa 1 - 223	1
AE006468	AAL23104.1	putative formate dependent nitrate reductase	similar to E. coli formate-dependent nitrate reductase complex; transmembrane protein (AAC77043.1); Blastp hit to AAC77043.1 (318 aa), 85% identity in aa 1 - 318	1
AE006468	AAL23105.1	formate-dependent nitrite reductase	involved in attachment of haem c to cytochrome c552; similar to E. coli formate-dependent nitrite reductase; possible assembly function (AAD13457.1); Blastp hit to AAD13457.1 (552 aa), 76% identity in aa 1 - 552	1
AE006468	AAL23106.1	component of formate-dependent nitrite reductase complex	involved in attachment of haem c to cytochrome c552; similar to E. coli part of formate-dependent nitrite reductase complex (AAD13459.1); Blastp hit to AAD13459.1 (198 aa), 71% identity in aa 6 - 196	1
AE006468	AAL23107.1	DAACS family glutamate:aspartate symport protein	similar to E. coli glutamate-aspartate symport protein (AAD13460.1); Blastp hit to AAD13460.1 (437 aa), 94% identity in aa 1 - 435	1
AE006468	AAL23108.1	putative TPR repeat protein	similar to E. coli orf, hypothetical protein (AAD13461.1); Blastp hit to AAD13461.1 (229 aa), 88% identity in aa 1 - 229	1
AE006468	AAL23109.1	formate dehydrogenase	similar to E. coli selenopolypeptide subunit of formate dehydrogenase H (AAD13462.1); Blastp hit to AAD13462.1 (715 aa), 97% identity in aa 1 - 714	1
AE006468	AAL23110.1	putative dioxygenase for synthesis of lipid	putative dioxygenase; LpxO (gi|9454389)	1
AE006468	AAL23111.1	putative regulator in phn operon	similar to E. coli putative regulator, phn operon (AAC77054.1); Blastp hit to AAC77054.1 (144 aa), 77% identity in aa 1 - 144	1
AE006468	AAL23112.1	putative cytoplasmic protein	similar to E. coli orf, hypothetical protein (AAC77068.1); Blastp hit to AAC77068.1 (147 aa), 83% identity in aa 1 - 145	1
AE006468	AAL23113.1	putative alkylphosphonate uptake protein in phosphonate metabolism	similar to E. coli orf, hypothetical protein (AAC77069.1); Blastp hit to AAC77069.1 (111 aa), 96% identity in aa 1 - 111	1
AE006468	AAL23114.1	MFS family low-affinity proline transporter	similar to E. coli low-affinity transport system; proline permease II (AAC77072.1); Blastp hit to AAC77072.1 (500 aa), 95% identity in aa 1 - 500	1
AE006468	AAL23115.1	sensory kinase in two-component regulatory system with BasR	sensor protein BASS/PMRB. (SW:BASS_SALTY)	1
AE006468	AAL23116.1	response regulator in two-component regulatory system with BasS	OmpR family; transcriptional regulatory protein BASR/PMRA. (SW:BASR_SALTY)	1
AE006468	AAL23117.1	putative integral membrane protein	hypothetical 61.6 Kda protein in basS/pmrA-adiY intergenic region. (SW:YJDB_SALTY)	1
AE006468	AAL23118.1	putative APC family putrescine/ornithine transport protein	cryptic; similar to E. coli putative amino acid/amine transport protein, cryptic (AAC77076.1); Blastp hit to AAC77076.1 (445 aa), 94% identity in aa 1 - 445	1
AE006468	AAL23119.1	transcriptional activator of adiA	AraC/XylS family; similar to E. coli putative ARAC-type regulatory protein (AAC77077.1); Blastp hit to AAC77077.1 (253 aa), 79% identity in aa 1 - 253	1
AE006468	AAL23120.1	arginine decarboxylase	catabolic; inducible by acid; similar to E. coli biodegradative arginine decarboxylase (AAC77078.1); Blastp hit to AAC77078.1 (756 aa), 92% identity in aa 1 - 756	1
AE006468	AAL23121.1	regulator of melibiose operon	AraC/XylS family; similar to E. coli regulator of melibiose operon (AAC77079.1); Blastp hit to AAC77079.1 (302 aa), 88% identity in aa 4 - 302	1
AE006468	AAL23122.1	alpha-galactosidase	alpha-galactosidase. (SW:AGAL_SALTY)	1
AE006468	AAL23123.1	GPH family melibiose permease II	melibiose carrier protein (thiomethylgalactoside permease)(melibiose permease) (Na+ (Li+)/melibiose symporter) (melibiosetransporter). (SW:MELB_SALTY)	1
AE006468	AAL23124.1	fumarase B	fumarate hydratase class I; anaerobic isozyme; similar to E. coli fumarase B= fumarate hydratase Class I; anaerobic isozyme (AAC77083.1); Blastp hit to AAC77083.1 (548 aa), 92% identity in aa 1 - 548	1
AE006468	AAL23125.1	Dcu family anaerobic C4-dicarboxylate transporter	similar to E. coli anaerobic dicarboxylate transport (AAC77084.1); Blastp hit to AAC77084.1 (446 aa), 97% identity in aa 1 - 446	1
AE006468	AAL23126.1	putative cytoplasmic protein	hypothetical protein	1
AE006468	AAL23127.1	response regulator in two-component regulatory system with DcuS	regulates anaerobic fumarate respiration; similar to E. coli putative 2-component transcriptional regulator (AAC77085.1); Blastp hit to AAC77085.1 (239 aa), 88% identity in aa 1 - 239	1
AE006468	AAL23128.1	sensory histidine kinase in two-component retgulatory system with DcuR	senses fumarate/C4-dicarboxylate; similar to E. coli putative 2-component sensor protein (AAC77086.1); Blastp hit to AAC77086.1 (543 aa), 81% identity in aa 1 - 542	1
AE006468	AAL23129.1	putative anaerobic dimethyl sulfoxide reductase, subunit A	similar to E. coli anaerobic dimethyl sulfoxide reductase subunit A (AAC73980.1); Blastp hit to AAC73980.1 (785 aa), 51% identity in aa 3 - 784	1
AE006468	AAL23130.1	putative anaerobic dimethyl sulfoxide reductase, subunit B	similar to E. coli anaerobic dimethyl sulfoxide reductase subunit B (AAC73981.1); Blastp hit to AAC73981.1 (205 aa), 60% identity in aa 4 - 205	1
AE006468	AAL23131.1	putative anaerobic dimethyl sulfoxide reductase, subunit C	similar to E. coli putative DMSO reductase anchor subunit (AAC74662.1); Blastp hit to AAC74662.1 (284 aa), 34% identity in aa 6 - 274	1
AE006468	AAL23132.1	putative component of anaerobic dehydrogenases	similar to E. coli putative oxidoreductase component (AAC74663.1); Blastp hit to AAC74663.1 (207 aa), 33% identity in aa 14 - 206	1
AE006468	AAL23133.1	putative periplasmic or exported protein		1
AE006468	AAL23134.1	putative inner membrane protein	similar to E. coli orf, hypothetical protein (AAC77289.1); Blastp hit to AAC77289.1 (323 aa), 34% identity in aa 44 - 318	1
AE006468	AAL23135.1	transposase for IS200	transposase for insertion sequence element IS200 (SW:T200_SALTY)	1
AE006468	AAL23136.1	putative phage protein		1
AE006468	AAL23137.1	putative cytoplasmic protein		1
AE006468	AAL23138.1	putative luxR family bacterial regulatory proteins		1
AE006468	AAL23139.1	putative AraC-type DNA-binding domain-containing protein	HilD (gi|4455108)	1
AE006468	AAL23140.1	putative cytoplasmic protein	hypothetical protein	1
AE006468	AAL23141.1	putative copG family helix-turn-helix protein		1
AE006468	AAL23142.1	putative acetyltransferase		1
AE006468	AAL23143.1	non-specific acid phosphatase	nonspecific acid phosphatase precursor. (SW:PHON_SALTY)	1
AE006468	AAL23144.1	putative merR family bacterial regulatory protein	similar to E. coli putative transcriptional regulator (AAC73589.1); Blastp hit to AAC73589.1 (135 aa), 26% identity in aa 1 - 110	1
AE006468	AAL23145.1	putative merR family bacterial regulatory protein	similar to E. coli orf, hypothetical protein (AAC77095.1); Blastp hit to AAC77095.1 (199 aa), 88% identity in aa 9 - 199	1
AE006468	AAL23146.1	thiol:disulfide interchange protein	cytochrome c-type biogenesis; similar to E. coli thiol:disulfide interchange protein; copper tolerance (AAC77096.1); Blastp hit to AAC77096.1 (565 aa), 87% identity in aa 1 - 565	1
AE006468	AAL23147.1	putative periplasmic divalent cation tolerance protein	cytochrome c biogenesis; similar to E. coli divalent cation tolerance protein; cytochrome c biogenesis (AAC77097.1); Blastp hit to AAC77097.1 (112 aa), 89% identity in aa 1 - 112	1
AE006468	AAL23148.1	Dcu family anaerobic dicarboxylate transport protein	similar to E. coli anaerobic dicarboxylate transport (AAC77098.1); Blastp hit to AAC77098.1 (433 aa), 94% identity in aa 1 - 433	1
AE006468	AAL23149.1	aspartate ammonia-lyase	similar to E. coli aspartate ammonia-lyase (aspartase) (AAC77099.1); Blastp hit to AAC77099.1 (493 aa), 97% identity in aa 16 - 493	1
AE006468	AAL23150.1	suppresses F exclusion of bacteriophage T7	similar to E. coli orf, hypothetical protein (AAC77100.1); Blastp hit to AAC77100.1 (125 aa), 92% identity in aa 1 - 125	1
AE006468	AAL23151.1	putative transporter	cytoplasmic membrane protein; similar to E. coli putative transport (AAC77101.1); Blastp hit to AAC77101.1 (418 aa), 71% identity in aa 1 - 410	1
AE006468	AAL23152.1	chaperone Hsp10	affects cell division; similar to E. coli GroES, 10 Kd chaperone binds to Hsp60 in pres. Mg-ATP, suppressing its ATPase activity (AAC77102.1); Blastp hit to AAC77102.1 (97 aa), 90% identity in aa 1 - 97	1
AE006468	AAL23153.1	chaperone Hsp60 with peptide-dependent ATPase activity	affects cell division; similar to E. coli GroEL, chaperone Hsp60, peptide-dependent ATPase, heat shock protein (AAC77103.1); Blastp hit to AAC77103.1 (548 aa), 98% identity in aa 1 - 548	1
AE006468	AAL23154.1	putative outer membrane lipoprotein	similar to E. coli orf, hypothetical protein (AAC77104.1); Blastp hit to AAC77104.1 (128 aa), 89% identity in aa 6 - 128	1
AE006468	AAL23155.1	putative inner membrane protein	similar to E. coli orf, hypothetical protein (AAC77105.1); Blastp hit to AAC77105.1 (289 aa), 58% identity in aa 1 - 283	1
AE006468	AAL23156.1	putative aminomutase	similar to E. coli orf, hypothetical protein (AAC77106.1); Blastp hit to AAC77106.1 (342 aa), 87% identity in aa 1 - 341	1
AE006468	AAL23157.1	elongation factor P	EF-P; similar to E. coli elongation factor P (EF-P) (AAC77107.1); Blastp hit to AAC77107.1 (188 aa), 98% identity in aa 1 - 188	1
AE006468	AAL23158.1	putative entericidin A precursor		1
AE006468	AAL23159.1	putative entericidin B precursor		1
AE006468	AAL23160.1	putative luxR family bacterial regulatory protein		1
AE006468	AAL23161.1	putative DMT superfamily transport protein	similar to E. coli suppresses groEL, may be chaperone (AAC77108.1); Blastp hit to AAC77108.1 (155 aa), 85% identity in aa 51 - 155	1
AE006468	AAL23162.1	outer membrane lipoprotein	lipocalin; similar to E. coli outer membrane lipoprotein (lipocalin) (AAC77109.1); Blastp hit to AAC77109.1 (177 aa), 89% identity in aa 1 - 177	1
AE006468	AAL23163.1	fumarate reductase	anaerobic; membrane anchor polypeptide; similar to E. coli fumarate reductase, anaerobic, membrane anchor polypeptide (AAC77111.1); Blastp hit to AAC77111.1 (119 aa), 92% identity in aa 1 - 119	1
AE006468	AAL23164.1	fumarate reductase	anaerobic; membrane anchor polypeptide; similar to E. coli fumarate reductase, anaerobic, membrane anchor polypeptide (AAC77112.1); Blastp hit to AAC77112.1 (131 aa), 89% identity in aa 1 - 131	1
AE006468	AAL23165.1	fumarate reductase	anaerobic; Fe-S protein subunit; similar to E. coli fumarate reductase, anaerobic, iron-sulfur protein subunit (AAC77113.1); Blastp hit to AAC77113.1 (244 aa), 95% identity in aa 1 - 244	1
AE006468	AAL23166.1	fumarate reductase	anaerobic; flavoprotein subunit; similar to E. coli fumarate reductase, anaerobic, flavoprotein subunit (AAC77114.1); Blastp hit to AAC77114.1 (602 aa), 95% identity in aa 1 - 595	1
AE006468	AAL23167.1	putative pyruvate oxidase	putative LYSL-tRNA synthetase. (SW:SYK3_SALTY); lysyl-tRNA synthetase	1
AE006468	AAL23168.1	putative APC family amino-acid transport protein	hypothetical protein in poxA-psd intergenic region. (SW:YJEM_SALTY)	1
AE006468	AAL23169.1	putative inner membrane protein	similar to E. coli orf, hypothetical protein (AAC77118.1); Blastp hit to AAC77118.1 (104 aa), 56% identity in aa 1 - 104	1
AE006468	AAL23170.1	putative periplasmic binding protein	similar to E. coli putative periplasmic binding protein (AAC77119.1); Blastp hit to AAC77119.1 (1107 aa), 89% identity in aa 1 - 1107	1
AE006468	AAL23171.1	phosphatidylserine decarboxylase	similar to E. coli phosphatidylserine decarboxylase; phospholipid synthesis (AAC77120.1); Blastp hit to AAC77120.1 (322 aa), 93% identity in aa 1 - 320	1
AE006468	AAL23172.1	putative GTPase	similar to E. coli orf, hypothetical protein (AAC77121.1); Blastp hit to AAC77121.1 (337 aa), 94% identity in aa 1 - 337	1
AE006468	AAL23173.1	oligoribonuclease	similar to E. coli orf, hypothetical protein (AAC77122.1); Blastp hit to AAC77122.1 (204 aa), 94% identity in aa 24 - 204	1
AE006468	AAL23174.1	putative arginine-binding periplasmic protein	similar to E. coli arginine 3rd transport system periplasmic binding protein (AAC73947.1); Blastp hit to AAC73947.1 (243 aa), 57% identity in aa 1 - 243	1
AE006468	AAL23175.1	putative Fe-S protein	similar to E. coli orf, hypothetical protein (AAC77123.1); Blastp hit to AAC77123.1 (379 aa), 90% identity in aa 1 - 379	1
AE006468	AAL23176.1	putative sugar kinase	similar to E. coli orf, hypothetical protein (AAC77124.1); Blastp hit to AAC77124.1 (515 aa), 82% identity in aa 1 - 514	1
AE006468	AAL23177.1	putative nucleotide-binding protein	similar to E. coli orf, hypothetical protein (AAC77125.1); Blastp hit to AAC77125.1 (153 aa), 93% identity in aa 1 - 152	1
AE006468	AAL23178.1	N-acetylmuramoyl-l-alanine amidase II	murein hydrolase; N-acetylmuramoyl-L-alanine amidase AMIB. (SW:AMIB_SALTY)	1
AE006468	AAL23179.1	enzyme in methyl-directed mismatch repair	stimulates binding of Vsr and MutS to heteroduplex DNA; DNA mismatch repair protein MUTL. (SW:MUTL_SALTY)	1
AE006468	AAL23180.1	delta(2)-isopentenylpyrophosphate tRNA-adenosine transferase	tRNA delta(2)-isopentenylpyrophosphate transferase. (SW:MIAA_SALTY)	1
AE006468	AAL23181.1	host factor I for bacteriophage Q beta replication	growth-related protein; host factor-I protein (HF-I). (SW:HFQ_SALTY)	1
AE006468	AAL23182.1	putative GTP-ase	ogether with HflCK possibly involved in phage lambda cII repressor stability; similar to E. coli GTP - binding subunit of protease specific for phage lambda cII repressor (AAC77130.1); Blastp hit to AAC77130.1 (426 aa), 96% identity in aa 1 - 426	1
AE006468	AAL23183.1	component of modulator for protease specific for FtsH phage lambda cII repressor	associates with HflC; similar to E. coli protease specific for phage lambda cII repressor (AAC77131.1); Blastp hit to AAC77131.1 (419 aa), 93% identity in aa 1 - 419	1
AE006468	AAL23184.1	component of modulator for protease specific for FtsH phage lambda cII repressor	associates with HflK; similar to E. coli protease specific for phage lambda cII repressor (AAC77132.1); Blastp hit to AAC77132.1 (334 aa), 95% identity in aa 1 - 334	1
AE006468	AAL23185.1	putative inner membrane protein	similar to E. coli orf, hypothetical protein (AAC77133.1); Blastp hit to AAC77133.1 (65 aa), 89% identity in aa 1 - 65	1
AE006468	AAL23186.1	adenylosuccinate synthetase	similar to E. coli adenylosuccinate synthetase (AAC77134.1); Blastp hit to AAC77134.1 (432 aa), 99% identity in aa 1 - 432	1
AE006468	AAL23187.1	putative negative regulator	similar to E. coli orf, hypothetical protein (AAC77135.1); Blastp hit to AAC77135.1 (141 aa), 94% identity in aa 1 - 141	1
AE006468	AAL23188.1	putative exoribonuclease	similar to E. coli putative enzyme (AAC77136.1); Blastp hit to AAC77136.1 (827 aa), 95% identity in aa 15 - 827	1
AE006468	AAL23189.1	putative tRNA/rRNA methyltransferase	similar to E. coli orf, hypothetical protein (AAC77137.1); Blastp hit to AAC77137.1 (243 aa), 97% identity in aa 1 - 243	1
AE006468	AAL23190.1	putative cytoplasmic protein	similar to E. coli orf, hypothetical protein (AAC77138.1); Blastp hit to AAC77138.1 (133 aa), 64% identity in aa 1 - 132	1
AE006468	AAL23191.1	putative phage shock protein A	IM30; suppresses sigma54-dependent transcription; similar to E. coli putative alpha helical protein (AAC77139.1); Blastp hit to AAC77139.1 (232 aa), 88% identity in aa 1 - 232	1
AE006468	AAL23192.1	resembles eukaryotic-type potassium channels		1
AE006468	AAL23193.1	putative cytoplasmic protein	similar to E. coli orf, hypothetical protein (AAC77140.1); Blastp hit to AAC77140.1 (219 aa), 80% identity in aa 1 - 219	1
AE006468	AAL23194.1	putative inner membrane protein	similar to E. coli orf, hypothetical protein (AAC77141.1); Blastp hit to AAC77141.1 (132 aa), 90% identity in aa 1 - 132	1
AE006468	AAL23195.1	putative inner membrane protein	similar to E. coli orf, hypothetical protein (AAC77142.1); Blastp hit to AAC77142.1 (212 aa), 69% identity in aa 1 - 212	1
AE006468	AAL23196.1	putative glutathionylspermidine synthase	similar to E. coli putative synthetase/amidase (AAC77143.1); Blastp hit to AAC77143.1 (387 aa), 89% identity in aa 1 - 387	1
AE006468	AAL23197.1	putative acyl-CoA dehydrogenase	adaptive response; transcription activated by Ada; similar to E. coli putative acyl coenzyme A dehydrogenase (AAC77144.1); Blastp hit to AAC77144.1 (546 aa), 85% identity in aa 8 - 544	1
AE006468	AAL23198.1	putative inner membrane protein	similar to E. coli orf, hypothetical protein (AAC77145.1); Blastp hit to AAC77145.1 (100 aa), 80% identity in aa 7 - 100	1
AE006468	AAL23199.1	putative lipoprotein	similar to E. coli orf, hypothetical protein (AAC77146.1); Blastp hit to AAC77146.1 (142 aa), 78% identity in aa 34 - 142	1
AE006468	AAL23200.1	putative hydrolase of the alpha/beta superfamily	similar to E. coli orf, hypothetical protein (AAC77147.1); Blastp hit to AAC77147.1 (249 aa), 71% identity in aa 1 - 249	1
AE006468	AAL23201.1	putative transcriptional repressor	DeoR family; similar to E. coli putative DEOR-type transcriptional regulator (AAC77148.1); Blastp hit to AAC77148.1 (251 aa), 96% identity in aa 1 - 251	1
AE006468	AAL23202.1	putative Zn-dependent hydrolases of the beta-lactamase fold	similar to E. coli orf, hypothetical protein (AAC77149.1); Blastp hit to AAC77149.1 (356 aa), 97% identity in aa 3 - 356	1
AE006468	AAL23203.1	putative PTS enzyme IIsga subunit	similar to E. coli orf, hypothetical protein (AAC77150.1); Blastp hit to AAC77150.1 (484 aa), 97% identity in aa 10 - 484	1
AE006468	AAL23204.1	putative PTS enzyme IIsga subunit	similar to E. coli orf, hypothetical protein (AAC77151.1); Blastp hit to AAC77151.1 (101 aa), 99% identity in aa 1 - 101	1
AE006468	AAL23205.1	putative PTS enzyme IIsga subunit	similar to E. coli putative PTS system enzyme II A component (AAC77152.1); Blastp hit to AAC77152.1 (154 aa), 96% identity in aa 1 - 154	1
AE006468	AAL23206.1	putative hexulose phosphate synthase	similar to E. coli probable hexulose-6-phosphate synthase (AAC77153.1); Blastp hit to AAC77153.1 (216 aa), 98% identity in aa 1 - 216; arabino hexulose phosphate formaldehyde lyase	1
AE006468	AAL23207.1	putative hexulose-6-phosphate isomerase	similar to E. coli putative hexulose-6-phosphate isomerase (AAC77154.1); Blastp hit to AAC77154.1 (284 aa), 94% identity in aa 1 - 284	1
AE006468	AAL23208.1	putative L-ribulose 5-phosphate 4-epimerase	similar to E. coli putative epimerase/aldolase (AAC77155.1); Blastp hit to AAC77155.1 (228 aa), 92% identity in aa 1 - 228	1
AE006468	AAL23209.1	putative outer membrane protein	similar to E. coli orf, hypothetical protein (AAC77156.1); Blastp hit to AAC77156.1 (91 aa), 71% identity in aa 1 - 91	1
AE006468	AAL23210.1	putative cytoplasmic protein	hypothetical protein	1
AE006468	AAL23211.1	30S ribosomal subunit protein S6	similar to E. coli 30S ribosomal subunit protein S6 (AAC77157.1); Blastp hit to AAC77157.1 (131 aa), 99% identity in aa 1 - 131	1
AE006468	AAL23212.1	primosomal replication protein N	similar to E. coli primosomal replication protein N (AAC77158.1); Blastp hit to AAC77158.1 (104 aa), 99% identity in aa 1 - 104	1
AE006468	AAL23213.2	30S ribosomal subunit protein S18	similar to E. coli 30S ribosomal subunit protein S18 (AAC77159.1); Blastp hit to AAC77159.1 (75 aa), 98% identity in aa 1 - 75	1
AE006468	AAL23214.1	50S ribosomal subunit protein L9	similar to E. coli 50S ribosomal subunit protein L9 (AAC77160.1); Blastp hit to AAC77160.1 (149 aa), 95% identity in aa 1 - 149	1
AE006468	AAL23215.1	putative permease	similar to E. coli orf, hypothetical protein (AAC74606.1); Blastp hit to AAC74606.1 (266 aa), 25% identity in aa 20 - 250	1
AE006468	AAL23216.1	putative cell envelope opacity-associated protein A	similar to E. coli orf, hypothetical protein (AAC77163.1); Blastp hit to AAC77163.1 (224 aa), 85% identity in aa 13 - 224	1
AE006468	AAL23217.1	FKBP-type 22KD peptidyl-prolyl cis-trans isomerase	similar to E. coli FKBP-type 22KD peptidyl-prolyl cis-trans isomerase (rotamase) (AAC77164.1); Blastp hit to AAC77164.1 (259 aa), 92% identity in aa 41 - 259	1
AE006468	AAL23218.1	APC family D-alanine/D-serine/glycine transport protein	similar to E. coli transport of D-alanine, D-serine, and glycine (AAC77165.1); Blastp hit to AAC77165.1 (470 aa), 95% identity in aa 1 - 469	1
AE006468	AAL23219.1	putative cell morphogenesis	similar to E. coli orf, hypothetical protein (AAC77166.1); Blastp hit to AAC77166.1 (220 aa), 89% identity in aa 1 - 220	1
AE006468	AAL23220.1	putative cationic amino acid transporter	similar to E. coli putative transmembrane subunit (AAC77167.1); Blastp hit to AAC77167.1 (324 aa), 81% identity in aa 4 - 323	1
AE006468	AAL23221.1	putative reductase	similar to E. coli putative oxidoreductase (AAC77168.1); Blastp hit to AAC77168.1 (286 aa), 80% identity in aa 1 - 278	1
AE006468	AAL23222.1	putative transcriptional regulator	similar to E. coli orf, hypothetical protein (AAC77169.1); Blastp hit to AAC77169.1 (156 aa), 90% identity in aa 35 - 152	1
AE006468	AAL23223.1	2',3'-cyclic-nucleotide 2'-phosphodiesterase	2',3'-cyclic-nucleotide 2'-phosphodiesterase precursor. (SW:CN16_SALTY)	1
AE006468	AAL23224.1	CysQ protein	affects pool of 3'-phosphoadenosine-5'-phosphosulfate in pathway of sulfite synthesis; CYSQ protein. (SW:CYSQ_SALTY)	1
AE006468	AAL23225.1	putative transcriptional regulator	similar to E. coli orf, hypothetical protein (AAC77173.1); Blastp hit to AAC77173.1 (184 aa), 85% identity in aa 1 - 183	1
AE006468	AAL23226.1	putative cytoplasmic protein	similar to E. coli orf, hypothetical protein (AAC77174.1); Blastp hit to AAC77174.1 (81 aa), 90% identity in aa 1 - 81	1
AE006468	AAL23227.1	putative hemolysin-related protein	similar to E. coli putative transport protein (AAC77175.1); Blastp hit to AAC77175.1 (447 aa), 91% identity in aa 1 - 447	1
AE006468	AAL23228.1	peptide methionine sulfoxide reductase	similar to E. coli peptide methionine sulfoxide reductase (AAC77176.1); Blastp hit to AAC77176.1 (212 aa), 89% identity in aa 1 - 212	1
AE006468	AAL23229.1	putative outer membrane protein	similar to E. coli orf, hypothetical protein (AAC77177.1); Blastp hit to AAC77177.1 (577 aa), 90% identity in aa 3 - 577	1
AE006468	AAL23230.1	putative periplasmic protein	similar to E. coli orf, hypothetical protein (AAC77178.1); Blastp hit to AAC77178.1 (1259 aa), 86% identity in aa 1 - 1259	1
AE006468	AAL23231.1	putative cytoplasmic protein	similar to E. coli orf, hypothetical protein (AAC77179.1); Blastp hit to AAC77179.1 (113 aa), 92% identity in aa 1 - 113	1
AE006468	AAL23232.1	putative pemease	similar to E. coli D-galactonate transport (AAC76714.1); Blastp hit to AAC76714.1 (445 aa), 31% identity in aa 42 - 197, 21% identity in aa 257 - 442	1
AE006468	AAL23233.1	putative imidazolonepropionase and related amidohydrolases		1
AE006468	AAL23234.1	inorganic pyrophosphatase	similar to E. coli inorganic pyrophosphatase (AAC77183.1); Blastp hit to AAC77183.1 (176 aa), 94% identity in aa 1 - 176	1
AE006468	AAL23235.1	fructose-bisphosphatase	similar to E. coli fructose-bisphosphatase (AAC77189.1); Blastp hit to AAC77189.1 (332 aa), 97% identity in aa 1 - 332	1
AE006468	AAL23236.1	UDP-N-acetylmuramate:L-alanyl-gamma-D-glutamyl- meso-diaminopimelate ligase	similar to E. coli putative ligase (AAC77190.1); Blastp hit to AAC77190.1 (457 aa), 96% identity in aa 1 - 454	1
AE006468	AAL23237.1	putative transcriptional regulator	similar to E. coli orf, hypothetical protein (AAC75614.1); Blastp hit to AAC75614.1 (306 aa), 25% identity in aa 31 - 278	1
AE006468	AAL23238.1	sugar (and other) transporter	similar to E. coli xylose-proton symport (AAC77001.1); Blastp hit to AAC77001.1 (491 aa), 41% identity in aa 58 - 487, 47% identity in aa 5 - 103	1
AE006468	AAL23239.1	sugar (and other) transporter	similar to E. coli xylose-proton symport (AAC77001.1); Blastp hit to AAC77001.1 (491 aa), 33% identity in aa 58 - 486, 39% identity in aa 3 - 106	1
AE006468	AAL23240.1	putative inner membrane protein		1
AE006468	AAL23241.1	putative NAD-dependent aldehyde dehydrogenase	similar to E. coli phenylacetaldehyde dehydrogenase (AAC74467.1); Blastp hit to AAC74467.1 (500 aa), 34% identity in aa 22 - 500	1
AE006468	AAL23242.1	putative cytoplasmic protein	hypothetical protein	1
AE006468	AAL23243.1	putative AraC-type DNA-binding domain-containing protein	similar to E. coli putative ARAC-type regulatory protein (AAC74766.1); Blastp hit to AAC74766.1 (303 aa), 27% identity in aa 38 - 283	1
AE006468	AAL23244.1	putative endonuclease		1
AE006468	AAL23245.1	putative dehydrogenase	similar to E. coli putative dehydrogenase (AAC77236.1); Blastp hit to AAC77236.1 (377 aa), 26% identity in aa 10 - 197	1
AE006468	AAL23246.1	activated by transcription factor SsrB	similar to Homo sapiens lysosomal glucosyl ceramidase; SrfJ (gi|8347262)	1
AE006468	AAL23247.1	putative endonuclease		1
AE006468	AAL23248.1	putative permease	similar to E. coli putative transport protein (AAC75382.1); Blastp hit to AAC75382.1 (392 aa), 48% identity in aa 9 - 391	1
AE006468	AAL23250.2	putative sugar kinase	ribokinase family	1
AE006468	AAL23249.1	putative cytoplasmic protein		1
AE006468	AAL23251.2	putative thiamine pyrophosphate-requiring enzyme	similar to E. coli acetolactate synthase I, valine-sensitive, large subunit (AAC76694.1); Blastp hit to AAC76694.1 (562 aa), 27% identity in aa 26 - 326, 34% identity in aa 12 - 126	1
AE006468	AAL23252.1	putative thiamine pyrophosphate-requiring enzyme	similar to E. coli glyoxylate carboligase (AAC73609.1); Blastp hit to AAC73609.1 (593 aa), 33% identity in aa 421 - 539	1
AE006468	AAL23253.1	putative thiamine pyrophosphate-requiring enzyme	oxidoreductase family; similar to E. coli putative virulence factor (AAC74152.1); Blastp hit to AAC74152.1 (307 aa), 29% identity in aa 1 - 188, 52% identity in aa 272 - 296	1
AE006468	AAL23254.1	putative permease	similar to E. coli putative transport protein (AAC77235.1); Blastp hit to AAC77235.1 (425 aa), 22% identity in aa 167 - 417, 21% identity in aa 40 - 145	1
AE006468	AAL23255.1	putative cytoplasmic protein		1
AE006468	AAL23256.1	putative endonuclease		1
AE006468	AAL23257.1	putative cytoplasmic protein	similar to E. coli putative alpha helix protein (AAC77191.1); Blastp hit to AAC77191.1 (183 aa), 95% identity in aa 1 - 183	1
AE006468	AAL23258.1	putative peptide maturation protein	maturation of antibiotic MccB17; see tld genes; similar to E. coli maturation of antibiotic MccB17, see tld genes (AAC77192.1); Blastp hit to AAC77192.1 (450 aa), 95% identity in aa 1 - 450	1
AE006468	AAL23259.1	cytochrome b(562)	similar to E. coli cytochrome b(562) (AAC77193.1); Blastp hit to AAC77193.1 (100 aa), 86% identity in aa 1 - 100	1
AE006468	AAL23260.1	putative cytoplasmic protein	nitrogen regulation protein nr(ii) (SW:NTRB_SALTY)	1
AE006468	AAL23261.1	putative cytoplasmic protein		1
AE006468	AAL23262.1	putative cytoplasmic protein	hypothetical protein	1
AE006468	AAL23263.1	putative inner membrane protein		1
AE006468	AAL23264.1	putative inner membrane protein		1
AE006468	AAL23265.1	putative dihydroorotase		1
AE006468	AAL23266.1	putative selenocysteine synthase	[L-seryl-tRNA(Ser) selenium transferase]	1
AE006468	AAL23267.2	putative periplasmic protein		1
AE006468	AAL23268.1	putative phosphotransferase system mannitol/fructose-specific IIA domain (Ntr-type)		1
AE006468	AAL23269.1	putative copG family helix-turn-helix protein	similar to E. coli negative regulator of translation (AAC74637.1); Blastp hit to AAC74637.1 (79 aa), 46% identity in aa 1 - 79	1
AE006468	AAL23270.1	putative inner membrane protein	similar to E. coli orf, hypothetical protein (AAC74636.1); Blastp hit to AAC74636.1 (95 aa), 67% identity in aa 1 - 94	1
AE006468	AAL23271.1	anaerobic ribonucleotide reductase activating protein	similar to E. coli anaerobic ribonucleotide reductase activating protein (AAC77194.1); Blastp hit to AAC77194.1 (154 aa), 94% identity in aa 1 - 154	1
AE006468	AAL23272.1	anaerobic ribonucleoside-triphosphate reductase	similar to E. coli anaerobic ribonucleoside-triphosphate reductase (AAC77195.1); Blastp hit to AAC77195.1 (712 aa), 96% identity in aa 1 - 712	1
AE006468	AAL23273.1	trehalose- 6-P hydrolase	alternative inducer of maltose system; cytoplasmic; similar to E. coli trehalase 6-P hydrolase (AAC77196.1); Blastp hit to AAC77196.1 (551 aa), 84% identity in aa 1 - 551	1
AE006468	AAL23274.1	transcriptional repressor of treABC	GalR/LacI family; trehalose operon repressor. (SW:TRER_SALTY)	1
AE006468	AAL23275.1	P-type ATPase	Mg2+ ATPase transporter; Mg(2+) transport ATPase, P-type 1. (SW:ATMA_SALTY)	1
AE006468	AAL23276.1	putative transposase	unknown (gi|4558865)	1
AE006468	AAL23277.1	putative translation initiation inhibitor	similar to E. coli orf, hypothetical protein (AAC77200.1); Blastp hit to AAC77200.1 (141 aa), 93% identity in aa 14 - 141	1
AE006468	AAL23278.1	aspartate carbamoyltransferase, regulatory subunit	allosteric regulation; aspartate carbamoyltransferase regulatory chain. (SW:PYRI_SALTY)	1
AE006468	AAL23279.1	aspartate carbamoyltransferase, catalytic subunit	aspartate carbamoyltransferase catalytic chain. (SW:PYRB_SALTY)	1
AE006468	AAL23280.1	pyrBI operon leader peptide	pyrbi operon leader peptide (attenuator). (SW:LPPY_SALTY)	1
AE006468	AAL23281.1	putative cytoplasmic protein	similar to E. coli orf, hypothetical protein (AAC77204.1); Blastp hit to AAC77204.1 (110 aa), 56% identity in aa 1 - 41	1
AE006468	AAL23282.1	putative arginine repressor	similar to E. coli repressor of arg regulon; cer-mediated site specific recombination (AAC76269.1); Blastp hit to AAC76269.1 (156 aa), 33% identity in aa 4 - 135	1
AE006468	AAL23283.1	putative arginine repressor	similar to E. coli putative S-transferase (AAC75358.1); Blastp hit to AAC75358.1 (513 aa), 31% identity in aa 103 - 509, 30% identity in aa 19 - 48	1
AE006468	AAL23284.1	putative ornithine carbamoyltransferase	similar to E. coli ornithine carbamoyltransferase 1 (AAC77211.1); Blastp hit to AAC77211.1 (334 aa), 68% identity in aa 6 - 332	1
AE006468	AAL23285.1	putative carbamate kinase	similar to E. coli putative carbamate kinase (AAC73623.1); Blastp hit to AAC73623.1 (297 aa), 56% identity in aa 2 - 295	1
AE006468	AAL23286.1	putative arginine deiminase		1
AE006468	AAL23287.1	putative cytoplasmic protein	similar to E. coli orf, hypothetical protein (AAC77209.1); Blastp hit to AAC77209.1 (153 aa), 80% identity in aa 4 - 153	1
AE006468	AAL23288.1	ornithine carbamoyltransferase 1	ornithine carbamoyltransferase chain I. (SW:OTC1_SALTY)	1
AE006468	AAL23289.1	putative cytoplasmic protein	hypothetical 15.7 dda protein in argI-miaE intergenic region (ORF15.6). (SW:YJGD_SALTY)	1
AE006468	AAL23290.1	hydroxylase for synthesis of 2-methylthio-cis-ribozeatin in tRNA	tRNA-hydroxylase. (SW:MIAE_SALTY)	1
AE006468	AAL23291.1	putative inner membrane protein	hypothetical 17.8 kKa protein in miaE 3'region (ORF 17.8). (SW:YTGA_SALTY)	1
AE006468	AAL23292.1	putative acetyltransferase	hypothetical 18.3 Kda protein in miaE 3'region (ORF 18.3). (SW:YJGM_SALTY)	1
AE006468	AAL23293.1	putative inner membrane protein	hypothetical protein in miaE 3'region (ORF x). (SW:YJGN_SALTY)	1
AE006468	AAL23294.1	valine tRNA synthetase	similar to E. coli valine tRNA synthetase (AAC77215.1); Blastp hit to AAC77215.1 (951 aa), 96% identity in aa 1 - 951	1
AE006468	AAL23295.1	DNA polymerase III, chi subunit	similar to E. coli DNA polymerase III, chi subunit (AAC77216.1); Blastp hit to AAC77216.1 (147 aa), 95% identity in aa 1 - 147	1
AE006468	AAL23296.1	aminopeptidase A	similar to E. coli aminopeptidase A/I (AAC77217.1); Blastp hit to AAC77217.1 (503 aa), 98% identity in aa 1 - 503	1
AE006468	AAL23297.1	putative cytoplasmic protein	hypothetical protein	1
AE006468	AAL23298.1	putative permease	similar to E. coli orf, hypothetical protein (AAC77218.1); Blastp hit to AAC77218.1 (366 aa), 94% identity in aa 1 - 366	1
AE006468	AAL23299.1	putative permease	similar to E. coli orf, hypothetical protein (AAC77219.1); Blastp hit to AAC77219.1 (361 aa), 97% identity in aa 2 - 361	1
AE006468	AAL23300.1	L-idonate regulator	GalR/LacI family; similar to E. coli L-idonate transcriptional regulator (AAC77221.1); Blastp hit to AAC77221.1 (332 aa), 89% identity in aa 1 - 332	1
AE006468	AAL23301.1	GntP family L-idonate transport protein	similar to E. coli L-idonate transporter (AAC77222.1); Blastp hit to AAC77222.1 (439 aa), 94% identity in aa 1 - 439	1
AE006468	AAL23302.1	5-keto-D-gluconate-5-reductase	similar to E. coli 5-keto-D-gluconate 5-reductase (AAC77223.1); Blastp hit to AAC77223.1 (254 aa), 92% identity in aa 1 - 254	1
AE006468	AAL23303.1	L-idonate 5-dehydrogenase	similar to E. coli L-idonate dehydrogenase (AAC77224.1); Blastp hit to AAC77224.1 (343 aa), 82% identity in aa 1 - 343	1
AE006468	AAL23304.1	thermosensitive D-gluconate kinase	similar to E. coli gluconate kinase, thermosensitive glucokinase (AAC77225.1); Blastp hit to AAC77225.1 (187 aa), 86% identity in aa 1 - 171	1
AE006468	AAL23305.1	putative alcohol dehydrogenase	similar to E. coli putative oxidoreductase (AAC77226.1); Blastp hit to AAC77226.1 (353 aa), 91% identity in aa 15 - 353	1
AE006468	AAL23306.1	putative integrase	similar to E. coli putative prophage integrase (AAC75495.1); Blastp hit to AAC75495.1 (431 aa), 39% identity in aa 35 - 123	1
AE006468	AAL23307.1	putative superfamily I DNA helicases	similar to E. coli putative frameshift suppressor (AAC77264.1); Blastp hit to AAC77264.1 (338 aa), 68% identity in aa 1 - 338	1
AE006468	AAL23308.1	putative Mrr restriction endonuclease		1
AE006468	AAL23309.1	putative ATP-dependent Lon protease	similar to E. coli DNA-binding, ATP-dependent protease La; heat shock K-protein (AAC73542.1); Blastp hit to AAC73542.1 (784 aa), 27% identity in aa 610 - 757, 26% identity in aa 193 - 259, 50% identity in aa 352 - 363	1
AE006468	AAL23310.1	putative cytoplasmic protein		1
AE006468	AAL23311.1	putative cytoplasmic protein		1
AE006468	AAL23312.1	putative ABC-type sugar/spermidine/putrescine transport systems, ATPase component		1
AE006468	AAL23313.1	putative type II restriction enzyme, methylase subunit		1
AE006468	AAL23314.1	putative ATPase involved in DNA repair		1
AE006468	AAL23315.1	putative cytoplasmic protein		1
AE006468	AAL23316.1	putative inner membrane protein		1
AE006468	AAL23317.1	putative cytoplasmic protein	similar to E. coli orf, hypothetical protein (AAC75047.1); Blastp hit to AAC75047.1 (238 aa), 95% identity in aa 1 - 238	1
AE006468	AAL23318.1	putative SAM-dependent methyltransferase	similar to E. coli putative methyltransferase (AAC77262.1); Blastp hit to AAC77262.1 (248 aa), 30% identity in aa 1 - 138	1
AE006468	AAL23319.1	putative cytoplasmic protein		1
AE006468	AAL23320.1	putative cytoplasmic protein		1
AE006468	AAL23321.1	putative inner membrane protein	unknown (gi|5616505)	1
AE006468	AAL23322.1	putative cytoplasmic protein	IicA (gi|5616506)	1
AE006468	AAL23323.1	putative inner membrane or exported		1
AE006468	AAL23324.1	putative dienelactone hydrolase		1
AE006468	AAL23325.1	transcriptional repressor for uxu operon	similar to E. coli regulator for uxu operon (AAC77280.1); Blastp hit to AAC77280.1 (257 aa), 89% identity in aa 1 - 257	1
AE006468	AAL23326.1	putative tryptophanyl-tRNA synthetase	similar to E. coli tryptophan tRNA synthetase (AAC76409.1); Blastp hit to AAC76409.1 (334 aa), 26% identity in aa 2 - 329	1
AE006468	AAL23327.1	putative cytoplasmic protein		1
AE006468	AAL23328.1	putative aspartate racemase	similar to E. coli putative resistance proteins (AAC75879.1); Blastp hit to AAC75879.1 (230 aa), 29% identity in aa 1 - 218	1
AE006468	AAL23329.1	putative LysR family transcriptional regulator	similar to E. coli putative transcriptional regulator LYSR-type (AAC77283.1); Blastp hit to AAC77283.1 (303 aa), 81% identity in aa 1 - 302	1
AE006468	AAL23330.1	isoaspartyl dipeptidase	similar to E. coli isoaspartyl dipeptidase (AAC77284.1); Blastp hit to AAC77284.1 (390 aa), 81% identity in aa 1 - 390	1
AE006468	AAL23331.1	putative permease	similar to E. coli orf, hypothetical protein (AAC77285.1); Blastp hit to AAC77285.1 (153 aa), 96% identity in aa 1 - 153	1
AE006468	AAL23332.1	putative inner membrane protein	similar to E. coli orf, hypothetical protein (AAC77286.1); Blastp hit to AAC77286.1 (231 aa), 84% identity in aa 2 - 231	1
AE006468	AAL23333.1	putative sugar transporter	similar to E. coli putative transport protein (AAC77288.1); Blastp hit to AAC77288.1 (392 aa), 72% identity in aa 3 - 386	1
AE006468	AAL23334.1	putative inner membrane protein	similar to E. coli orf, hypothetical protein (AAC77292.1); Blastp hit to AAC77292.1 (426 aa), 89% identity in aa 1 - 423	1
AE006468	AAL23335.1	putative MFS family transport protein	similar to E. coli putative transport protein (AAC77293.1); Blastp hit to AAC77293.1 (410 aa), 86% identity in aa 3 - 410	1
AE006468	AAL23336.1	putative inner membrane protein	similar to E. coli orf, hypothetical protein (AAC75304.1); Blastp hit to AAC75304.1 (299 aa), 45% identity in aa 187 - 277, 73% identity in aa 1 - 42, 36% identity in aa 216 - 295	1
AE006468	AAL23337.1	putative NAD-dependent aldehyde dehydrogenase	similar to E. coli putative aldehyde dehydrogenase (AAC74598.1); Blastp hit to AAC74598.1 (470 aa), 42% identity in aa 19 - 465	1
AE006468	AAL23338.1	putative cytoplasmic protein	hypothetical protein	1
AE006468	AAL23339.1	putative cytoplasmic protein	similar to E. coli orf, hypothetical protein (AAC77297.1); Blastp hit to AAC77297.1 (54 aa), 55% identity in aa 1 - 54	1
AE006468	AAL23340.1	putative inner membrane protein		1
AE006468	AAL23341.1	putative SOS response protein	LexA regulated; similar to E. coli orf, hypothetical protein (AAC77303.1); Blastp hit to AAC77303.1 (132 aa), 79% identity in aa 20 - 129	1
AE006468	AAL23342.1	specificity determinant for hsdM and hsdR	type I restriction enzyme STYSJI specificity protein. (SW:T1S_SALTY)	1
AE006468	AAL23343.1	DNA methylase M, host modification	type I restriction enzyme STYSJI Mm protein. (SW:T1M_SALTY)	1
AE006468	AAL23344.1	endonuclease R	host restriction; similar to E. coli host restriction; endonuclease R (AAC77306.1); Blastp hit to AAC77306.1 (1188 aa), 91% identity in aa 20 - 1188	1
AE006468	AAL23345.1	restriction of methylated adenine	similar to E. coli restriction of methylated adenine (AAC77307.1); Blastp hit to AAC77307.1 (304 aa), 77% identity in aa 1 - 304	1
AE006468	AAL23346.1	putative inner membrane protein		1
AE006468	AAL23347.1	putative cytoplasmic protein		1
AE006468	AAL23348.1	putative cobalamin synthesis protein	similar to E. coli orf, hypothetical protein (AAC77308.1); Blastp hit to AAC77308.1 (284 aa), 90% identity in aa 1 - 284	1
AE006468	AAL23349.1	putative cytoplasmic protein	similar to E. coli orf, hypothetical protein (AAC77309.1); Blastp hit to AAC77309.1 (67 aa), 94% identity in aa 1 - 67	1
AE006468	AAL23350.1	putative carbon starvation protein	similar to E. coli putative carbon starvation protein (AAC77310.1); Blastp hit to AAC77310.1 (721 aa), 96% identity in aa 6 - 721	1
AE006468	AAL23351.1	methyl-accepting chemotaxis protein I	serine sensor receptor; similar to E. coli methyl-accepting chemotaxis protein I, serine sensor receptor (AAC77311.1); Blastp hit to AAC77311.1 (551 aa), 86% identity in aa 1 - 551	1
AE006468	AAL23352.1	putative NtrC family transcriptional regulator, ATPase domain protein	similar to E. coli psp operon transcriptional activator (AAC74385.1); Blastp hit to AAC74385.1 (330 aa), 38% identity in aa 13 - 242	1
AE006468	AAL23353.1	putative PTS permease	similar to E. coli PTS enzyme IIAB, mannose-specific (AAC74887.1); Blastp hit to AAC74887.1 (323 aa), 22% identity in aa 6 - 127	1
AE006468	AAL23354.1	putative PTS permease	similar to E. coli PTS enzyme IIAB, mannose-specific (AAC74887.1); Blastp hit to AAC74887.1 (323 aa), 30% identity in aa 162 - 311	1
AE006468	AAL23355.1	putative PTS permease	similar to E. coli PTS system N-acetylgalactosamine-specific IIC component 1 (AAC76173.1); Blastp hit to AAC76173.1 (267 aa), 31% identity in aa 6 - 263	1
AE006468	AAL23356.1	putative PTS permease	similar to E. coli PTS enzyme IID, mannose-specific (AAC74889.1); Blastp hit to AAC74889.1 (286 aa), 41% identity in aa 6 - 283	1
AE006468	AAL23357.1	putative glucosamine-fructose-6-phosphate aminotransferase	similar to E. coli L-glutamine:D-fructose-6-phosphate aminotransferase (AAC76752.1); Blastp hit to AAC76752.1 (609 aa), 24% identity in aa 262 - 596	1
AE006468	AAL23358.1	putative glucosamine-fructose-6-phosphate aminotransferase	similar to E. coli putative transport protein (AAC76396.1); Blastp hit to AAC76396.1 (347 aa), 26% identity in aa 42 - 341	1
AE006468	AAL23359.1	phosphoglycerol transferase I	similar to E. coli phosphoglycerol transferase I (AAC77315.1); Blastp hit to AAC77315.1 (750 aa), 92% identity in aa 1 - 749	1
AE006468	AAL23360.1	putative outer membrane protein	similar to E. coli putative glycoprotein/receptor (AAC77316.1); Blastp hit to AAC77316.1 (165 aa), 68% identity in aa 3 - 165	1
AE006468	AAL23361.1	chromosome replication protein	initiation and chain elongation; similar to E. coli chromosome replication; initiation and chain elongation (AAC77317.1); Blastp hit to AAC77317.1 (245 aa), 93% identity in aa 1 - 245	1
AE006468	AAL23362.1	primosomal protein I	similar to E. coli DNA biosynthesis; primosomal protein i (AAC77318.1); Blastp hit to AAC77318.1 (179 aa), 81% identity in aa 1 - 179	1
AE006468	AAL23363.1	putative inner membrane protein	similar to E. coli orf, hypothetical protein (AAC77319.1); Blastp hit to AAC77319.1 (108 aa), 89% identity in aa 1 - 108	1
AE006468	AAL23364.1	putative membrane protein	similar to E. coli putative structural protein (AAC77320.1); Blastp hit to AAC77320.1 (277 aa), 90% identity in aa 19 - 277	1
AE006468	AAL23365.1	putative LuxR/UhpA family transcriptional regulator	similar to E. coli putative regulator (AAC77321.1); Blastp hit to AAC77321.1 (241 aa), 66% identity in aa 1 - 241	1
AE006468	AAL23366.1	transcriptional regulator (activator) of bgl operon	LuxR/UhpA family; similar to E. coli 2-component transcriptional regulator (AAC77322.1); Blastp hit to AAC77322.1 (225 aa), 63% identity in aa 1 - 223	1
AE006468	AAL23367.1	putative cytoplasmic protein		1
AE006468	AAL23368.1	ferric hydrozamate transport protein	involved in reduction of ferric iron in cytoplasmic ferrioxamine B; similar to E. coli orf, hypothetical protein (AAC77323.1); Blastp hit to AAC77323.1 (262 aa), 73% identity in aa 1 - 262	1
AE006468	AAL23369.1	putative diguanylate cyclase/phosphodiesterase domain 1 containing protein	similar to E. coli orf, hypothetical protein (AAC74110.1); Blastp hit to AAC74110.1 (452 aa), 41% identity in aa 274 - 444, 24% identity in aa 14 - 102	1
AE006468	AAL23370.1	putative inner membrane protein		1
AE006468	AAL23371.1	16S ribosomal rRNA	m2G 1207 methylase; similar to E. coli putative enzyme (AAC77324.1); Blastp hit to AAC77324.1 (343 aa), 90% identity in aa 1 - 342	1
AE006468	AAL23372.1	DNA polymerase III, psi subunit	similar to E. coli DNA polymerase III, psi subunit (AAC77325.1); Blastp hit to AAC77325.1 (137 aa), 78% identity in aa 1 - 137	1
AE006468	AAL23373.1	modification of 30S ribosomal subunit protein S18	acetylation of N-terminal alanine; similar to E. coli acyltransferase for 30S ribosomal subunit protein S18; acetylation of N-terminal alanine (AAC77326.1); Blastp hit to AAC77326.1 (148 aa), 86% identity in aa 1 - 148	1
AE006468	AAL23374.1	putative haloacid dehalogenase-like hydrolase	similar to E. coli putative phosphatase (AAC77327.1); Blastp hit to AAC77327.1 (225 aa), 91% identity in aa 1 - 225	1
AE006468	AAL23375.1	peptide chain release factor RF-3	peptide chain release factor 3 (RF-3). (SW:RF3_SALTY)	1
AE006468	AAL23376.1	hyperosmotically inducible periplasmic protein	RpoS-dependent stationary phase gene; similar to E. coli hyperosmotically inducible periplasmic protein (AAC77329.1); Blastp hit to AAC77329.1 (201 aa), 89% identity in aa 1 - 201	1
AE006468	AAL23377.1	putative inner membrane protein		1
AE006468	AAL23378.1	putative phosphoesterase	similar to E. coli orf, hypothetical protein (AAC77330.1); Blastp hit to AAC77330.1 (357 aa), 85% identity in aa 1 - 357	1
AE006468	AAL23379.1	putative hydrolase	similar to E. coli orf, hypothetical protein (AAC77331.1); Blastp hit to AAC77331.1 (211 aa), 76% identity in aa 1 - 210	1
AE006468	AAL23380.1	pyruvate formate lyase activating enzyme	similar to E. coli putative activating enzyme (AAC77332.1); Blastp hit to AAC77332.1 (287 aa), 81% identity in aa 1 - 287	1
AE006468	AAL23381.1	putative cytoplasmic protein	similar to E. coli orf, hypothetical protein (AAC77333.1); Blastp hit to AAC77333.1 (516 aa), 89% identity in aa 1 - 516	1
AE006468	AAL23382.1	2-deoxyribose-5-phosphate aldolase	similar to E. coli 2-deoxyribose-5-phosphate aldolase (AAC77334.1); Blastp hit to AAC77334.1 (259 aa), 96% identity in aa 1 - 259	1
AE006468	AAL23383.1	thymidine phosphorylase	similar to E. coli thymidine phosphorylase (AAC77335.1); Blastp hit to AAC77335.1 (440 aa), 95% identity in aa 1 - 440	1
AE006468	AAL23384.1	phosphopentomutase	similar to E. coli phosphopentomutase (AAC77336.1); Blastp hit to AAC77336.1 (407 aa), 93% identity in aa 1 - 406	1
AE006468	AAL23385.1	purine-nucleoside phosphorylase	similar to E. coli purine-nucleoside phosphorylase (AAC77337.1); Blastp hit to AAC77337.1 (239 aa), 96% identity in aa 1 - 239	1
AE006468	AAL23386.1	putative outer membrane protein	hypothetical protein	1
AE006468	AAL23387.1	putative fimbrial usher protein	similar to E. coli putative outer membrane protein (AAC76248.1); Blastp hit to AAC76248.1 (793 aa), 40% identity in aa 29 - 793	1
AE006468	AAL23388.1	putative fimbrial chaparone protein	similar to E. coli putative chaperone (AAC76247.1); Blastp hit to AAC76247.1 (224 aa), 49% identity in aa 1 - 223	1
AE006468	AAL23389.1	putative outer membrane protein	similar to E. coli putative transcriptional regulator (AAC76251.1); Blastp hit to AAC76251.1 (238 aa), 32% identity in aa 1 - 238	1
AE006468	AAL23390.1	putative outer membrane protein	similar to E. coli putative transcriptional regulator (AAC76251.1); Blastp hit to AAC76251.1 (238 aa), 31% identity in aa 5 - 238	1
AE006468	AAL23391.1	lipoate-protein ligase A	similar to E. coli lipoate-protein ligase A (AAC77339.1); Blastp hit to AAC77339.1 (338 aa), 93% identity in aa 1 - 338	1
AE006468	AAL23392.2	membrane protein	transcribed divergently from serB; similar to E. coli orf, hypothetical protein (AAC77340.1); Blastp hit to AAC77340.1 (214 aa), 90% identity in aa 1 - 214	1
AE006468	AAL23393.1	3-phosphoserine phosphatase	similar to E. coli 3-phosphoserine phosphatase (AAC77341.1); Blastp hit to AAC77341.1 (322 aa), 93% identity in aa 1 - 322	1
AE006468	AAL23394.1	putative ATP-dependent protease	DNA repair protein; DNA repair protein RADA. (SW:RADA_SALTY)	1
AE006468	AAL23395.1	trifunctional protein	contains regulator of nadAB transcription activity, regulator of PnuC activity, and NMN adenylyltransferase activity; transcriptional regulator NDAR. (SW:NADR_SALTY)	1
AE006468	AAL23396.1	putative transport protein	ABC superfamily (atp_bind); similar to E. coli putative ATP-binding component of a transport system (AAC77344.1); Blastp hit to AAC77344.1 (555 aa), 97% identity in aa 1 - 555	1
AE006468	AAL23397.1	soluble lytic murein transglycosylase	similar to E. coli soluble lytic murein transglycosylase (AAC77345.1); Blastp hit to AAC77345.1 (654 aa), 89% identity in aa 1 - 654	1
AE006468	AAL23398.1	transcriptional repressor for trp operon and aroH	TrpR family; similar to E. coli regulator for trp operon and aroH; trp aporepressor (AAC77346.1); Blastp hit to AAC77346.1 (108 aa), 84% identity in aa 1 - 107	1
AE006468	AAL23399.1	putative cytoplasmic protein	similar to E. coli orf, hypothetical protein (AAC77347.1); Blastp hit to AAC77347.1 (173 aa), 88% identity in aa 4 - 173	1
AE006468	AAL23400.1	putative phosphoglyceromutase 2	similar to E. coli phosphoglyceromutase 2 (AAC77348.1); Blastp hit to AAC77348.1 (215 aa), 91% identity in aa 1 - 215	1
AE006468	AAL23401.1	transcriptional regulator	AraC/XylS family; similar to E. coli right origin-binding protein (AAC77349.1); Blastp hit to AAC77349.1 (289 aa), 92% identity in aa 1 - 289	1
AE006468	AAL23402.1	putative periplasmic protein	similar to E. coli orf, hypothetical protein (AAC77350.1); Blastp hit to AAC77350.1 (157 aa), 89% identity in aa 1 - 157	1
AE006468	AAL23403.1	response regulator in two-component regulatory system with CreC	OmpR family; similar to E. coli catabolic regulation response regulator (AAC77351.1); Blastp hit to AAC77351.1 (229 aa), 83% identity in aa 1 - 229	1
AE006468	AAL23404.1	sensory kinase (alternative) in two-component regulatory system with CreB (or alternatively PhoB)	senses catabolite repression; similar to E. coli catabolite repression sensor kinase for PhoB; alternative sensor for pho regulon (AAC77352.1); Blastp hit to AAC77352.1 (474 aa), 80% identity in aa 1 - 474	1
AE006468	AAL23405.1	tolerance to colicin E2 protein	similar to E. coli tolerance to colicin E2 (AAC77353.1); Blastp hit to AAC77353.1 (450 aa), 73% identity in aa 1 - 450	1
AE006468	AAL23406.1	putative major fimbrial subunit		1
AE006468	AAL23407.1	putative fimbrial subunit	similar to E. coli fimbrial morphology (AAC77275.1); Blastp hit to AAC77275.1 (167 aa), 31% identity in aa 18 - 166	1
AE006468	AAL23408.1	putative fimbrial usher protein	similar to E. coli putative outer membrane protein, export function (AAC73634.1); Blastp hit to AAC73634.1 (867 aa), 38% identity in aa 35 - 862	1
AE006468	AAL23409.1	putative fimbrial chaparone protein	similar to E. coli periplasmic chaperone, required for type 1 fimbriae (AAC77272.1); Blastp hit to AAC77272.1 (241 aa), 33% identity in aa 26 - 234	1
AE006468	AAL23410.1	putative fimbrial chaparone protein	similar to E. coli fimbrial morphology (AAC77274.1); Blastp hit to AAC77274.1 (176 aa), 29% identity in aa 1 - 176	1
AE006468	AAL23411.1	putative inner membrane protein	similar to E. coli orf, hypothetical protein (AAC73478.1); Blastp hit to AAC73478.1 (222 aa), 31% identity in aa 55 - 222	1
AE006468	AAL23412.1	putative periplasmic protein		1
AE006468	AAL23413.1	response regulator (OmpR family) in two-component regulatory system with ArcB (or CpxA)	regulates genes in aerobic pathways; similar to E. coli negative response regulator of genes in aerobic pathways, (sensors, ArcB and CpxA) (AAC77354.1); Blastp hit to AAC77354.1 (238 aa), 99% identity in aa 1 - 238	1
AE006468	AAL23414.1	putative inner membrane protein	similar to E. coli orf, hypothetical protein (AAC77355.1); Blastp hit to AAC77355.1 (46 aa), 97% identity in aa 1 - 46	1
AE006468	AAL23415.1	putative tRNA/tRNA methyltransferase	similar to E. coli orf, hypothetical protein (AAC77356.1); Blastp hit to AAC77356.1 (228 aa), 82% identity in aa 1 - 228	1
